frame_index,timestamp_ms,tracked,hand_index,handedness,handedness_score,landmark_index,normalized_x,normalized_y,normalized_z,pixel_x,pixel_y,world_x_m,world_y_m,world_z_m
0,510759147,false,-1,,,,,,,,,,,
1,510759319,false,-1,,,,,,,,,,,
2,510759395,false,-1,,,,,,,,,,,
3,510759463,false,-1,,,,,,,,,,,
4,510759529,false,-1,,,,,,,,,,,
5,510759598,false,-1,,,,,,,,,,,
6,510759658,false,-1,,,,,,,,,,,
7,510759726,false,-1,,,,,,,,,,,
8,510759800,false,-1,,,,,,,,,,,
9,510759862,false,-1,,,,,,,,,,,
10,510759932,false,-1,,,,,,,,,,,
11,510759993,false,-1,,,,,,,,,,,
12,510760070,false,-1,,,,,,,,,,,
13,510760127,false,-1,,,,,,,,,,,
14,510760197,false,-1,,,,,,,,,,,
15,510760266,true,0,Left,0.978040,0,0.87385726,1.07528508,0.00000079,1677,1161,0.02956056,0.06116201,0.07481251
15,510760266,true,0,Left,0.978040,1,0.77523333,1.06478572,-0.05044853,1488,1149,-0.00065535,0.05577067,0.04879984
15,510760266,true,0,Left,0.978040,2,0.68440455,1.00574374,-0.09534669,1314,1086,-0.02104616,0.04811221,0.02635610
15,510760266,true,0,Left,0.978040,3,0.61382180,0.97439891,-0.13702781,1178,1052,-0.03968053,0.04191104,-0.00853826
15,510760266,true,0,Left,0.978040,4,0.54807818,0.97425556,-0.18449359,1052,1052,-0.05754874,0.03250363,-0.03227346
15,510760266,true,0,Left,0.978040,5,0.68543983,0.68265647,-0.09948010,1316,737,-0.02930882,0.00533979,-0.00143249
15,510760266,true,0,Left,0.978040,6,0.60994041,0.48092699,-0.15429349,1171,519,-0.04255116,-0.02172774,-0.01120320
15,510760266,true,0,Left,0.978040,7,0.56304771,0.35991639,-0.19377452,1081,388,-0.05382443,-0.03767192,-0.02037577
15,510760266,true,0,Left,0.978040,8,0.51831412,0.24516553,-0.22301854,995,264,-0.06781684,-0.04608878,-0.04952610
15,510760266,true,0,Left,0.978040,9,0.76786464,0.63779134,-0.11574941,1474,688,-0.00643574,-0.00415626,0.00204723
15,510760266,true,0,Left,0.978040,10,0.72028315,0.38270342,-0.16274546,1382,413,-0.01578966,-0.04197543,-0.01193404
15,510760266,true,0,Left,0.978040,11,0.68379205,0.22797796,-0.20194185,1312,246,-0.03189801,-0.05690257,-0.03200033
15,510760266,true,0,Left,0.978040,12,0.64992243,0.08286235,-0.23139748,1247,89,-0.04124551,-0.07413648,-0.05208924
15,510760266,true,0,Left,0.978040,13,0.85675889,0.66196090,-0.13518584,1644,714,0.01813497,-0.00488014,-0.00065388
15,510760266,true,0,Left,0.978040,14,0.82540381,0.41181287,-0.18594542,1584,444,0.00794391,-0.03456283,-0.01184124
15,510760266,true,0,Left,0.978040,15,0.79544330,0.25878087,-0.22427703,1527,279,-0.00279136,-0.05093626,-0.03420049
15,510760266,true,0,Left,0.978040,16,0.76622576,0.11465964,-0.25023600,1471,123,-0.01215615,-0.06702421,-0.05775318
15,510760266,true,0,Left,0.978040,17,0.94623005,0.72633219,-0.15694010,1816,784,0.03723377,0.00934030,0.00543287
15,510760266,true,0,Left,0.978040,18,0.95819807,0.53660816,-0.20758319,1839,579,0.03820933,-0.01484876,-0.00240694
15,510760266,true,0,Left,0.978040,19,0.95970118,0.40548539,-0.23137344,1842,437,0.03346230,-0.03441360,-0.01748797
15,510760266,true,0,Left,0.978040,20,0.95538563,0.27688688,-0.24584329,1834,299,0.03105386,-0.04808562,-0.03899069
16,510760323,true,0,Left,0.971089,0,0.84858545,1.04841046,0.00000097,1629,1132,0.02951373,0.06433523,0.06622174
16,510760323,true,0,Left,0.971089,1,0.73799443,1.02571474,-0.05193113,1416,1107,-0.00144765,0.05836654,0.04195546
16,510760323,true,0,Left,0.971089,2,0.63839031,0.96245242,-0.09983030,1225,1039,-0.02278408,0.05015081,0.02241798
16,510760323,true,0,Left,0.971089,3,0.55397090,0.93200706,-0.14450765,1063,1006,-0.04360947,0.04316738,-0.00961093
16,510760323,true,0,Left,0.971089,4,0.47669996,0.92390700,-0.19518859,915,997,-0.06330492,0.03496143,-0.02826294
16,510760323,true,0,Left,0.971089,5,0.66273913,0.60112420,-0.10050040,1272,649,-0.02932903,0.00601835,-0.00084889
16,510760323,true,0,Left,0.971089,6,0.59028984,0.40243403,-0.15797651,1133,434,-0.04187777,-0.02124043,-0.01026887
16,510760323,true,0,Left,0.971089,7,0.54389580,0.26859323,-0.20188459,1044,290,-0.05253068,-0.03721738,-0.01977626
16,510760323,true,0,Left,0.971089,8,0.49903171,0.14193038,-0.23459657,958,153,-0.06656382,-0.04681865,-0.04921323
16,510760323,true,0,Left,0.971089,9,0.74563694,0.54970314,-0.11755669,1431,593,-0.00597707,-0.00401146,0.00217960
16,510760323,true,0,Left,0.971089,10,0.69435711,0.29298294,-0.17088755,1333,316,-0.01630038,-0.04147106,-0.01140083
16,510760323,true,0,Left,0.971089,11,0.65341874,0.11409486,-0.21807076,1254,123,-0.03264691,-0.05686288,-0.03128970
16,510760323,true,0,Left,0.971089,12,0.61275973,-0.06149314,-0.25202329,1176,-66,-0.04288291,-0.07527148,-0.05100997
16,510760323,true,0,Left,0.971089,13,0.83498807,0.56778575,-0.13769098,1603,613,0.01806471,-0.00541599,-0.00072498
16,510760323,true,0,Left,0.971089,14,0.79430898,0.30486211,-0.19567357,1525,329,0.00795526,-0.03465044,-0.01065821
16,510760323,true,0,Left,0.971089,15,0.75554793,0.11586826,-0.24158153,1450,125,-0.00470290,-0.05300203,-0.03087062
16,510760323,true,0,Left,0.971089,16,0.71716965,-0.06970563,-0.27201784,1376,-75,-0.01552903,-0.07321095,-0.04989875
16,510760323,true,0,Left,0.971089,17,0.92671468,0.63566865,-0.15965905,1779,686,0.03759157,0.00860512,0.00355190
16,510760323,true,0,Left,0.971089,18,0.93264534,0.43133926,-0.21497814,1790,465,0.03798116,-0.01557923,-0.00275077
16,510760323,true,0,Left,0.971089,19,0.92718711,0.28600862,-0.24067115,1780,308,0.03316484,-0.03531817,-0.01667606
16,510760323,true,0,Left,0.971089,20,0.91586482,0.13599873,-0.25581846,1758,146,0.02909812,-0.05038701,-0.03585639
17,510760393,true,0,Left,0.985046,0,0.80488642,1.01889287,0.00000103,1545,1100,0.02770830,0.07170078,0.03688094
17,510760393,true,0,Left,0.985046,1,0.68534442,0.98709609,-0.06091831,1315,1066,-0.00375260,0.06229990,0.02370721
17,510760393,true,0,Left,0.985046,2,0.57176699,0.90939694,-0.11739623,1097,982,-0.02713429,0.05352666,0.01532923
17,510760393,true,0,Left,0.985046,3,0.46191389,0.86889528,-0.16918102,886,938,-0.05295677,0.04426533,-0.00259843
17,510760393,true,0,Left,0.985046,4,0.36275860,0.82548595,-0.22518159,696,891,-0.07654724,0.03494160,-0.00334524
17,510760393,true,0,Left,0.985046,5,0.62885189,0.52302014,-0.10258231,1207,564,-0.02939638,0.00621813,0.00232429
17,510760393,true,0,Left,0.985046,6,0.55623555,0.30656147,-0.16269450,1067,331,-0.04185577,-0.02158116,-0.00573967
17,510760393,true,0,Left,0.985046,7,0.50373041,0.16726780,-0.20979752,967,180,-0.05228649,-0.03764238,-0.01515755
17,510760393,true,0,Left,0.985046,8,0.45878675,0.03914014,-0.24448434,880,42,-0.06698362,-0.04763747,-0.04417773
17,510760393,true,0,Left,0.985046,9,0.71229716,0.46644366,-0.11626596,1367,503,-0.00538031,-0.00354965,0.00307948
17,510760393,true,0,Left,0.985046,10,0.65843849,0.20651816,-0.17208799,1264,223,-0.01663198,-0.04046072,-0.00873709
17,510760393,true,0,Left,0.985046,11,0.61706038,0.02479067,-0.21942502,1184,26,-0.03290070,-0.05624292,-0.02807948
17,510760393,true,0,Left,0.985046,12,0.57944695,-0.13817996,-0.25371268,1112,-149,-0.04412421,-0.07484653,-0.04630335
17,510760393,true,0,Left,0.985046,13,0.79961606,0.47360461,-0.13376577,1535,511,0.01800704,-0.00579241,-0.00197619
17,510760393,true,0,Left,0.985046,14,0.76342014,0.21399033,-0.19160131,1465,231,0.00818106,-0.03445157,-0.01137118
17,510760393,true,0,Left,0.985046,15,0.73174931,0.02827229,-0.23479608,1404,30,-0.00453670,-0.05301064,-0.03032438
17,510760393,true,0,Left,0.985046,16,0.69948953,-0.14025698,-0.26375373,1343,-151,-0.01492556,-0.07343541,-0.04736184
17,510760393,true,0,Left,0.985046,17,0.88651664,0.52207399,-0.15366787,1702,563,0.03655575,0.00733118,-0.00335163
17,510760393,true,0,Left,0.985046,18,0.88633088,0.30833238,-0.20798108,1701,332,0.03622451,-0.01661646,-0.00725167
17,510760393,true,0,Left,0.985046,19,0.87503059,0.14537638,-0.23403040,1680,157,0.03152137,-0.03674740,-0.01877484
17,510760393,true,0,Left,0.985046,20,0.85913625,-0.01717147,-0.25025815,1649,-18,0.02509958,-0.05332877,-0.03544711
18,510760460,true,0,Left,0.985573,0,0.78839300,0.98055942,0.00000101,1513,1059,0.02631532,0.07614453,0.02020868
18,510760460,true,0,Left,0.985573,1,0.66005610,0.94410258,-0.07046311,1267,1019,-0.00557240,0.06448185,0.01022010
18,510760460,true,0,Left,0.985573,2,0.53459469,0.85452381,-0.13067912,1026,922,-0.03035320,0.05498901,0.00745916
18,510760460,true,0,Left,0.985573,3,0.41678674,0.79015862,-0.18449963,800,853,-0.05764607,0.04469523,-0.00200184
18,510760460,true,0,Left,0.985573,4,0.31788900,0.72099050,-0.24027082,610,778,-0.08181693,0.03365033,0.00250963
18,510760460,true,0,Left,0.985573,5,0.60461630,0.44116172,-0.09917984,1160,476,-0.02874759,0.00676447,0.00381007
18,510760460,true,0,Left,0.985573,6,0.52965494,0.22731264,-0.15963917,1016,245,-0.04121857,-0.02168759,-0.00289441
18,510760460,true,0,Left,0.985573,7,0.47529420,0.09433401,-0.20741308,912,101,-0.05194281,-0.03788453,-0.01328564
18,510760460,true,0,Left,0.985573,8,0.43083920,-0.02596094,-0.24262633,827,-28,-0.06641570,-0.04733146,-0.04304750
18,510760460,true,0,Left,0.985573,9,0.68759003,0.38083142,-0.10619142,1320,411,-0.00512251,-0.00345453,0.00414740
18,510760460,true,0,Left,0.985573,10,0.63651667,0.12017519,-0.16273987,1222,129,-0.01643121,-0.03977132,-0.00717134
18,510760460,true,0,Left,0.985573,11,0.60062001,-0.04751775,-0.20895590,1153,-51,-0.03204094,-0.05563519,-0.02791344
18,510760460,true,0,Left,0.985573,12,0.57105634,-0.19435215,-0.24213517,1096,-209,-0.04246389,-0.07364978,-0.04683811
18,510760460,true,0,Left,0.985573,13,0.77404023,0.38490800,-0.11880484,1486,415,0.01810121,-0.00598024,-0.00231050
18,510760460,true,0,Left,0.985573,14,0.74586418,0.12224822,-0.17307036,1432,132,0.00873476,-0.03417838,-0.01232962
18,510760460,true,0,Left,0.985573,15,0.72307889,-0.05145643,-0.20901928,1388,-55,-0.00282364,-0.05261083,-0.03100090
18,510760460,true,0,Left,0.985573,16,0.69885802,-0.20746839,-0.23314901,1341,-224,-0.01270865,-0.07284513,-0.04716531
18,510760460,true,0,Left,0.985573,17,0.86126763,0.43615210,-0.13621724,1653,471,0.03534182,0.00665405,-0.00794531
18,510760460,true,0,Left,0.985573,18,0.86114565,0.21469778,-0.18402972,1653,231,0.03538508,-0.01692188,-0.01041778
18,510760460,true,0,Left,0.985573,19,0.85011855,0.05522497,-0.20580412,1632,59,0.03071304,-0.03726892,-0.02086998
18,510760460,true,0,Left,0.985573,20,0.83505790,-0.10047325,-0.21972335,1603,-108,0.02320540,-0.05496570,-0.03566307
19,510760527,true,0,Left,0.985212,0,0.78613780,0.95948612,0.00000096,1509,1036,0.02606144,0.08059925,0.01445964
19,510760527,true,0,Left,0.985212,1,0.64932337,0.91156344,-0.07259024,1246,984,-0.00615140,0.06687879,0.00536686
19,510760527,true,0,Left,0.985212,2,0.51607289,0.80903587,-0.13091409,990,873,-0.03172752,0.05709288,0.00406068
19,510760527,true,0,Left,0.985212,3,0.39533300,0.74195758,-0.18321935,759,801,-0.06034322,0.04570252,-0.00193334
19,510760527,true,0,Left,0.985212,4,0.29409258,0.67289664,-0.23642777,564,726,-0.08489719,0.03404602,0.00404663
19,510760527,true,0,Left,0.985212,5,0.58966600,0.36889706,-0.08384728,1132,398,-0.02823227,0.00719006,0.00497983
19,510760527,true,0,Left,0.985212,6,0.51285198,0.16188981,-0.14202474,984,174,-0.04082481,-0.02132693,-0.00167624
19,510760527,true,0,Left,0.985212,7,0.45704529,0.03957041,-0.19284290,877,42,-0.05194012,-0.03696948,-0.01312823
19,510760527,true,0,Left,0.985212,8,0.41035782,-0.06549752,-0.22981142,787,-70,-0.06638026,-0.04511429,-0.04380582
19,510760527,true,0,Left,0.985212,9,0.67549470,0.30292707,-0.08797007,1296,327,-0.00491915,-0.00340540,0.00496910
19,510760527,true,0,Left,0.985212,10,0.62512528,0.04648078,-0.13957879,1200,50,-0.01632211,-0.03911993,-0.00703737
19,510760527,true,0,Left,0.985212,11,0.59057986,-0.10632431,-0.18445332,1133,-114,-0.03115597,-0.05396263,-0.02883714
19,510760527,true,0,Left,0.985212,12,0.56328332,-0.23104181,-0.21674181,1081,-249,-0.04126201,-0.06968927,-0.04898852
19,510760527,true,0,Left,0.985212,13,0.76521244,0.30342163,-0.10122467,1469,327,0.01801770,-0.00609512,-0.00278024
19,510760527,true,0,Left,0.985212,14,0.73663644,0.04491028,-0.14960677,1414,48,0.00905970,-0.03371420,-0.01357904
19,510760527,true,0,Left,0.985212,15,0.71928504,-0.11391491,-0.18196168,1381,-123,-0.00140508,-0.05160217,-0.03258501
19,510760527,true,0,Left,0.985212,16,0.69989708,-0.25311449,-0.20449750,1343,-273,-0.01010370,-0.07056246,-0.04951447
19,510760527,true,0,Left,0.985212,17,0.85469036,0.35688260,-0.12100099,1641,385,0.03472198,0.00611107,-0.01101119
19,510760527,true,0,Left,0.985212,18,0.85492855,0.13837816,-0.16325375,1641,149,0.03499683,-0.01732773,-0.01319534
19,510760527,true,0,Left,0.985212,19,0.84986267,-0.00901038,-0.18192124,1631,-9,0.03096559,-0.03718506,-0.02390465
19,510760527,true,0,Left,0.985212,20,0.84174929,-0.14738157,-0.19385894,1616,-159,0.02367014,-0.05399557,-0.03826369
20,510760594,true,0,Left,0.975766,0,0.79347844,0.93882361,0.00000090,1523,1013,0.02606036,0.08279991,0.01587654
20,510760594,true,0,Left,0.975766,1,0.65203031,0.89089072,-0.07370404,1251,962,-0.00606651,0.06840517,0.00549420
20,510760594,true,0,Left,0.975766,2,0.51323484,0.77524105,-0.13059173,985,837,-0.03206244,0.05799264,0.00402236
20,510760594,true,0,Left,0.975766,3,0.38842292,0.69104665,-0.18149843,745,746,-0.06098330,0.04586491,-0.00145111
20,510760594,true,0,Left,0.975766,4,0.28315961,0.61321266,-0.23263929,543,662,-0.08640588,0.03385137,0.00338899
20,510760594,true,0,Left,0.975766,5,0.58620798,0.32011689,-0.07626331,1125,345,-0.02770356,0.00712689,0.00545594
20,510760594,true,0,Left,0.975766,6,0.50805078,0.09808407,-0.13383183,975,105,-0.04000783,-0.02123918,-0.00149015
20,510760594,true,0,Left,0.975766,7,0.45565285,-0.03344758,-0.18557387,874,-36,-0.05108174,-0.03666478,-0.01346650
20,510760594,true,0,Left,0.975766,8,0.41431968,-0.14313175,-0.22287507,795,-154,-0.06446172,-0.04456636,-0.04415685
20,510760594,true,0,Left,0.975766,9,0.67510261,0.24740177,-0.07957487,1296,267,-0.00487300,-0.00337431,0.00531933
20,510760594,true,0,Left,0.975766,10,0.61861187,-0.01399146,-0.12826893,1187,-15,-0.01668080,-0.03834097,-0.00728531
20,510760594,true,0,Left,0.975766,11,0.58337458,-0.16318461,-0.17111033,1120,-176,-0.03084163,-0.05205699,-0.02988609
20,510760594,true,0,Left,0.975766,12,0.55725996,-0.27729318,-0.20200790,1069,-299,-0.04091224,-0.06582999,-0.05165669
20,510760594,true,0,Left,0.975766,13,0.76894513,0.24198028,-0.09270361,1476,261,0.01770367,-0.00612161,-0.00306348
20,510760594,true,0,Left,0.975766,14,0.73575701,-0.02070402,-0.13742771,1412,-22,0.00883769,-0.03297251,-0.01469319
20,510760594,true,0,Left,0.975766,15,0.71852496,-0.17342367,-0.16533215,1379,-187,-0.00092901,-0.05024759,-0.03429859
20,510760594,true,0,Left,0.975766,16,0.70093062,-0.30499380,-0.18527327,1345,-329,-0.00882879,-0.06741643,-0.05210314
20,510760594,true,0,Left,0.975766,17,0.86251905,0.29223428,-0.11293521,1656,315,0.03440249,0.00581269,-0.01186606
20,510760594,true,0,Left,0.975766,18,0.86304248,0.07624417,-0.15200506,1657,82,0.03492272,-0.01714409,-0.01460423
20,510760594,true,0,Left,0.975766,19,0.85849262,-0.06053190,-0.16720244,1648,-65,0.03103941,-0.03663176,-0.02617705
20,510760594,true,0,Left,0.975766,20,0.85132104,-0.18638698,-0.17624796,1634,-201,0.02417465,-0.05188450,-0.04188996
21,510760663,true,0,Left,0.971000,0,0.80467960,0.92097308,0.00000084,1544,994,0.02641024,0.08360814,0.01510714
21,510760663,true,0,Left,0.971000,1,0.66041214,0.87492759,-0.07467292,1267,944,-0.00566535,0.06939202,0.00489547
21,510760663,true,0,Left,0.971000,2,0.51548957,0.74468991,-0.12978230,989,804,-0.03195338,0.05822766,0.00401525
21,510760663,true,0,Left,0.971000,3,0.38726156,0.64774565,-0.17903388,743,699,-0.06108755,0.04557760,-0.00023019
21,510760663,true,0,Left,0.971000,4,0.27867092,0.56900148,-0.22871372,535,614,-0.08682806,0.03330077,0.00451231
21,510760663,true,0,Left,0.971000,5,0.58820217,0.27201126,-0.06855946,1129,293,-0.02723109,0.00726174,0.00601872
21,510760663,true,0,Left,0.971000,6,0.50815497,0.05100997,-0.12508472,975,55,-0.03933177,-0.02064179,-0.00132697
21,510760663,true,0,Left,0.971000,7,0.45668017,-0.08441716,-0.17792140,876,-91,-0.05029821,-0.03570226,-0.01386640
21,510760663,true,0,Left,0.971000,8,0.41711008,-0.20110058,-0.21647976,800,-217,-0.06246208,-0.04322577,-0.04433049
21,510760663,true,0,Left,0.971000,9,0.67989790,0.18936914,-0.07203539,1305,204,-0.00494470,-0.00337554,0.00566140
21,510760663,true,0,Left,0.971000,10,0.61839128,-0.07442183,-0.11828396,1187,-80,-0.01719161,-0.03768105,-0.00717845
21,510760663,true,0,Left,0.971000,11,0.58066097,-0.22364853,-0.16071601,1114,-241,-0.03078763,-0.05057671,-0.03053620
21,510760663,true,0,Left,0.971000,12,0.55315379,-0.34158039,-0.19176694,1062,-368,-0.04117460,-0.06308747,-0.05328777
21,510760663,true,0,Left,0.971000,13,0.77691668,0.17752293,-0.08582399,1491,191,0.01732679,-0.00618924,-0.00347576
21,510760663,true,0,Left,0.971000,14,0.74121074,-0.08800927,-0.12845965,1423,-95,0.00847388,-0.03239685,-0.01573949
21,510760663,true,0,Left,0.971000,15,0.72160275,-0.24265899,-0.15363842,1385,-262,-0.00078833,-0.04905320,-0.03554694
21,510760663,true,0,Left,0.971000,16,0.70321215,-0.38211007,-0.17214851,1350,-412,-0.00839657,-0.06487724,-0.05372852
21,510760663,true,0,Left,0.971000,17,0.87258363,0.22639580,-0.10717722,1675,244,0.03418609,0.00534670,-0.01249976
21,510760663,true,0,Left,0.971000,18,0.87160229,0.00731138,-0.14398743,1673,7,0.03465003,-0.01717853,-0.01582431
21,510760663,true,0,Left,0.971000,19,0.86590404,-0.13208208,-0.15612084,1662,-142,0.03057413,-0.03639067,-0.02780724
21,510760663,true,0,Left,0.971000,20,0.85790469,-0.26549316,-0.16296967,1647,-286,0.02401719,-0.05055965,-0.04387217
22,510760726,true,0,Left,0.979466,0,0.82320383,0.88756893,0.00000078,1580,958,0.02676980,0.08267364,0.01016067
22,510760726,true,0,Left,0.979466,1,0.66896909,0.84265383,-0.07569337,1284,910,-0.00531086,0.06896371,0.00133792
22,510760726,true,0,Left,0.979466,2,0.51970348,0.69628437,-0.12951148,997,751,-0.03151242,0.05783878,0.00248231
22,510760726,true,0,Left,0.979466,3,0.38601100,0.60077668,-0.17785652,741,648,-0.06151430,0.04537990,0.00044333
22,510760726,true,0,Left,0.979466,4,0.27340550,0.52075918,-0.22598175,524,562,-0.08730967,0.03323393,0.00670637
22,510760726,true,0,Left,0.979466,5,0.59230334,0.21752820,-0.05988649,1137,234,-0.02658879,0.00758162,0.00662148
22,510760726,true,0,Left,0.979466,6,0.51315468,-0.01030872,-0.11613961,985,-11,-0.03841622,-0.01980393,-0.00059129
22,510760726,true,0,Left,0.979466,7,0.46171183,-0.14663932,-0.16992987,886,-158,-0.04893857,-0.03449500,-0.01399340
22,510760726,true,0,Left,0.979466,8,0.42142552,-0.25795759,-0.20920841,809,-278,-0.06038236,-0.04048514,-0.04434301
22,510760726,true,0,Left,0.979466,9,0.68490099,0.12663708,-0.06330037,1315,136,-0.00493584,-0.00332683,0.00607020
22,510760726,true,0,Left,0.979466,10,0.62317069,-0.14606452,-0.10766206,1196,-157,-0.01736852,-0.03692571,-0.00650691
22,510760726,true,0,Left,0.979466,11,0.58318092,-0.28967535,-0.14970112,1119,-312,-0.03070852,-0.04882317,-0.03058988
22,510760726,true,0,Left,0.979466,12,0.55151241,-0.39991097,-0.18069832,1058,-431,-0.04132433,-0.05984272,-0.05397003
22,510760726,true,0,Left,0.979466,13,0.78566226,0.09996925,-0.07797006,1508,107,0.01679281,-0.00624308,-0.00391508
22,510760726,true,0,Left,0.979466,14,0.74557426,-0.17590127,-0.12031027,1431,-189,0.00736661,-0.03165129,-0.01661162
22,510760726,true,0,Left,0.979466,15,0.72211802,-0.33689205,-0.14314473,1386,-363,-0.00158393,-0.04788831,-0.03644000
22,510760726,true,0,Left,0.979466,16,0.69834989,-0.47669597,-0.15982546,1340,-514,-0.00953708,-0.06278071,-0.05441778
22,510760726,true,0,Left,0.979466,17,0.89417033,0.13572576,-0.10058435,1716,146,0.03334556,0.00473007,-0.01396785
22,510760726,true,0,Left,0.979466,18,0.87994035,-0.10130799,-0.13641085,1689,-109,0.03359972,-0.01750246,-0.01783266
22,510760726,true,0,Left,0.979466,19,0.86931962,-0.25272962,-0.14549091,1669,-272,0.02838550,-0.03658539,-0.02964916
22,510760726,true,0,Left,0.979466,20,0.85763938,-0.39142942,-0.15012861,1646,-422,0.02098624,-0.05031048,-0.04560778
23,510760793,true,0,Left,0.978057,0,0.87624934,0.82145800,0.00000074,1682,887,0.02833783,0.08119356,0.00416775
23,510760793,true,0,Left,0.978057,1,0.69934177,0.80112461,-0.07540425,1342,865,-0.00464121,0.06782748,-0.00218625
23,510760793,true,0,Left,0.978057,2,0.52804295,0.64990053,-0.12620042,1013,701,-0.03112659,0.05654512,0.00171660
23,510760793,true,0,Left,0.978057,3,0.39600412,0.54422012,-0.17044111,760,587,-0.06172029,0.04429401,0.00213902
23,510760793,true,0,Left,0.978057,4,0.28363733,0.46557763,-0.21166945,544,502,-0.08773897,0.03253766,0.01177880
23,510760793,true,0,Left,0.978057,5,0.60343582,0.17539553,-0.04656270,1158,189,-0.02590906,0.00746202,0.00721139
23,510760793,true,0,Left,0.978057,6,0.52062866,-0.06609192,-0.09831856,999,-71,-0.03767674,-0.01934192,0.00096496
23,510760793,true,0,Left,0.978057,7,0.47086717,-0.21616498,-0.14833410,904,-233,-0.04777138,-0.03403203,-0.01267201
23,510760793,true,0,Left,0.978057,8,0.43522217,-0.33368582,-0.18434497,835,-360,-0.05869594,-0.04011763,-0.04243634
23,510760793,true,0,Left,0.978057,9,0.70098802,0.08116617,-0.04924438,1345,87,-0.00461313,-0.00310954,0.00635737
23,510760793,true,0,Left,0.978057,10,0.63665503,-0.20083972,-0.08623456,1222,-216,-0.01691492,-0.03617551,-0.00597778
23,510760793,true,0,Left,0.978057,11,0.59329035,-0.35000353,-0.12187081,1139,-378,-0.03007059,-0.04727248,-0.02978670
23,510760793,true,0,Left,0.978057,12,0.56198656,-0.45742160,-0.14757644,1079,-494,-0.04087946,-0.05823071,-0.05335517
23,510760793,true,0,Left,0.978057,13,0.80905656,0.04702119,-0.06418544,1553,50,0.01627935,-0.00622882,-0.00442295
23,510760793,true,0,Left,0.978057,14,0.76624620,-0.23273385,-0.10029620,1471,-251,0.00706392,-0.03093508,-0.01694995
23,510760793,true,0,Left,0.978057,15,0.73341669,-0.39091711,-0.11510875,1408,-422,-0.00192916,-0.04688826,-0.03711813
23,510760793,true,0,Left,0.978057,16,0.70652567,-0.52176606,-0.12559237,1356,-563,-0.01008306,-0.06121704,-0.05553082
23,510760793,true,0,Left,0.978057,17,0.92386336,0.07509189,-0.08803711,1773,81,0.03226704,0.00441286,-0.01531164
23,510760793,true,0,Left,0.978057,18,0.91058220,-0.15579721,-0.11975079,1748,-168,0.03318515,-0.01720777,-0.01972480
23,510760793,true,0,Left,0.978057,19,0.89220541,-0.30489354,-0.12411438,1713,-329,0.02753516,-0.03617530,-0.03142772
23,510760793,true,0,Left,0.978057,20,0.87387864,-0.43458310,-0.12434410,1677,-469,0.01942426,-0.04960005,-0.04815089
24,510760861,true,0,Left,0.973314,0,0.90008755,0.79847206,0.00000074,1728,862,0.02918859,0.07821688,0.00495517
24,510760861,true,0,Left,0.973314,1,0.72836706,0.78871143,-0.08052557,1398,851,-0.00427762,0.06550318,-0.00129693
24,510760861,true,0,Left,0.973314,2,0.54766853,0.63048432,-0.12917570,1051,680,-0.03082683,0.05394226,0.00321538
24,510760861,true,0,Left,0.973314,3,0.40651506,0.51299717,-0.17207868,780,554,-0.06149569,0.04218059,0.00410999
24,510760861,true,0,Left,0.973314,4,0.29107723,0.43112821,-0.21211647,558,465,-0.08696121,0.03157528,0.01408713
24,510760861,true,0,Left,0.973314,5,0.61859814,0.15899153,-0.05193777,1187,171,-0.02573819,0.00725517,0.00759909
24,510760861,true,0,Left,0.973314,6,0.53306016,-0.10037102,-0.10619064,1023,-108,-0.03738964,-0.01826339,0.00271835
24,510760861,true,0,Left,0.973314,7,0.48094164,-0.26050332,-0.15616727,923,-281,-0.04738730,-0.03347568,-0.01085595
24,510760861,true,0,Left,0.973314,8,0.44420860,-0.37691238,-0.19156690,852,-407,-0.05863808,-0.03932787,-0.03979472
24,510760861,true,0,Left,0.973314,9,0.72567454,0.06251931,-0.05196194,1393,67,-0.00414098,-0.00293194,0.00629525
24,510760861,true,0,Left,0.973314,10,0.66096800,-0.23235278,-0.09110807,1269,-250,-0.01670585,-0.03413269,-0.00521786
24,510760861,true,0,Left,0.973314,11,0.61490891,-0.38226783,-0.12518653,1180,-412,-0.02975390,-0.04498540,-0.02778907
24,510760861,true,0,Left,0.973314,12,0.58335412,-0.48730639,-0.14887223,1120,-526,-0.04118157,-0.05618251,-0.05031003
24,510760861,true,0,Left,0.973314,13,0.84532174,0.02590124,-0.06411931,1623,27,0.01616110,-0.00614767,-0.00473982
24,510760861,true,0,Left,0.973314,14,0.80264309,-0.25770424,-0.10256707,1541,-278,0.00682676,-0.02945944,-0.01667978
24,510760861,true,0,Left,0.973314,15,0.76029379,-0.41619448,-0.11277614,1459,-449,-0.00211413,-0.04491426,-0.03608481
24,510760861,true,0,Left,0.973314,16,0.72827185,-0.54578374,-0.11843787,1398,-589,-0.01097407,-0.05840849,-0.05489857
24,510760861,true,0,Left,0.973314,17,0.97176047,0.05118732,-0.08549687,1865,55,0.03176483,0.00452500,-0.01580651
24,510760861,true,0,Left,0.973314,18,0.96007194,-0.17956120,-0.11857505,1843,-193,0.03342647,-0.01653039,-0.02033708
24,510760861,true,0,Left,0.973314,19,0.93719793,-0.32643071,-0.11957790,1799,-352,0.02756037,-0.03459914,-0.03168663
24,510760861,true,0,Left,0.973314,20,0.91490704,-0.45045789,-0.11609325,1756,-486,0.01891740,-0.04663617,-0.04797743
25,510760926,true,0,Left,0.964676,0,0.90516872,0.79814676,0.00000070,1737,861,0.02864183,0.07712712,0.00528332
25,510760926,true,0,Left,0.964676,1,0.73560955,0.77764652,-0.08225515,1412,839,-0.00446950,0.06465972,-0.00126123
25,510760926,true,0,Left,0.964676,2,0.56131656,0.62002235,-0.13039969,1077,669,-0.03101789,0.05296052,0.00373136
25,510760926,true,0,Left,0.964676,3,0.42031927,0.50626992,-0.17296868,807,546,-0.06094209,0.04126319,0.00563289
25,510760926,true,0,Left,0.964676,4,0.30507937,0.40970722,-0.21255621,585,442,-0.08616867,0.03062432,0.01505808
25,510760926,true,0,Left,0.964676,5,0.63385975,0.14455044,-0.04998322,1217,156,-0.02570025,0.00682820,0.00810604
25,510760926,true,0,Left,0.964676,6,0.55310695,-0.12504118,-0.10663941,1061,-135,-0.03646525,-0.01798226,0.00353491
25,510760926,true,0,Left,0.964676,7,0.50437514,-0.26935138,-0.15714775,968,-290,-0.04588915,-0.03291967,-0.00974905
25,510760926,true,0,Left,0.964676,8,0.47431503,-0.36298345,-0.19169477,910,-392,-0.05681061,-0.03798556,-0.03804496
25,510760926,true,0,Left,0.964676,9,0.74353449,0.04918807,-0.04903563,1427,53,-0.00383840,-0.00283126,0.00640754
25,510760926,true,0,Left,0.964676,10,0.68511234,-0.25047376,-0.08893206,1315,-270,-0.01601757,-0.03340996,-0.00466736
25,510760926,true,0,Left,0.964676,11,0.64129334,-0.39014741,-0.12133738,1231,-421,-0.02866046,-0.04385501,-0.02644366
25,510760926,true,0,Left,0.964676,12,0.61640465,-0.48207790,-0.14307243,1183,-520,-0.03992214,-0.05473961,-0.04741833
25,510760926,true,0,Left,0.964676,13,0.86446957,0.01414256,-0.06138958,1659,15,0.01578026,-0.00600858,-0.00512187
25,510760926,true,0,Left,0.964676,14,0.82713376,-0.27237925,-0.09977970,1588,-294,0.00715816,-0.02848026,-0.01634231
25,510760926,true,0,Left,0.964676,15,0.78469251,-0.42158899,-0.10511616,1506,-455,-0.00171798,-0.04349942,-0.03539210
25,510760926,true,0,Left,0.964676,16,0.75579102,-0.54533347,-0.10679799,1451,-588,-0.01060842,-0.05633203,-0.05410939
25,510760926,true,0,Left,0.964676,17,0.99289032,0.04014345,-0.08356794,1906,43,0.03127882,0.00493436,-0.01596870
25,510760926,true,0,Left,0.964676,18,0.98658535,-0.19140403,-0.11499224,1894,-206,0.03395060,-0.01575296,-0.02082292
25,510760926,true,0,Left,0.964676,19,0.96475480,-0.33230767,-0.11190557,1852,-358,0.02785269,-0.03362517,-0.03155240
25,510760926,true,0,Left,0.964676,20,0.94492352,-0.45108372,-0.10490129,1814,-487,0.01941860,-0.04438068,-0.04715120
26,510760993,true,0,Left,0.955100,0,0.90533629,0.80654239,0.00000064,1738,871,0.02816506,0.07716928,0.00383368
26,510760993,true,0,Left,0.955100,1,0.73627795,0.77436533,-0.08033715,1413,836,-0.00479740,0.06452059,-0.00207439
26,510760993,true,0,Left,0.955100,2,0.56596433,0.61262379,-0.12732267,1086,661,-0.03104558,0.05247989,0.00421655
26,510760993,true,0,Left,0.955100,3,0.42671827,0.50043827,-0.16827041,819,540,-0.06074397,0.04033884,0.00813377
26,510760993,true,0,Left,0.955100,4,0.31500661,0.40076954,-0.20501815,604,432,-0.08531615,0.02952888,0.01772813
26,510760993,true,0,Left,0.955100,5,0.64132319,0.13881845,-0.04391963,1231,149,-0.02565628,0.00646927,0.00898692
26,510760993,true,0,Left,0.955100,6,0.56649577,-0.14237533,-0.10182864,1087,-153,-0.03530387,-0.01834034,0.00457155
26,510760993,true,0,Left,0.955100,7,0.51912526,-0.27285583,-0.15272583,996,-294,-0.04455592,-0.03284679,-0.00857866
26,510760993,true,0,Left,0.955100,8,0.48907275,-0.35016966,-0.18622345,939,-378,-0.05560859,-0.03671750,-0.03628250
26,510760993,true,0,Left,0.955100,9,0.74893657,0.04883500,-0.04354784,1437,52,-0.00365877,-0.00275160,0.00652316
26,510760993,true,0,Left,0.955100,10,0.69326859,-0.25418891,-0.08293246,1331,-274,-0.01557587,-0.03310834,-0.00410482
26,510760993,true,0,Left,0.955100,11,0.65088206,-0.38542253,-0.11499616,1249,-416,-0.02760471,-0.04345068,-0.02538878
26,510760993,true,0,Left,0.955100,12,0.62706908,-0.47427969,-0.13656792,1203,-512,-0.03910118,-0.05415031,-0.04510011
26,510760993,true,0,Left,0.955100,13,0.86770833,0.01675268,-0.05707809,1665,18,0.01534223,-0.00572140,-0.00568010
26,510760993,true,0,Left,0.955100,14,0.83119710,-0.27210956,-0.09388844,1595,-293,0.00729102,-0.02803418,-0.01631754
26,510760993,true,0,Left,0.955100,15,0.78983664,-0.41514205,-0.09819673,1516,-448,-0.00169486,-0.04273446,-0.03513943
26,510760993,true,0,Left,0.955100,16,0.76164900,-0.53857042,-0.10008630,1462,-581,-0.01047131,-0.05498188,-0.05362619
26,510760993,true,0,Left,0.955100,17,0.99404439,0.04435116,-0.08038936,1908,47,0.03065299,0.00535653,-0.01684177
26,510760993,true,0,Left,0.955100,18,0.98791645,-0.19243973,-0.10843933,1896,-207,0.03391045,-0.01523160,-0.02159650
26,510760993,true,0,Left,0.955100,19,0.96786358,-0.33206815,-0.10336767,1858,-358,0.02777581,-0.03303242,-0.03177252
26,510760993,true,0,Left,0.955100,20,0.95016162,-0.45405184,-0.09592037,1824,-490,0.01973968,-0.04373821,-0.04677874
27,510761036,true,0,Left,0.964151,0,0.90104504,0.80893961,0.00000062,1730,873,0.02777616,0.07726022,0.00393640
27,510761036,true,0,Left,0.964151,1,0.73310642,0.77557924,-0.07985051,1407,837,-0.00516054,0.06454738,-0.00225412
27,510761036,true,0,Left,0.964151,2,0.56512065,0.61531991,-0.12619317,1085,664,-0.03120117,0.05243969,0.00444720
27,510761036,true,0,Left,0.964151,3,0.42726759,0.50289070,-0.16665994,820,543,-0.06065503,0.04010315,0.00878147
27,510761036,true,0,Left,0.964151,4,0.31738875,0.40234446,-0.20260742,609,434,-0.08471788,0.02906239,0.01819269
27,510761036,true,0,Left,0.964151,5,0.64044743,0.14217242,-0.04292749,1229,153,-0.02568548,0.00645056,0.00921843
27,510761036,true,0,Left,0.964151,6,0.56817486,-0.13746411,-0.10098792,1090,-148,-0.03475575,-0.01849655,0.00478255
27,510761036,true,0,Left,0.964151,7,0.52236902,-0.26703261,-0.15166113,1002,-288,-0.04383654,-0.03301398,-0.00856071
27,510761036,true,0,Left,0.964151,8,0.49361250,-0.34373432,-0.18454766,947,-371,-0.05464700,-0.03621684,-0.03618919
27,510761036,true,0,Left,0.964151,9,0.74664503,0.05280727,-0.04261126,1433,57,-0.00363881,-0.00278651,0.00661073
27,510761036,true,0,Left,0.964151,10,0.69268080,-0.25105534,-0.08179560,1329,-271,-0.01525719,-0.03325379,-0.00389558
27,510761036,true,0,Left,0.964151,11,0.65143965,-0.38573921,-0.11345298,1250,-416,-0.02713623,-0.04359219,-0.02527152
27,510761036,true,0,Left,0.964151,12,0.62891797,-0.47385755,-0.13457694,1207,-511,-0.03846416,-0.05419362,-0.04475764
27,510761036,true,0,Left,0.964151,13,0.86393500,0.02126374,-0.05625403,1658,22,0.01534403,-0.00568880,-0.00587530
27,510761036,true,0,Left,0.964151,14,0.82989860,-0.26984068,-0.09288845,1593,-291,0.00741851,-0.02813839,-0.01615876
27,510761036,true,0,Left,0.964151,15,0.79170073,-0.41832256,-0.09750853,1520,-451,-0.00122447,-0.04292531,-0.03492462
27,510761036,true,0,Left,0.964151,16,0.76683870,-0.54443467,-0.09965686,1472,-587,-0.00978699,-0.05511752,-0.05342893
27,510761036,true,0,Left,0.964151,17,0.98839575,0.05025859,-0.07961983,1897,54,0.03047082,0.00556449,-0.01706433
27,510761036,true,0,Left,0.964151,18,0.98543813,-0.18571379,-0.10761806,1892,-200,0.03413306,-0.01499361,-0.02163217
27,510761036,true,0,Left,0.964151,19,0.96830971,-0.32891398,-0.10320672,1859,-355,0.02814321,-0.03292704,-0.03169666
27,510761036,true,0,Left,0.964151,20,0.95373110,-0.45430542,-0.09623417,1831,-490,0.02047312,-0.04390868,-0.04649239
28,510761120,true,0,Left,0.964193,0,0.89988622,0.81060642,0.00000057,1727,875,0.02770840,0.07663983,0.00505930
28,510761120,true,0,Left,0.964193,1,0.73176846,0.77825370,-0.07914139,1404,840,-0.00542886,0.06437729,-0.00174578
28,510761120,true,0,Left,0.964193,2,0.56379667,0.61549668,-0.12411326,1082,664,-0.03129995,0.05196181,0.00441402
28,510761120,true,0,Left,0.964193,3,0.42595841,0.50450146,-0.16347765,817,544,-0.06033013,0.03946250,0.00819856
28,510761120,true,0,Left,0.964193,4,0.31593840,0.40574351,-0.19791458,606,438,-0.08394271,0.02833926,0.01625286
28,510761120,true,0,Left,0.964193,5,0.63735859,0.14632548,-0.04175226,1223,158,-0.02579570,0.00640239,0.00916579
28,510761120,true,0,Left,0.964193,6,0.56437992,-0.13045410,-0.09946819,1083,-140,-0.03433669,-0.01829219,0.00442928
28,510761120,true,0,Left,0.964193,7,0.51749789,-0.25599890,-0.14944349,993,-276,-0.04342259,-0.03269720,-0.00920889
28,510761120,true,0,Left,0.964193,8,0.48654671,-0.33223272,-0.18146589,934,-358,-0.05456086,-0.03480764,-0.03667525
28,510761120,true,0,Left,0.964193,9,0.74362946,0.05631353,-0.04141444,1427,60,-0.00363610,-0.00282036,0.00668599
28,510761120,true,0,Left,0.964193,10,0.68792747,-0.24567487,-0.08028577,1320,-265,-0.01519283,-0.03316070,-0.00393079
28,510761120,true,0,Left,0.964193,11,0.64533624,-0.37738325,-0.11139347,1239,-407,-0.02712178,-0.04307952,-0.02535188
28,510761120,true,0,Left,0.964193,12,0.62091181,-0.46177933,-0.13188574,1192,-498,-0.03868266,-0.05302080,-0.04491143
28,510761120,true,0,Left,0.964193,13,0.86160800,0.02405020,-0.05500261,1654,25,0.01534504,-0.00566063,-0.00592068
28,510761120,true,0,Left,0.964193,14,0.82614601,-0.26498584,-0.09148322,1586,-286,0.00746270,-0.02794622,-0.01609891
28,510761120,true,0,Left,0.964193,15,0.78728340,-0.41168262,-0.09638521,1511,-444,-0.00125600,-0.04248997,-0.03494468
28,510761120,true,0,Left,0.964193,16,0.76107614,-0.53374728,-0.09854808,1461,-576,-0.00983868,-0.05406248,-0.05358460
28,510761120,true,0,Left,0.964193,17,0.98700918,0.05157982,-0.07813391,1895,55,0.03033831,0.00587649,-0.01672740
28,510761120,true,0,Left,0.964193,18,0.98283400,-0.18272859,-0.10590018,1887,-197,0.03440617,-0.01475287,-0.02131248
28,510761120,true,0,Left,0.964193,19,0.96441494,-0.32525120,-0.10194146,1851,-351,0.02820410,-0.03269116,-0.03159181
28,510761120,true,0,Left,0.964193,20,0.94819623,-0.44932769,-0.09522953,1820,-485,0.02050629,-0.04375719,-0.04630230
29,510761174,true,0,Left,0.964413,0,0.89941931,0.81461980,0.00000056,1726,879,0.02791582,0.07641120,0.00624979
29,510761174,true,0,Left,0.964413,1,0.73074922,0.78264209,-0.07869648,1403,845,-0.00534300,0.06425020,-0.00105089
29,510761174,true,0,Left,0.964413,2,0.56280839,0.61922479,-0.12357482,1080,668,-0.03116611,0.05172829,0.00481469
29,510761174,true,0,Left,0.964413,3,0.42528662,0.50686382,-0.16308407,816,547,-0.05998921,0.03912747,0.00817771
29,510761174,true,0,Left,0.964413,4,0.31483895,0.40665016,-0.19791029,604,439,-0.08344866,0.02777036,0.01560683
29,510761174,true,0,Left,0.964413,5,0.63555999,0.14837870,-0.04241040,1220,160,-0.02578115,0.00630608,0.00909979
29,510761174,true,0,Left,0.964413,6,0.56163274,-0.12756387,-0.10024831,1078,-137,-0.03425106,-0.01836489,0.00432160
29,510761174,true,0,Left,0.964413,7,0.51353597,-0.25662678,-0.15037526,985,-277,-0.04348662,-0.03280140,-0.00942221
29,510761174,true,0,Left,0.964413,8,0.48170035,-0.33383446,-0.18276056,924,-360,-0.05476074,-0.03496590,-0.03686008
29,510761174,true,0,Left,0.964413,9,0.74228079,0.05898205,-0.04269040,1425,63,-0.00361547,-0.00286864,0.00667974
29,510761174,true,0,Left,0.964413,10,0.68505682,-0.24448076,-0.08200029,1315,-264,-0.01525304,-0.03304279,-0.00405744
29,510761174,true,0,Left,0.964413,11,0.64154389,-0.37827836,-0.11352816,1231,-408,-0.02728098,-0.04306044,-0.02542029
29,510761174,true,0,Left,0.964413,12,0.61636913,-0.46171849,-0.13444622,1183,-498,-0.03910629,-0.05286470,-0.04495400
29,510761174,true,0,Left,0.964413,13,0.86082741,0.02855440,-0.05669338,1652,30,0.01545626,-0.00562624,-0.00588657
29,510761174,true,0,Left,0.964413,14,0.82390645,-0.26230079,-0.09362761,1581,-283,0.00744551,-0.02783247,-0.01609173
29,510761174,true,0,Left,0.964413,15,0.78464772,-0.41153167,-0.09900319,1506,-444,-0.00130757,-0.04255254,-0.03492852
29,510761174,true,0,Left,0.964413,16,0.75791114,-0.53365040,-0.10161454,1455,-576,-0.00997724,-0.05400968,-0.05363853
29,510761174,true,0,Left,0.964413,17,0.98701790,0.05867894,-0.08010164,1895,63,0.03026956,0.00617178,-0.01656134
29,510761174,true,0,Left,0.964413,18,0.98227988,-0.17535753,-0.10860402,1885,-189,0.03455907,-0.01434870,-0.02125450
29,510761174,true,0,Left,0.964413,19,0.96332603,-0.31884852,-0.10520572,1849,-344,0.02822959,-0.03217256,-0.03178291
29,510761174,true,0,Left,0.964413,20,0.94638191,-0.44331559,-0.09892415,1817,-478,0.02061193,-0.04324671,-0.04658121
30,510761249,true,0,Left,0.968678,0,0.89964985,0.81784720,0.00000055,1727,883,0.02823424,0.07620694,0.00594990
30,510761249,true,0,Left,0.968678,1,0.73068284,0.78672560,-0.07852138,1402,849,-0.00515768,0.06448358,-0.00140878
30,510761249,true,0,Left,0.968678,2,0.56248077,0.62284702,-0.12339373,1079,672,-0.03090061,0.05172833,0.00438892
30,510761249,true,0,Left,0.968678,3,0.42461710,0.50971363,-0.16318299,815,550,-0.05957186,0.03912070,0.00788422
30,510761249,true,0,Left,0.968678,4,0.31285899,0.40950995,-0.19848747,600,442,-0.08322193,0.02746818,0.01568594
30,510761249,true,0,Left,0.968678,5,0.63353308,0.15242801,-0.04217194,1216,164,-0.02571893,0.00644789,0.00907022
30,510761249,true,0,Left,0.968678,6,0.55782376,-0.12039935,-0.09996649,1071,-130,-0.03431882,-0.01810257,0.00441983
30,510761249,true,0,Left,0.968678,7,0.50686688,-0.25087936,-0.14997651,973,-270,-0.04383705,-0.03265173,-0.00939334
30,510761249,true,0,Left,0.968678,8,0.47222330,-0.33037320,-0.18250205,906,-356,-0.05526051,-0.03470688,-0.03688516
30,510761249,true,0,Left,0.968678,9,0.73995663,0.06162229,-0.04290955,1420,66,-0.00369254,-0.00286053,0.00677963
30,510761249,true,0,Left,0.968678,10,0.68127799,-0.24057309,-0.08278664,1308,-259,-0.01529847,-0.03296037,-0.00392182
30,510761249,true,0,Left,0.968678,11,0.63542299,-0.37421257,-0.11443869,1220,-404,-0.02757390,-0.04296191,-0.02542390
30,510761249,true,0,Left,0.968678,12,0.60788116,-0.45756025,-0.13540168,1167,-494,-0.03958363,-0.05252331,-0.04516974
30,510761249,true,0,Left,0.968678,13,0.85801219,0.02955557,-0.05735603,1647,31,0.01546082,-0.00577603,-0.00589875
30,510761249,true,0,Left,0.968678,14,0.82083610,-0.26185950,-0.09505176,1576,-282,0.00744243,-0.02800228,-0.01606734
30,510761249,true,0,Left,0.968678,15,0.78116864,-0.40997315,-0.10076573,1499,-442,-0.00128310,-0.04264446,-0.03511329
30,510761249,true,0,Left,0.968678,16,0.75367815,-0.53052726,-0.10352283,1447,-572,-0.01024162,-0.05373979,-0.05399056
30,510761249,true,0,Left,0.968678,17,0.98349026,0.05796426,-0.08115189,1888,62,0.03018980,0.00612840,-0.01670592
30,510761249,true,0,Left,0.968678,18,0.97895773,-0.17785506,-0.11047173,1879,-192,0.03462914,-0.01454374,-0.02132867
30,510761249,true,0,Left,0.968678,19,0.96013578,-0.32217925,-0.10762336,1843,-347,0.02830472,-0.03242746,-0.03204868
30,510761249,true,0,Left,0.968678,20,0.94318096,-0.44686266,-0.10169506,1810,-482,0.02074264,-0.04359835,-0.04677850
31,510761304,true,0,Left,0.972315,0,0.89887530,0.81830315,0.00000055,1725,883,0.02814097,0.07582514,0.00488849
31,510761304,true,0,Left,0.972315,1,0.72999262,0.78839218,-0.07729953,1401,851,-0.00546645,0.06439430,-0.00194045
31,510761304,true,0,Left,0.972315,2,0.56168568,0.62323690,-0.12082598,1078,673,-0.03120093,0.05153597,0.00410317
31,510761304,true,0,Left,0.972315,3,0.42401239,0.50982475,-0.15962888,814,550,-0.05978507,0.03892235,0.00780486
31,510761304,true,0,Left,0.972315,4,0.31245790,0.41009303,-0.19425731,599,442,-0.08335335,0.02739569,0.01601194
31,510761304,true,0,Left,0.972315,5,0.63313595,0.15462475,-0.04047132,1215,166,-0.02581553,0.00663073,0.00909621
31,510761304,true,0,Left,0.972315,6,0.55726296,-0.11622265,-0.09628173,1069,-125,-0.03440559,-0.01784978,0.00476400
31,510761304,true,0,Left,0.972315,7,0.50697375,-0.25142158,-0.14479942,973,-271,-0.04371628,-0.03270003,-0.00891940
31,510761304,true,0,Left,0.972315,8,0.47332521,-0.33800571,-0.17686470,908,-365,-0.05507965,-0.03516069,-0.03651027
31,510761304,true,0,Left,0.972315,9,0.74032314,0.06308350,-0.04188010,1421,68,-0.00366018,-0.00282972,0.00688907
31,510761304,true,0,Left,0.972315,10,0.68167308,-0.23980952,-0.08101086,1308,-258,-0.01517042,-0.03303246,-0.00377139
31,510761304,true,0,Left,0.972315,11,0.63598594,-0.37567625,-0.11230749,1221,-405,-0.02753288,-0.04301735,-0.02501187
31,510761304,true,0,Left,0.972315,12,0.60869332,-0.45956619,-0.13314236,1168,-496,-0.03939741,-0.05266698,-0.04504413
31,510761304,true,0,Left,0.972315,13,0.85904230,0.02970912,-0.05676190,1649,32,0.01554745,-0.00589121,-0.00598061
31,510761304,true,0,Left,0.972315,14,0.82191181,-0.26387270,-0.09431142,1578,-284,0.00770234,-0.02813011,-0.01601288
31,510761304,true,0,Left,0.972315,15,0.78183115,-0.41502806,-0.10034600,1501,-448,-0.00117842,-0.04292390,-0.03511447
31,510761304,true,0,Left,0.972315,16,0.75398101,-0.53541149,-0.10331954,1447,-578,-0.01013929,-0.05411799,-0.05388464
31,510761304,true,0,Left,0.972315,17,0.98516088,0.05662455,-0.08083657,1891,61,0.03030446,0.00594893,-0.01699673
31,510761304,true,0,Left,0.972315,18,0.98175859,-0.18328071,-0.11050495,1884,-197,0.03501348,-0.01494970,-0.02150281
31,510761304,true,0,Left,0.972315,19,0.96243629,-0.33116975,-0.10807944,1847,-357,0.02858738,-0.03291512,-0.03217462
31,510761304,true,0,Left,0.972315,20,0.94425022,-0.45556694,-0.10248676,1812,-492,0.02086534,-0.04413899,-0.04688446
32,510761380,true,0,Left,0.969977,0,0.89536576,0.82235620,0.00000054,1719,888,0.02784512,0.07661280,0.00464099
32,510761380,true,0,Left,0.969977,1,0.72670399,0.78643100,-0.07606294,1395,849,-0.00597157,0.06508152,-0.00213246
32,510761380,true,0,Left,0.969977,2,0.55995184,0.62129644,-0.11989575,1075,671,-0.03185257,0.05221260,0.00382134
32,510761380,true,0,Left,0.969977,3,0.42276545,0.51085070,-0.15957603,811,551,-0.05992792,0.03948168,0.00780018
32,510761380,true,0,Left,0.969977,4,0.31146067,0.41053517,-0.19526032,598,443,-0.08364313,0.02765792,0.01660433
32,510761380,true,0,Left,0.969977,5,0.63232346,0.15346324,-0.03971510,1214,165,-0.02599897,0.00676727,0.00923577
32,510761380,true,0,Left,0.969977,6,0.55739218,-0.11947064,-0.09746874,1070,-129,-0.03437313,-0.01806165,0.00470186
32,510761380,true,0,Left,0.969977,7,0.50807312,-0.25210052,-0.14749518,975,-272,-0.04353949,-0.03274960,-0.00905501
32,510761380,true,0,Left,0.969977,8,0.47578905,-0.33435419,-0.18028745,913,-361,-0.05454016,-0.03487384,-0.03710802
32,510761380,true,0,Left,0.969977,9,0.73861108,0.06335442,-0.04226387,1418,68,-0.00370776,-0.00290301,0.00700701
32,510761380,true,0,Left,0.969977,10,0.68228756,-0.24172330,-0.08332414,1309,-261,-0.01484837,-0.03325100,-0.00409536
32,510761380,true,0,Left,0.969977,11,0.63712676,-0.37586869,-0.11669504,1223,-405,-0.02709892,-0.04313644,-0.02585174
32,510761380,true,0,Left,0.969977,12,0.61032067,-0.45641629,-0.13903080,1171,-492,-0.03862483,-0.05227022,-0.04617477
32,510761380,true,0,Left,0.969977,13,0.85585400,0.03165502,-0.05816888,1643,34,0.01562059,-0.00585999,-0.00608224
32,510761380,true,0,Left,0.969977,14,0.82216772,-0.26352157,-0.09756143,1578,-284,0.00835166,-0.02842771,-0.01626212
32,510761380,true,0,Left,0.969977,15,0.78285948,-0.41573919,-0.10649106,1503,-448,-0.00052600,-0.04331022,-0.03609896
32,510761380,true,0,Left,0.969977,16,0.75526685,-0.53472522,-0.11173099,1450,-577,-0.00964347,-0.05440972,-0.05508510
32,510761380,true,0,Left,0.969977,17,0.98044187,0.06132360,-0.08348657,1882,66,0.03047671,0.00593030,-0.01733339
32,510761380,true,0,Left,0.969977,18,0.98013799,-0.17869818,-0.11471228,1881,-192,0.03542718,-0.01499747,-0.02193187
32,510761380,true,0,Left,0.969977,19,0.96222494,-0.32714550,-0.11477969,1847,-353,0.02917733,-0.03305697,-0.03305141
32,510761380,true,0,Left,0.969977,20,0.94448105,-0.45208387,-0.11148479,1813,-488,0.02139365,-0.04450742,-0.04819049
33,510761440,true,0,Left,0.970628,0,0.89220541,0.82485531,0.00000055,1713,890,0.02744986,0.07684841,0.00365585
33,510761440,true,0,Left,0.970628,1,0.72543463,0.78668937,-0.07578731,1392,849,-0.00625314,0.06529391,-0.00298044
33,510761440,true,0,Left,0.970628,2,0.55928163,0.61979395,-0.11876086,1073,669,-0.03222220,0.05234620,0.00286089
33,510761440,true,0,Left,0.970628,3,0.42293757,0.50792446,-0.15743150,812,548,-0.06005618,0.03942353,0.00689760
33,510761440,true,0,Left,0.970628,4,0.31261442,0.40648671,-0.19227092,600,439,-0.08368271,0.02753114,0.01602961
33,510761440,true,0,Left,0.970628,5,0.63215805,0.15366968,-0.03977495,1213,165,-0.02611933,0.00686664,0.00914984
33,510761440,true,0,Left,0.970628,6,0.55742917,-0.11660786,-0.09598332,1070,-125,-0.03437857,-0.01798218,0.00468235
33,510761440,true,0,Left,0.970628,7,0.50941465,-0.25248281,-0.14461700,978,-272,-0.04336587,-0.03284932,-0.00910895
33,510761440,true,0,Left,0.970628,8,0.47843462,-0.34127566,-0.17685356,918,-368,-0.05417973,-0.03545547,-0.03732083
33,510761440,true,0,Left,0.970628,9,0.73834890,0.06285805,-0.04215626,1417,67,-0.00372154,-0.00292597,0.00709297
33,510761440,true,0,Left,0.970628,10,0.68291224,-0.24116756,-0.08261294,1311,-260,-0.01472836,-0.03355368,-0.00390863
33,510761440,true,0,Left,0.970628,11,0.63896460,-0.37765190,-0.11521999,1226,-407,-0.02685631,-0.04358122,-0.02576357
33,510761440,true,0,Left,0.970628,12,0.61279873,-0.46016674,-0.13695580,1176,-496,-0.03812062,-0.05276286,-0.04644055
33,510761440,true,0,Left,0.970628,13,0.85529880,0.03072932,-0.05787679,1642,33,0.01568519,-0.00586296,-0.00608269
33,510761440,true,0,Left,0.970628,14,0.82278817,-0.26431279,-0.09702294,1579,-285,0.00859374,-0.02866951,-0.01615213
33,510761440,true,0,Left,0.970628,15,0.78457837,-0.41781799,-0.10558230,1506,-451,-0.00016593,-0.04368699,-0.03593876
33,510761440,true,0,Left,0.970628,16,0.75768863,-0.53869370,-0.11038234,1454,-581,-0.00920632,-0.05494704,-0.05496040
33,510761440,true,0,Left,0.970628,17,0.97927221,0.06024516,-0.08285844,1880,65,0.03066106,0.00582548,-0.01737531
33,510761440,true,0,Left,0.970628,18,0.98016100,-0.18023356,-0.11423254,1881,-194,0.03575544,-0.01535939,-0.02184724
33,510761440,true,0,Left,0.970628,19,0.96314833,-0.32986156,-0.11426973,1849,-356,0.02946942,-0.03357204,-0.03282159
33,510761440,true,0,Left,0.970628,20,0.94632199,-0.45575747,-0.11066747,1816,-492,0.02172087,-0.04507757,-0.04800175
34,510761514,true,0,Left,0.969693,0,0.88934084,0.82525527,0.00000057,1707,891,0.02716291,0.07672166,0.00350160
34,510761514,true,0,Left,0.969693,1,0.72426624,0.78590108,-0.07616091,1390,848,-0.00631752,0.06521791,-0.00300961
34,510761514,true,0,Left,0.969693,2,0.55842059,0.61768572,-0.11893009,1072,667,-0.03238586,0.05217834,0.00259781
34,510761514,true,0,Left,0.969693,3,0.42298406,0.50573099,-0.15714479,812,546,-0.05992101,0.03922594,0.00678670
34,510761514,true,0,Left,0.969693,4,0.31411110,0.40223340,-0.19163209,603,434,-0.08335450,0.02706825,0.01566193
34,510761514,true,0,Left,0.969693,5,0.63172131,0.15243631,-0.04055630,1212,164,-0.02610826,0.00661065,0.00901889
34,510761514,true,0,Left,0.969693,6,0.55894960,-0.11828674,-0.09566440,1073,-127,-0.03403614,-0.01827124,0.00475266
34,510761514,true,0,Left,0.969693,7,0.51437021,-0.25763210,-0.14303950,987,-278,-0.04245038,-0.03321882,-0.00892098
34,510761514,true,0,Left,0.969693,8,0.48672840,-0.35154409,-0.17457953,934,-379,-0.05310090,-0.03638395,-0.03714639
34,510761514,true,0,Left,0.969693,9,0.73833025,0.06274211,-0.04250336,1417,67,-0.00365148,-0.00294582,0.00713038
34,510761514,true,0,Left,0.969693,10,0.68669689,-0.24174838,-0.08245188,1318,-261,-0.01415922,-0.03367262,-0.00373381
34,510761514,true,0,Left,0.969693,11,0.64703652,-0.37974489,-0.11436764,1242,-410,-0.02575277,-0.04381816,-0.02548709
34,510761514,true,0,Left,0.969693,12,0.62503626,-0.46473317,-0.13549446,1200,-501,-0.03643219,-0.05329315,-0.04611905
34,510761514,true,0,Left,0.969693,13,0.85479656,0.03152686,-0.05778878,1641,34,0.01554973,-0.00567280,-0.00602837
34,510761514,true,0,Left,0.969693,14,0.82475035,-0.26289057,-0.09650376,1583,-283,0.00887073,-0.02856148,-0.01601039
34,510761514,true,0,Left,0.969693,15,0.78903010,-0.41572832,-0.10465599,1514,-448,0.00034004,-0.04357383,-0.03576733
34,510761514,true,0,Left,0.969693,16,0.76483404,-0.53817056,-0.10914625,1468,-581,-0.00827668,-0.05515379,-0.05459191
34,510761514,true,0,Left,0.969693,17,0.97751311,0.06179612,-0.08229554,1876,66,0.03040195,0.00607958,-0.01728608
34,510761514,true,0,Left,0.969693,18,0.97924633,-0.17758530,-0.11347862,1880,-191,0.03568957,-0.01506562,-0.02178751
34,510761514,true,0,Left,0.969693,19,0.96336346,-0.32611048,-0.11310853,1849,-352,0.02948627,-0.03321474,-0.03269651
34,510761514,true,0,Left,0.969693,20,0.94851262,-0.45150316,-0.10912614,1821,-487,0.02190121,-0.04481221,-0.04776033
35,510761574,true,0,Left,0.973911,0,0.88879752,0.82526219,0.00000058,1706,891,0.02690248,0.07663052,0.00223422
35,510761574,true,0,Left,0.973911,1,0.72366656,0.78506272,-0.07571301,1389,847,-0.00660238,0.06512962,-0.00402553
35,510761574,true,0,Left,0.973911,2,0.55813233,0.61723675,-0.11785444,1071,666,-0.03266515,0.05200837,0.00182767
35,510761574,true,0,Left,0.973911,3,0.42274244,0.50624725,-0.15550280,811,546,-0.06021502,0.03915626,0.00641889
35,510761574,true,0,Left,0.973911,4,0.31498079,0.40172878,-0.18952091,604,433,-0.08347166,0.02675865,0.01515519
35,510761574,true,0,Left,0.973911,5,0.63197940,0.15340008,-0.03948804,1213,165,-0.02630891,0.00655806,0.00903442
35,510761574,true,0,Left,0.973911,6,0.56011866,-0.11681519,-0.09282303,1075,-126,-0.03400010,-0.01827724,0.00484916
35,510761574,true,0,Left,0.973911,7,0.51664183,-0.25826579,-0.13883108,991,-278,-0.04218593,-0.03350021,-0.00871224
35,510761574,true,0,Left,0.973911,8,0.48952806,-0.35674305,-0.16972488,939,-385,-0.05299619,-0.03714232,-0.03716252
35,510761574,true,0,Left,0.973911,9,0.73902387,0.06482587,-0.04124935,1418,70,-0.00361494,-0.00293698,0.00716931
35,510761574,true,0,Left,0.973911,10,0.68782021,-0.23970891,-0.08011627,1320,-258,-0.01407420,-0.03374928,-0.00350308
35,510761574,true,0,Left,0.973911,11,0.64873246,-0.37867307,-0.11115573,1245,-408,-0.02560567,-0.04402263,-0.02539160
35,510761574,true,0,Left,0.973911,12,0.62707927,-0.46522067,-0.13153199,1203,-502,-0.03617751,-0.05386881,-0.04616930
35,510761574,true,0,Left,0.973911,13,0.85567406,0.03365294,-0.05627066,1642,36,0.01551424,-0.00563745,-0.00605817
35,510761574,true,0,Left,0.973911,14,0.82520162,-0.26066050,-0.09387044,1584,-281,0.00885806,-0.02865607,-0.01590893
35,510761574,true,0,Left,0.973911,15,0.78982314,-0.41408134,-0.10128208,1516,-447,0.00038332,-0.04367912,-0.03572061
35,510761574,true,0,Left,0.973911,16,0.76630807,-0.53679589,-0.10509187,1471,-579,-0.00806627,-0.05545855,-0.05454639
35,510761574,true,0,Left,0.973911,17,0.97855985,0.06304769,-0.08041910,1878,68,0.03037866,0.00602834,-0.01745471
35,510761574,true,0,Left,0.973911,18,0.97924233,-0.17519603,-0.11083063,1880,-189,0.03574749,-0.01509837,-0.02178856
35,510761574,true,0,Left,0.973911,19,0.96350426,-0.32401076,-0.10992393,1849,-349,0.02948926,-0.03338523,-0.03265929
35,510761574,true,0,Left,0.973911,20,0.94921213,-0.44960356,-0.10536363,1822,-485,0.02196780,-0.04503905,-0.04770798
36,510761648,true,0,Left,0.969704,0,0.88776672,0.82837121,0.00000059,1704,894,0.02710322,0.07692418,0.00161692
36,510761648,true,0,Left,0.969704,1,0.72251370,0.78595649,-0.07605154,1387,848,-0.00653036,0.06537114,-0.00446900
36,510761648,true,0,Left,0.969704,2,0.55765930,0.61780849,-0.11841980,1070,667,-0.03252359,0.05224960,0.00126632
36,510761648,true,0,Left,0.969704,3,0.42252057,0.50707851,-0.15621518,811,547,-0.06004219,0.03929062,0.00608851
36,510761648,true,0,Left,0.969704,4,0.31482540,0.40315130,-0.19044688,604,435,-0.08311430,0.02693355,0.01508137
36,510761648,true,0,Left,0.969704,5,0.63000669,0.15481722,-0.04008795,1209,167,-0.02632526,0.00681028,0.00905932
36,510761648,true,0,Left,0.969704,6,0.55742694,-0.11504737,-0.09339989,1070,-124,-0.03409258,-0.01830426,0.00502213
36,510761648,true,0,Left,0.969704,7,0.51338614,-0.25964421,-0.13940431,985,-280,-0.04235952,-0.03382437,-0.00854272
36,510761648,true,0,Left,0.969704,8,0.48505123,-0.36199668,-0.17040033,931,-390,-0.05314210,-0.03781349,-0.03708219
36,510761648,true,0,Left,0.969704,9,0.73612483,0.06593697,-0.04167460,1413,71,-0.00365000,-0.00293228,0.00724467
36,510761648,true,0,Left,0.969704,10,0.68467115,-0.23816178,-0.08104722,1314,-257,-0.01409940,-0.03385650,-0.00336047
36,510761648,true,0,Left,0.969704,11,0.64501318,-0.37862443,-0.11232199,1238,-408,-0.02564223,-0.04428375,-0.02544363
36,510761648,true,0,Left,0.969704,12,0.62233570,-0.46611699,-0.13272108,1194,-503,-0.03615691,-0.05424628,-0.04631632
36,510761648,true,0,Left,0.969704,13,0.85163187,0.03411256,-0.05647921,1635,36,0.01557932,-0.00572254,-0.00605868
36,510761648,true,0,Left,0.969704,14,0.82082272,-0.25949949,-0.09456828,1575,-280,0.00881694,-0.02886107,-0.01599382
36,510761648,true,0,Left,0.969704,15,0.78574609,-0.41305827,-0.10233164,1508,-446,0.00041785,-0.04383538,-0.03579186
36,510761648,true,0,Left,0.969704,16,0.76211438,-0.53548947,-0.10618937,1463,-578,-0.00798037,-0.05562276,-0.05466474
36,510761648,true,0,Left,0.969704,17,0.97338780,0.06277984,-0.08037676,1868,67,0.03038021,0.00584878,-0.01766942
36,510761648,true,0,Left,0.969704,18,0.97260432,-0.17478436,-0.11134563,1867,-188,0.03555051,-0.01526242,-0.02190194
36,510761648,true,0,Left,0.969704,19,0.95582017,-0.32325427,-0.11084261,1835,-349,0.02920243,-0.03350308,-0.03292240
36,510761648,true,0,Left,0.969704,20,0.94055728,-0.44809439,-0.10641260,1805,-483,0.02153009,-0.04537266,-0.04807069
37,510761707,true,0,Left,0.970966,0,0.88532379,0.83092137,0.00000059,1699,897,0.02690184,0.07706806,0.00117488
37,510761707,true,0,Left,0.970966,1,0.71986788,0.78777578,-0.07635697,1382,850,-0.00680276,0.06543790,-0.00492709
37,510761707,true,0,Left,0.970966,2,0.55525504,0.61922742,-0.11886931,1066,668,-0.03280709,0.05224687,0.00082590
37,510761707,true,0,Left,0.970966,3,0.42042732,0.50772295,-0.15667191,807,548,-0.06041622,0.03919995,0.00563490
37,510761707,true,0,Left,0.970966,4,0.31338872,0.40373681,-0.19080096,601,436,-0.08346844,0.02690176,0.01465027
37,510761707,true,0,Left,0.970966,5,0.62865126,0.15687563,-0.04051392,1207,169,-0.02636781,0.00679987,0.00903687
37,510761707,true,0,Left,0.970966,6,0.55611416,-0.11109889,-0.09335388,1067,-119,-0.03412762,-0.01833233,0.00500401
37,510761707,true,0,Left,0.970966,7,0.51170264,-0.25745124,-0.13900874,982,-278,-0.04249925,-0.03396610,-0.00851380
37,510761707,true,0,Left,0.970966,8,0.48270679,-0.35862413,-0.16987096,926,-387,-0.05337271,-0.03806875,-0.03708793
37,510761707,true,0,Left,0.970966,9,0.73481747,0.06831946,-0.04175170,1410,73,-0.00362685,-0.00296919,0.00723211
37,510761707,true,0,Left,0.970966,10,0.68265639,-0.23462505,-0.08078230,1310,-253,-0.01416448,-0.03392127,-0.00342017
37,510761707,true,0,Left,0.970966,11,0.64227164,-0.37497001,-0.11163778,1233,-404,-0.02575132,-0.04433837,-0.02556622
37,510761707,true,0,Left,0.970966,12,0.61870341,-0.46189761,-0.13173322,1187,-498,-0.03645756,-0.05424394,-0.04664314
37,510761707,true,0,Left,0.970966,13,0.85021793,0.03641183,-0.05611534,1632,39,0.01560750,-0.00572801,-0.00605570
37,510761707,true,0,Left,0.970966,14,0.81868225,-0.25705367,-0.09401755,1571,-277,0.00886937,-0.02891970,-0.01601625
37,510761707,true,0,Left,0.970966,15,0.78338291,-0.40920364,-0.10158812,1504,-441,0.00035923,-0.04387538,-0.03599915
37,510761707,true,0,Left,0.970966,16,0.75946028,-0.52858241,-0.10522462,1458,-570,-0.00799433,-0.05545951,-0.05496344
37,510761707,true,0,Left,0.970966,17,0.97167960,0.06465262,-0.07949440,1865,69,0.03042112,0.00586778,-0.01768804
37,510761707,true,0,Left,0.970966,18,0.97028777,-0.17270211,-0.11057368,1862,-186,0.03559952,-0.01529495,-0.02195713
37,510761707,true,0,Left,0.970966,19,0.95339743,-0.32053558,-0.11022043,1830,-346,0.02920696,-0.03359811,-0.03302318
37,510761707,true,0,Left,0.970966,20,0.93804310,-0.44364115,-0.10577429,1801,-479,0.02160499,-0.04538029,-0.04821432
38,510761780,true,0,Left,0.966402,0,0.88678514,0.83118602,0.00000059,1702,897,0.02717433,0.07735552,0.00135987
38,510761780,true,0,Left,0.966402,1,0.72117398,0.78912703,-0.07631230,1384,852,-0.00648249,0.06554642,-0.00504777
38,510761780,true,0,Left,0.966402,2,0.55628545,0.61921824,-0.11870668,1068,668,-0.03242553,0.05233130,0.00058679
38,510761780,true,0,Left,0.966402,3,0.42107477,0.50677039,-0.15645355,808,547,-0.06022642,0.03912095,0.00491186
38,510761780,true,0,Left,0.966402,4,0.31267239,0.40621454,-0.19052242,600,438,-0.08351375,0.02700843,0.01371582
38,510761780,true,0,Left,0.966402,5,0.62782300,0.15746693,-0.04011479,1205,170,-0.02628721,0.00691400,0.00899808
38,510761780,true,0,Left,0.966402,6,0.55478299,-0.11001517,-0.09227295,1065,-118,-0.03416028,-0.01821436,0.00492961
38,510761780,true,0,Left,0.966402,7,0.50975492,-0.25709625,-0.13741543,978,-277,-0.04262032,-0.03398240,-0.00864947
38,510761780,true,0,Left,0.966402,8,0.47991842,-0.35869851,-0.16806691,921,-387,-0.05334426,-0.03807982,-0.03712468
38,510761780,true,0,Left,0.966402,9,0.73362325,0.06766424,-0.04124880,1408,73,-0.00368080,-0.00293893,0.00718667
38,510761780,true,0,Left,0.966402,10,0.67998966,-0.23460011,-0.07981104,1305,-253,-0.01427517,-0.03398194,-0.00327114
38,510761780,true,0,Left,0.966402,11,0.63925706,-0.37421415,-0.11017281,1227,-404,-0.02579599,-0.04435758,-0.02555527
38,510761780,true,0,Left,0.966402,12,0.61508182,-0.46116716,-0.12983901,1180,-498,-0.03650672,-0.05430519,-0.04660045
38,510761780,true,0,Left,0.966402,13,0.84885070,0.03486604,-0.05543876,1629,37,0.01555002,-0.00576157,-0.00597755
38,510761780,true,0,Left,0.966402,14,0.81593780,-0.25824847,-0.09319179,1566,-278,0.00869089,-0.02897506,-0.01609398
38,510761780,true,0,Left,0.966402,15,0.78038193,-0.40851172,-0.10023484,1498,-441,0.00035143,-0.04378693,-0.03601475
38,510761780,true,0,Left,0.966402,16,0.75594239,-0.52619668,-0.10328879,1451,-568,-0.00792049,-0.05519632,-0.05504043
38,510761780,true,0,Left,0.966402,17,0.97018718,0.06187316,-0.07862655,1862,66,0.03045835,0.00570461,-0.01760188
38,510761780,true,0,Left,0.966402,18,0.96793696,-0.17525213,-0.10969284,1858,-189,0.03545916,-0.01552719,-0.02194643
38,510761780,true,0,Left,0.966402,19,0.95048495,-0.32237400,-0.10899654,1824,-348,0.02915152,-0.03376610,-0.03302230
38,510761780,true,0,Left,0.966402,20,0.93447829,-0.44452584,-0.10406322,1794,-480,0.02149693,-0.04539233,-0.04841466
39,510761841,true,0,Left,0.972100,0,0.88558699,0.83315046,0.00000059,1700,899,0.02695548,0.07760124,0.00177717
39,510761841,true,0,Left,0.972100,1,0.72006954,0.79093171,-0.07626647,1382,854,-0.00667368,0.06568885,-0.00478228
39,510761841,true,0,Left,0.972100,2,0.55553198,0.62268730,-0.11878651,1066,672,-0.03272962,0.05245664,0.00066679
39,510761841,true,0,Left,0.972100,3,0.42048545,0.51045106,-0.15662431,807,551,-0.06030243,0.03918914,0.00493472
39,510761841,true,0,Left,0.972100,4,0.31292388,0.40536312,-0.19061675,600,437,-0.08379316,0.02673064,0.01379957
39,510761841,true,0,Left,0.972100,5,0.62770403,0.15876097,-0.03975915,1205,171,-0.02631180,0.00683572,0.00877478
39,510761841,true,0,Left,0.972100,6,0.55505096,-0.10560033,-0.09187488,1065,-114,-0.03423093,-0.01822133,0.00466364
39,510761841,true,0,Left,0.972100,7,0.51034893,-0.24845406,-0.13729717,979,-268,-0.04248133,-0.03374667,-0.00879280
39,510761841,true,0,Left,0.972100,8,0.48072523,-0.34675943,-0.16819181,922,-374,-0.05329987,-0.03776102,-0.03736719
39,510761841,true,0,Left,0.972100,9,0.73330884,0.07000847,-0.04102611,1407,75,-0.00365770,-0.00295696,0.00714473
39,510761841,true,0,Left,0.972100,10,0.68111809,-0.23008081,-0.07978755,1307,-248,-0.01401177,-0.03400126,-0.00356584
39,510761841,true,0,Left,0.972100,11,0.64066114,-0.36540994,-0.11031263,1230,-394,-0.02550739,-0.04410489,-0.02585666
39,510761841,true,0,Left,0.972100,12,0.61675820,-0.44634318,-0.13011168,1184,-482,-0.03618651,-0.05358154,-0.04720754
39,510761841,true,0,Left,0.972100,13,0.84809046,0.03892729,-0.05544272,1628,42,0.01560482,-0.00581227,-0.00588767
39,510761841,true,0,Left,0.972100,14,0.81711660,-0.25367545,-0.09327872,1568,-273,0.00913147,-0.02898672,-0.01588080
39,510761841,true,0,Left,0.972100,15,0.78217108,-0.40059340,-0.10054144,1501,-432,0.00059140,-0.04374351,-0.03632341
39,510761841,true,0,Left,0.972100,16,0.75816988,-0.51454327,-0.10387778,1455,-555,-0.00751344,-0.05500173,-0.05552781
39,510761841,true,0,Left,0.972100,17,0.96865374,0.06842224,-0.07887488,1859,73,0.03053821,0.00576386,-0.01731844
39,510761841,true,0,Left,0.972100,18,0.96884973,-0.16681413,-0.10997970,1860,-180,0.03569383,-0.01543731,-0.02170060
39,510761841,true,0,Left,0.972100,19,0.95299444,-0.31137247,-0.10959660,1829,-336,0.02968699,-0.03352480,-0.03277101
39,510761841,true,0,Left,0.972100,20,0.93804135,-0.43173878,-0.10501041,1801,-466,0.02235194,-0.04506905,-0.04832242
40,510761910,true,0,Left,0.971953,0,0.88558275,0.83605609,0.00000059,1700,902,0.02712484,0.07823651,-0.00091869
40,510761910,true,0,Left,0.971953,1,0.71952964,0.79111690,-0.07426532,1381,854,-0.00659213,0.06599866,-0.00641026
40,510761910,true,0,Left,0.971953,2,0.55500505,0.62116717,-0.11539190,1065,670,-0.03263376,0.05270432,0.00004700
40,510761910,true,0,Left,0.971953,3,0.42004158,0.50890350,-0.15252172,806,549,-0.06059614,0.03930751,0.00548756
40,510761910,true,0,Left,0.971953,4,0.31275357,0.40438666,-0.18584288,600,436,-0.08391698,0.02670973,0.01548514
40,510761910,true,0,Left,0.971953,5,0.62785281,0.16063501,-0.03516930,1205,173,-0.02626794,0.00712543,0.00930259
40,510761910,true,0,Left,0.971953,6,0.55495759,-0.10362992,-0.08546413,1065,-111,-0.03418288,-0.01819681,0.00534291
40,510761910,true,0,Left,0.971953,7,0.51000431,-0.24967831,-0.12973113,979,-269,-0.04258251,-0.03398275,-0.00819054
40,510761910,true,0,Left,0.971953,8,0.48020226,-0.35074869,-0.15998167,921,-378,-0.05316143,-0.03808155,-0.03690686
40,510761910,true,0,Left,0.971953,9,0.73230454,0.07152294,-0.03755474,1406,77,-0.00370336,-0.00297145,0.00728799
40,510761910,true,0,Left,0.971953,10,0.67865231,-0.22849312,-0.07504551,1303,-246,-0.01415245,-0.03413297,-0.00304463
40,510761910,true,0,Left,0.971953,11,0.63792850,-0.36841821,-0.10502099,1224,-397,-0.02567932,-0.04460340,-0.02555405
40,510761910,true,0,Left,0.971953,12,0.61371313,-0.45350595,-0.12445729,1178,-489,-0.03623469,-0.05445244,-0.04705392
40,510761910,true,0,Left,0.971953,13,0.84573402,0.03851109,-0.05302873,1623,41,0.01560015,-0.00590633,-0.00615734
40,510761910,true,0,Left,0.971953,14,0.81350485,-0.25427822,-0.09016756,1561,-274,0.00879688,-0.02934114,-0.01591039
40,510761910,true,0,Left,0.971953,15,0.77865948,-0.40477561,-0.09733717,1495,-437,0.00053893,-0.04432691,-0.03616009
40,510761910,true,0,Left,0.971953,16,0.75454740,-0.52188861,-0.10045291,1448,-563,-0.00760282,-0.05586199,-0.05547632
40,510761910,true,0,Left,0.971953,17,0.96502055,0.06597736,-0.07736930,1852,71,0.03043127,0.00541382,-0.01826934
40,510761910,true,0,Left,0.971953,18,0.96319811,-0.17076209,-0.10814286,1849,-184,0.03529498,-0.01586391,-0.02232320
40,510761910,true,0,Left,0.971953,19,0.94614356,-0.31790489,-0.10773809,1816,-343,0.02919584,-0.03415240,-0.03330366
40,510761910,true,0,Left,0.971953,20,0.92966429,-0.44010688,-0.10305297,1784,-475,0.02179905,-0.04606843,-0.04897823
41,510761978,true,0,Left,0.971403,0,0.88644210,0.83399333,0.00000059,1701,900,0.02743553,0.07826175,-0.00227750
41,510761978,true,0,Left,0.971403,1,0.71935762,0.78946864,-0.07397467,1381,852,-0.00636769,0.06597470,-0.00734473
41,510761978,true,0,Left,0.971403,2,0.55316897,0.61922291,-0.11435307,1062,668,-0.03255731,0.05261987,-0.00057355
41,510761978,true,0,Left,0.971403,3,0.41831327,0.50751910,-0.15062364,803,548,-0.06086076,0.03935058,0.00524828
41,510761978,true,0,Left,0.971403,4,0.31210267,0.40275761,-0.18308632,599,434,-0.08415210,0.02667949,0.01533958
41,510761978,true,0,Left,0.971403,5,0.62713054,0.16097698,-0.03463230,1204,173,-0.02621595,0.00710842,0.00936889
41,510761978,true,0,Left,0.971403,6,0.55251527,-0.10272273,-0.08404557,1060,-110,-0.03434292,-0.01807716,0.00553832
41,510761978,true,0,Left,0.971403,7,0.50667518,-0.25164003,-0.12750016,972,-271,-0.04278939,-0.03404731,-0.00778963
41,510761978,true,0,Left,0.971403,8,0.47593654,-0.35754099,-0.15734007,913,-386,-0.05353835,-0.03852346,-0.03663152
41,510761978,true,0,Left,0.971403,9,0.73146533,0.07183171,-0.03671332,1404,77,-0.00367111,-0.00294027,0.00735666
41,510761978,true,0,Left,0.971403,10,0.67547579,-0.22548678,-0.07349397,1296,-243,-0.01427173,-0.03391540,-0.00301031
41,510761978,true,0,Left,0.971403,11,0.63404498,-0.36622570,-0.10310388,1217,-395,-0.02601689,-0.04434368,-0.02573559
41,510761978,true,0,Left,0.971403,12,0.60872317,-0.45434600,-0.12241485,1168,-490,-0.03658649,-0.05454582,-0.04746913
41,510761978,true,0,Left,0.971403,13,0.84460617,0.03762483,-0.05184545,1621,40,0.01549516,-0.00589121,-0.00612287
41,510761978,true,0,Left,0.971403,14,0.80976843,-0.25263079,-0.08868062,1554,-272,0.00848058,-0.02925688,-0.01609197
41,510761978,true,0,Left,0.971403,15,0.77338553,-0.40129947,-0.09589478,1484,-433,0.00014522,-0.04399116,-0.03640112
41,510761978,true,0,Left,0.971403,16,0.74744964,-0.51801355,-0.09898387,1435,-559,-0.00826468,-0.05558817,-0.05576554
41,510761978,true,0,Left,0.971403,17,0.96366920,0.06273155,-0.07585610,1850,67,0.03031724,0.00525252,-0.01857664
41,510761978,true,0,Left,0.971403,18,0.95720556,-0.17358124,-0.10678786,1837,-187,0.03476535,-0.01596176,-0.02270148
41,510761978,true,0,Left,0.971403,19,0.93793676,-0.31909850,-0.10653710,1800,-344,0.02857931,-0.03414190,-0.03379652
41,510761978,true,0,Left,0.971403,20,0.91943815,-0.43957225,-0.10187171,1765,-474,0.02076475,-0.04590599,-0.04958440
42,510762043,true,0,Left,0.971912,0,0.88741595,0.83092235,0.00000062,1703,897,0.02757254,0.07805746,-0.00196153
42,510762043,true,0,Left,0.971912,1,0.71989310,0.78662087,-0.07483501,1382,849,-0.00624569,0.06570252,-0.00726530
42,510762043,true,0,Left,0.971912,2,0.55330488,0.61821645,-0.11604072,1062,667,-0.03256709,0.05244090,-0.00050780
42,510762043,true,0,Left,0.971912,3,0.41804484,0.50893051,-0.15301589,802,549,-0.06112813,0.03946855,0.00501514
42,510762043,true,0,Left,0.971912,4,0.31186514,0.40417060,-0.18629558,598,436,-0.08478314,0.02707884,0.01521927
42,510762043,true,0,Left,0.971912,5,0.62775515,0.16061207,-0.03619040,1205,173,-0.02624720,0.00699162,0.00929389
42,510762043,true,0,Left,0.971912,6,0.55291772,-0.10320357,-0.08603880,1061,-111,-0.03447901,-0.01805290,0.00546119
42,510762043,true,0,Left,0.971912,7,0.50814589,-0.25787459,-0.12979738,975,-278,-0.04269757,-0.03433783,-0.00759709
42,510762043,true,0,Left,0.971912,8,0.47847048,-0.37312032,-0.15984124,918,-402,-0.05326453,-0.03951501,-0.03669375
42,510762043,true,0,Left,0.971912,9,0.73232761,0.07243746,-0.03785235,1406,78,-0.00359428,-0.00292110,0.00728742
42,510762043,true,0,Left,0.971912,10,0.67700297,-0.22447580,-0.07459873,1299,-242,-0.01414588,-0.03366723,-0.00318445
42,510762043,true,0,Left,0.971912,11,0.63630518,-0.36743113,-0.10410072,1221,-396,-0.02586407,-0.04422772,-0.02585818
42,510762043,true,0,Left,0.971912,12,0.61140039,-0.46115225,-0.12344782,1173,-498,-0.03626378,-0.05490069,-0.04779481
42,510762043,true,0,Left,0.971912,13,0.84543238,0.03830388,-0.05256393,1623,41,0.01546845,-0.00584103,-0.00599114
42,510762043,true,0,Left,0.971912,14,0.81054816,-0.25036597,-0.08926648,1556,-270,0.00843368,-0.02898277,-0.01620308
42,510762043,true,0,Left,0.971912,15,0.77401176,-0.40071335,-0.09619413,1486,-432,0.00007150,-0.04371623,-0.03648009
42,510762043,true,0,Left,0.971912,16,0.74750969,-0.51970840,-0.09918168,1435,-561,-0.00853243,-0.05581854,-0.05590656
42,510762043,true,0,Left,0.971912,17,0.96421375,0.06277686,-0.07625402,1851,67,0.03030621,0.00526219,-0.01847588
42,510762043,true,0,Left,0.971912,18,0.95566660,-0.17330265,-0.10735029,1834,-187,0.03443018,-0.01585531,-0.02288329
42,510762043,true,0,Left,0.971912,19,0.93561410,-0.31893833,-0.10693325,1796,-344,0.02817246,-0.03396667,-0.03405966
42,510762043,true,0,Left,0.971912,20,0.91585873,-0.43947204,-0.10216447,1758,-474,0.01999701,-0.04560941,-0.04994008
43,510762110,true,0,Left,0.974615,0,0.88712096,0.83000986,0.00000061,1703,896,0.02755153,0.07811737,-0.00273887
43,510762110,true,0,Left,0.974615,1,0.72002739,0.78553390,-0.07438181,1382,848,-0.00625103,0.06570016,-0.00783412
43,510762110,true,0,Left,0.974615,2,0.55335759,0.61768867,-0.11558210,1062,667,-0.03251145,0.05244016,-0.00066470
43,510762110,true,0,Left,0.974615,3,0.41819245,0.50963943,-0.15273954,802,550,-0.06127366,0.03964443,0.00536906
43,510762110,true,0,Left,0.974615,4,0.31172990,0.40494528,-0.18634565,598,437,-0.08500079,0.02729375,0.01611660
43,510762110,true,0,Left,0.974615,5,0.62824720,0.16103475,-0.03555146,1206,173,-0.02617945,0.00701108,0.00946603
43,510762110,true,0,Left,0.974615,6,0.55311493,-0.10155645,-0.08541737,1061,-109,-0.03449282,-0.01793122,0.00567379
43,510762110,true,0,Left,0.974615,7,0.50783806,-0.25641163,-0.12939307,975,-276,-0.04283240,-0.03433342,-0.00738560
43,510762110,true,0,Left,0.974615,8,0.47768935,-0.36959867,-0.15965561,917,-399,-0.05347575,-0.03953109,-0.03690842
43,510762110,true,0,Left,0.974615,9,0.73235189,0.07408212,-0.03741482,1406,80,-0.00358937,-0.00290004,0.00735764
43,510762110,true,0,Left,0.974615,10,0.67594487,-0.22095055,-0.07443744,1297,-238,-0.01429049,-0.03339007,-0.00323202
43,510762110,true,0,Left,0.974615,11,0.63410052,-0.36354901,-0.10430056,1217,-392,-0.02625240,-0.04393667,-0.02615824
43,510762110,true,0,Left,0.974615,12,0.60761566,-0.45771888,-0.12395904,1166,-494,-0.03679710,-0.05463293,-0.04848717
43,510762110,true,0,Left,0.974615,13,0.84481667,0.03973252,-0.05234564,1622,42,0.01540540,-0.00586053,-0.00604422
43,510762110,true,0,Left,0.974615,14,0.80858721,-0.24757330,-0.08938962,1552,-267,0.00819991,-0.02886702,-0.01640977
43,510762110,true,0,Left,0.974615,15,0.77037412,-0.39838697,-0.09672136,1479,-430,-0.00032684,-0.04357269,-0.03676312
43,510762110,true,0,Left,0.974615,16,0.74151314,-0.51757598,-0.09998154,1423,-558,-0.00936134,-0.05572056,-0.05638450
43,510762110,true,0,Left,0.974615,17,0.96313957,0.06319872,-0.07621823,1849,68,0.03018046,0.00520510,-0.01883327
43,510762110,true,0,Left,0.974615,18,0.95264753,-0.17317981,-0.10776530,1829,-187,0.03412311,-0.01589473,-0.02328041
43,510762110,true,0,Left,0.974615,19,0.93123479,-0.31921811,-0.10768814,1787,-344,0.02770958,-0.03403214,-0.03458775
43,510762110,true,0,Left,0.974615,20,0.90944024,-0.43963321,-0.10317737,1746,-474,0.01922239,-0.04570601,-0.05060372
44,510762177,true,0,Left,0.969721,0,0.89262164,0.82525530,0.00000060,1713,891,0.02844181,0.07792528,-0.00317232
44,510762177,true,0,Left,0.969721,1,0.72365577,0.78510181,-0.07370130,1389,847,-0.00559677,0.06562050,-0.00813723
44,510762177,true,0,Left,0.969721,2,0.55410165,0.61752790,-0.11407816,1063,666,-0.03191193,0.05238411,-0.00068572
44,510762177,true,0,Left,0.969721,3,0.41804988,0.50917410,-0.15054254,802,549,-0.06115541,0.03967826,0.00542025
44,510762177,true,0,Left,0.969721,4,0.31113435,0.40564846,-0.18358976,597,438,-0.08494217,0.02734097,0.01604431
44,510762177,true,0,Left,0.969721,5,0.62842045,0.16191666,-0.03411390,1206,174,-0.02592709,0.00731446,0.00962172
44,510762177,true,0,Left,0.969721,6,0.55228503,-0.10031394,-0.08311175,1060,-108,-0.03448549,-0.01775435,0.00580520
44,510762177,true,0,Left,0.969721,7,0.50640412,-0.25632161,-0.12666554,972,-276,-0.04307276,-0.03439736,-0.00733634
44,510762177,true,0,Left,0.969721,8,0.47546393,-0.36982369,-0.15671136,912,-399,-0.05366775,-0.03965728,-0.03689480
44,510762177,true,0,Left,0.969721,9,0.73162104,0.07423936,-0.03575589,1404,80,-0.00363952,-0.00283603,0.00735989
44,510762177,true,0,Left,0.969721,10,0.67219091,-0.21961556,-0.07199113,1290,-237,-0.01472276,-0.03324396,-0.00322234
44,510762177,true,0,Left,0.969721,11,0.62824151,-0.36188790,-0.10183248,1206,-390,-0.02688045,-0.04375570,-0.02625770
44,510762177,true,0,Left,0.969721,12,0.59895824,-0.45656506,-0.12154352,1149,-493,-0.03767607,-0.05458301,-0.04862395
44,510762177,true,0,Left,0.969721,13,0.84332169,0.03842022,-0.05033930,1619,41,0.01526295,-0.00596847,-0.00608098
44,510762177,true,0,Left,0.969721,14,0.80334664,-0.24795788,-0.08688716,1542,-267,0.00755078,-0.02890077,-0.01667885
44,510762177,true,0,Left,0.969721,15,0.76226067,-0.39871349,-0.09478662,1463,-430,-0.00109265,-0.04353273,-0.03686165
44,510762177,true,0,Left,0.969721,16,0.72993400,-0.51744981,-0.09830729,1401,-558,-0.01055932,-0.05565668,-0.05646992
44,510762177,true,0,Left,0.969721,17,0.96112574,0.05870008,-0.07375561,1845,63,0.02996444,0.00487944,-0.01909693
44,510762177,true,0,Left,0.969721,18,0.94590667,-0.17930268,-0.10535107,1816,-193,0.03348380,-0.01621586,-0.02353870
44,510762177,true,0,Left,0.969721,19,0.92134676,-0.32524182,-0.10577617,1768,-351,0.02669564,-0.03433078,-0.03486110
44,510762177,true,0,Left,0.969721,20,0.89623198,-0.44495452,-0.10149105,1720,-480,0.01794026,-0.04612271,-0.05078664
45,510762243,true,0,Left,0.969222,0,0.90182485,0.81672625,0.00000063,1731,882,0.03012406,0.07727536,-0.00210593
45,510762243,true,0,Left,0.969222,1,0.73239503,0.78494521,-0.07530312,1406,847,-0.00414614,0.06502322,-0.00744812
45,510762243,true,0,Left,0.969222,2,0.55887527,0.61981223,-0.11668019,1073,669,-0.03094898,0.05229491,0.00007085
45,510762243,true,0,Left,0.969222,3,0.41988725,0.51193136,-0.15378586,806,552,-0.06075699,0.03997029,0.00564929
45,510762243,true,0,Left,0.969222,4,0.31063265,0.41180644,-0.18755375,596,444,-0.08499298,0.02789889,0.01607157
45,510762243,true,0,Left,0.969222,5,0.62810757,0.16379482,-0.03537401,1205,176,-0.02568844,0.00746487,0.00945469
45,510762243,true,0,Left,0.969222,6,0.55226842,-0.09863375,-0.08498189,1060,-106,-0.03449998,-0.01758414,0.00579138
45,510762243,true,0,Left,0.969222,7,0.50729930,-0.25697690,-0.12907114,974,-277,-0.04305155,-0.03433322,-0.00718177
45,510762243,true,0,Left,0.969222,8,0.47690141,-0.37344262,-0.15973797,915,-403,-0.05328821,-0.03991836,-0.03639659
45,510762243,true,0,Left,0.969222,9,0.73082602,0.07518064,-0.03646293,1403,81,-0.00371509,-0.00284378,0.00726573
45,510762243,true,0,Left,0.969222,10,0.67295364,-0.21859708,-0.07340943,1292,-236,-0.01478409,-0.03285032,-0.00338810
45,510762243,true,0,Left,0.969222,11,0.63080742,-0.36239125,-0.10374375,1211,-391,-0.02660477,-0.04339108,-0.02640070
45,510762243,true,0,Left,0.969222,12,0.60296617,-0.45899195,-0.12396902,1157,-495,-0.03715343,-0.05451552,-0.04865456
45,510762243,true,0,Left,0.969222,13,0.84174452,0.03845185,-0.05055098,1616,41,0.01518304,-0.00604132,-0.00597094
45,510762243,true,0,Left,0.969222,14,0.80265669,-0.24599477,-0.08771243,1541,-265,0.00720992,-0.02850306,-0.01670202
45,510762243,true,0,Left,0.969222,15,0.76329227,-0.39790923,-0.09606009,1465,-429,-0.00136937,-0.04319968,-0.03700030
45,510762243,true,0,Left,0.969222,16,0.73258025,-0.51816728,-0.09995588,1406,-559,-0.01043701,-0.05561416,-0.05676986
45,510762243,true,0,Left,0.969222,17,0.95871658,0.05743651,-0.07354677,1840,62,0.03000375,0.00467331,-0.01879748
45,510762243,true,0,Left,0.969222,18,0.94313192,-0.18041404,-0.10562505,1810,-194,0.03319654,-0.01626749,-0.02322597
45,510762243,true,0,Left,0.969222,19,0.91962902,-0.32677588,-0.10644014,1765,-352,0.02624229,-0.03425462,-0.03461343
45,510762243,true,0,Left,0.969222,20,0.89560599,-0.44740843,-0.10253716,1719,-483,0.01775820,-0.04612102,-0.05047543
46,510762311,true,0,Left,0.977433,0,0.89877213,0.81459712,0.00000066,1725,879,0.02999656,0.07598445,-0.00022381
46,510762311,true,0,Left,0.977433,1,0.73188298,0.78547239,-0.07692736,1405,848,-0.00408499,0.06396967,-0.00568560
46,510762311,true,0,Left,0.977433,2,0.55969903,0.62047768,-0.11982860,1074,670,-0.03082674,0.05154539,0.00185265
46,510762311,true,0,Left,0.977433,3,0.42064740,0.51326416,-0.15807103,807,554,-0.06081008,0.03966229,0.00668232
46,510762311,true,0,Left,0.977433,4,0.30946636,0.41326788,-0.19353114,594,446,-0.08512313,0.02809145,0.01687795
46,510762311,true,0,Left,0.977433,5,0.62878478,0.16420488,-0.03978780,1207,177,-0.02542483,0.00743533,0.00948744
46,510762311,true,0,Left,0.977433,6,0.55433812,-0.09810765,-0.09229271,1064,-105,-0.03431821,-0.01735846,0.00602002
46,510762311,true,0,Left,0.977433,7,0.50955892,-0.25845223,-0.13981119,978,-279,-0.04293595,-0.03411044,-0.00695199
46,510762311,true,0,Left,0.977433,8,0.47835018,-0.37767832,-0.17319680,918,-407,-0.05307178,-0.03993760,-0.03577514
46,510762311,true,0,Left,0.977433,9,0.73212902,0.07642533,-0.04067946,1405,82,-0.00365982,-0.00286208,0.00718570
46,510762311,true,0,Left,0.977433,10,0.67685879,-0.21892528,-0.08032065,1299,-236,-0.01462078,-0.03229322,-0.00355146
46,510762311,true,0,Left,0.977433,11,0.63587757,-0.36610880,-0.11391138,1220,-395,-0.02636937,-0.04299942,-0.02611795
46,510762311,true,0,Left,0.977433,12,0.60826189,-0.46866294,-0.13739101,1167,-506,-0.03696250,-0.05460398,-0.04826027
46,510762311,true,0,Left,0.977433,13,0.84329700,0.04130339,-0.05455166,1619,44,0.01515033,-0.00594196,-0.00605506
46,510762311,true,0,Left,0.977433,14,0.80599538,-0.24207052,-0.09365856,1547,-261,0.00726508,-0.02774570,-0.01665746
46,510762311,true,0,Left,0.977433,15,0.76816837,-0.39828722,-0.10418481,1474,-430,-0.00116604,-0.04270330,-0.03697037
46,510762311,true,0,Left,0.977433,16,0.73840163,-0.52275651,-0.11028921,1417,-564,-0.00997060,-0.05576742,-0.05716078
46,510762311,true,0,Left,0.977433,17,0.96015648,0.06193397,-0.07746015,1843,66,0.02992100,0.00483528,-0.01870263
46,510762311,true,0,Left,0.977433,18,0.94689807,-0.17631209,-0.11100319,1818,-190,0.03311723,-0.01594262,-0.02312861
46,510762311,true,0,Left,0.977433,19,0.92444502,-0.32434995,-0.11299640,1774,-350,0.02610963,-0.03364745,-0.03467279
46,510762311,true,0,Left,0.977433,20,0.90096135,-0.44596147,-0.11067990,1729,-481,0.01782681,-0.04555295,-0.05066505
47,510762375,true,0,Left,0.973529,0,0.89938582,0.80954493,0.00000069,1726,874,0.03002998,0.07570392,0.00036642
47,510762375,true,0,Left,0.973529,1,0.73335252,0.78357988,-0.07888565,1408,846,-0.00401991,0.06375329,-0.00568516
47,510762375,true,0,Left,0.973529,2,0.56051873,0.62006858,-0.12277731,1076,669,-0.03073077,0.05132405,0.00157665
47,510762375,true,0,Left,0.973529,3,0.42103324,0.51265992,-0.16156475,808,553,-0.06085104,0.03974084,0.00595825
47,510762375,true,0,Left,0.973529,4,0.30927272,0.41260999,-0.19742419,593,445,-0.08555083,0.02817605,0.01582860
47,510762375,true,0,Left,0.973529,5,0.62882396,0.16299408,-0.04180846,1207,176,-0.02547713,0.00727192,0.00927782
47,510762375,true,0,Left,0.973529,6,0.55584043,-0.09977255,-0.09446592,1067,-107,-0.03423750,-0.01731748,0.00584391
47,510762375,true,0,Left,0.973529,7,0.51304656,-0.26162808,-0.14121126,985,-282,-0.04266303,-0.03416619,-0.00701344
47,510762375,true,0,Left,0.973529,8,0.48416037,-0.38148528,-0.17368333,929,-412,-0.05252850,-0.04013434,-0.03570132
47,510762375,true,0,Left,0.973529,9,0.73323286,0.07491760,-0.04151855,1407,80,-0.00365972,-0.00287069,0.00707211
47,510762375,true,0,Left,0.973529,10,0.68139977,-0.22084534,-0.08088653,1308,-238,-0.01429245,-0.03211621,-0.00360829
47,510762375,true,0,Left,0.973529,11,0.64263532,-0.36796337,-0.11309354,1233,-397,-0.02576121,-0.04281480,-0.02607181
47,510762375,true,0,Left,0.973529,12,0.61711589,-0.46961746,-0.13515353,1184,-507,-0.03620705,-0.05454732,-0.04797153
47,510762375,true,0,Left,0.973529,13,0.84521730,0.03957102,-0.05454417,1622,42,0.01517197,-0.00586263,-0.00587768
47,510762375,true,0,Left,0.973529,14,0.81143159,-0.24398587,-0.09341505,1557,-263,0.00744954,-0.02760840,-0.01662646
47,510762375,true,0,Left,0.973529,15,0.77519294,-0.39859885,-0.10243616,1488,-430,-0.00078856,-0.04244984,-0.03686489
47,510762375,true,0,Left,0.973529,16,0.74748300,-0.52238554,-0.10726520,1435,-564,-0.00949159,-0.05545896,-0.05678249
47,510762375,true,0,Left,0.973529,17,0.96247582,0.05993725,-0.07689966,1847,64,0.02998937,0.00490812,-0.01826637
47,510762375,true,0,Left,0.973529,18,0.95150219,-0.17654006,-0.11008905,1826,-190,0.03334730,-0.01567001,-0.02275000
47,510762375,true,0,Left,0.973529,19,0.93129470,-0.32394804,-0.11115230,1788,-349,0.02659102,-0.03333180,-0.03427564
47,510762375,true,0,Left,0.973529,20,0.91046019,-0.44530792,-0.10792643,1748,-480,0.01843994,-0.04516688,-0.05005355
48,510762447,true,0,Left,0.974898,0,0.90455621,0.81042935,0.00000068,1736,875,0.03103664,0.07564916,0.00018617
48,510762447,true,0,Left,0.974898,1,0.73655867,0.78450869,-0.07737678,1414,847,-0.00352194,0.06408382,-0.00582910
48,510762447,true,0,Left,0.974898,2,0.56278679,0.61962244,-0.11993765,1080,669,-0.03043650,0.05152354,0.00140533
48,510762447,true,0,Left,0.974898,3,0.42319113,0.51047813,-0.15779894,812,551,-0.06055984,0.03984240,0.00585462
48,510762447,true,0,Left,0.974898,4,0.31010154,0.41111712,-0.19273800,595,444,-0.08529347,0.02818329,0.01588316
48,510762447,true,0,Left,0.974898,5,0.62830191,0.16387480,-0.03946104,1206,176,-0.02564624,0.00747830,0.00923636
48,510762447,true,0,Left,0.974898,6,0.55458636,-0.09842225,-0.09117153,1064,-106,-0.03444363,-0.01695710,0.00595220
48,510762447,true,0,Left,0.974898,7,0.51045124,-0.25967946,-0.13731358,980,-280,-0.04300568,-0.03392708,-0.00703084
48,510762447,true,0,Left,0.974898,8,0.48031318,-0.37847830,-0.16949624,922,-408,-0.05312976,-0.03979431,-0.03540712
48,510762447,true,0,Left,0.974898,9,0.73331129,0.07447423,-0.03983662,1407,80,-0.00372667,-0.00289665,0.00715404
48,510762447,true,0,Left,0.974898,10,0.67936519,-0.22222467,-0.07843169,1304,-240,-0.01457769,-0.03222530,-0.00347678
48,510762447,true,0,Left,0.974898,11,0.63840260,-0.36922679,-0.11026593,1225,-398,-0.02639775,-0.04301067,-0.02582112
48,510762447,true,0,Left,0.974898,12,0.61136677,-0.46914439,-0.13214988,1173,-506,-0.03704791,-0.05475736,-0.04767763
48,510762447,true,0,Left,0.974898,13,0.84636425,0.03768896,-0.05339617,1625,40,0.01524196,-0.00605241,-0.00592801
48,510762447,true,0,Left,0.974898,14,0.81110244,-0.24684590,-0.09142787,1557,-266,0.00726880,-0.02783763,-0.01664382
48,510762447,true,0,Left,0.974898,15,0.77284403,-0.40120569,-0.10013076,1483,-433,-0.00113527,-0.04279671,-0.03677555
48,510762447,true,0,Left,0.974898,16,0.74351818,-0.52470547,-0.10498715,1427,-566,-0.01011685,-0.05560661,-0.05685214
48,510762447,true,0,Left,0.974898,17,0.96517916,0.05669948,-0.07612655,1853,61,0.03025377,0.00473002,-0.01839507
48,510762447,true,0,Left,0.974898,18,0.95468228,-0.18048204,-0.10850011,1832,-194,0.03378827,-0.01601850,-0.02294418
48,510762447,true,0,Left,0.974898,19,0.93359639,-0.32885739,-0.10934502,1792,-355,0.02670509,-0.03372915,-0.03451039
48,510762447,true,0,Left,0.974898,20,0.91158154,-0.45189852,-0.10620702,1750,-488,0.01839198,-0.04551436,-0.05028619
49,510762509,true,0,Left,0.977036,0,0.90181297,0.81358558,0.00000067,1731,878,0.03049902,0.07526547,0.00099390
49,510762509,true,0,Left,0.977036,1,0.73500728,0.78503004,-0.07768608,1411,847,-0.00391257,0.06360319,-0.00505208
49,510762509,true,0,Left,0.977036,2,0.56328176,0.61811505,-0.12105466,1081,667,-0.03055669,0.05106877,0.00217135
49,510762509,true,0,Left,0.977036,3,0.42435632,0.50809800,-0.15984102,814,548,-0.06056964,0.03937225,0.00652121
49,510762509,true,0,Left,0.977036,4,0.31030617,0.40912440,-0.19590219,595,441,-0.08517898,0.02788332,0.01647917
49,510762509,true,0,Left,0.977036,5,0.62956494,0.16321587,-0.04051256,1208,176,-0.02555763,0.00748335,0.00927842
49,510762509,true,0,Left,0.977036,6,0.55681102,-0.09932158,-0.09402157,1069,-107,-0.03427753,-0.01680677,0.00608368
49,510762509,true,0,Left,0.977036,7,0.51179285,-0.25970816,-0.14234868,982,-280,-0.04298603,-0.03369216,-0.00711657
49,510762509,true,0,Left,0.977036,8,0.48033596,-0.37701794,-0.17630389,922,-407,-0.05322215,-0.03937812,-0.03523482
49,510762509,true,0,Left,0.977036,9,0.73520699,0.07528629,-0.04168906,1411,81,-0.00370448,-0.00288047,0.00716800
49,510762509,true,0,Left,0.977036,10,0.68190767,-0.22221274,-0.08276849,1309,-239,-0.01450688,-0.03189352,-0.00367374
49,510762509,true,0,Left,0.977036,11,0.63988781,-0.36898670,-0.11719634,1228,-398,-0.02646197,-0.04255935,-0.02595823
49,510762509,true,0,Left,0.977036,12,0.61163608,-0.46765464,-0.14132564,1174,-505,-0.03728188,-0.05429436,-0.04769314
49,510762509,true,0,Left,0.977036,13,0.84868983,0.04012099,-0.05614133,1629,43,0.01525696,-0.00604151,-0.00602341
49,510762509,true,0,Left,0.977036,14,0.81476927,-0.24586354,-0.09593029,1564,-265,0.00743535,-0.02746627,-0.01666241
49,510762509,true,0,Left,0.977036,15,0.77631473,-0.40120370,-0.10661103,1490,-433,-0.00105551,-0.04254042,-0.03686712
49,510762509,true,0,Left,0.977036,16,0.74601491,-0.52449615,-0.11330494,1432,-566,-0.00993638,-0.05538607,-0.05736373
49,510762509,true,0,Left,0.977036,17,0.96834212,0.06085479,-0.07983670,1859,65,0.03017883,0.00487104,-0.01850094
49,510762509,true,0,Left,0.977036,18,0.95988218,-0.17741453,-0.11305350,1842,-191,0.03394090,-0.01586422,-0.02288260
49,510762509,true,0,Left,0.977036,19,0.93904439,-0.32669944,-0.11493443,1802,-352,0.02683943,-0.03342320,-0.03451234
49,510762509,true,0,Left,0.977036,20,0.91585956,-0.44931914,-0.11319234,1758,-485,0.01850724,-0.04518414,-0.05050849
50,510762578,true,0,Left,0.974175,0,0.90078067,0.81543552,0.00000064,1729,880,0.03072962,0.07568244,-0.00016956
50,510762578,true,0,Left,0.974175,1,0.73345796,0.78436330,-0.07615553,1408,847,-0.00371546,0.06417787,-0.00604258
50,510762578,true,0,Left,0.974175,2,0.56178045,0.61745317,-0.11869297,1078,666,-0.03019582,0.05153811,0.00096297
50,510762578,true,0,Left,0.974175,3,0.42362022,0.50712293,-0.15704467,813,547,-0.06022710,0.03962284,0.00581629
50,510762578,true,0,Left,0.974175,4,0.31034519,0.40212289,-0.19235634,595,434,-0.08477886,0.02742646,0.01583150
50,510762578,true,0,Left,0.974175,5,0.62778629,0.16349678,-0.03657902,1205,176,-0.02549303,0.00761247,0.00934020
50,510762578,true,0,Left,0.974175,6,0.55311021,-0.09595454,-0.08872044,1061,-103,-0.03430278,-0.01668981,0.00604528
50,510762578,true,0,Left,0.974175,7,0.50525277,-0.24881853,-0.13558500,970,-268,-0.04335742,-0.03332529,-0.00739718
50,510762578,true,0,Left,0.974175,8,0.47107189,-0.35793069,-0.16822196,904,-386,-0.05400402,-0.03828439,-0.03609441
50,510762578,true,0,Left,0.974175,9,0.73232995,0.07516898,-0.03857909,1406,81,-0.00379157,-0.00288437,0.00738739
50,510762578,true,0,Left,0.974175,10,0.67553160,-0.22009071,-0.07812201,1297,-237,-0.01475595,-0.03204132,-0.00354821
50,510762578,true,0,Left,0.974175,11,0.63111930,-0.36250125,-0.11093136,1211,-391,-0.02705675,-0.04249654,-0.02628664
50,510762578,true,0,Left,0.974175,12,0.60067442,-0.45752692,-0.13355868,1153,-494,-0.03803244,-0.05416198,-0.04800042
50,510762578,true,0,Left,0.974175,13,0.84448247,0.03914223,-0.05394020,1621,42,0.01514632,-0.00615121,-0.00604778
50,510762578,true,0,Left,0.974175,14,0.80857550,-0.24550129,-0.09301095,1552,-265,0.00711880,-0.02777052,-0.01671422
50,510762578,true,0,Left,0.974175,15,0.76883103,-0.39850436,-0.10278532,1476,-430,-0.00130159,-0.04263116,-0.03694868
50,510762578,true,0,Left,0.974175,16,0.73708375,-0.52116009,-0.10867068,1415,-562,-0.01053042,-0.05527183,-0.05757963
50,510762578,true,0,Left,0.974175,17,0.96275554,0.05947516,-0.07816927,1848,64,0.02994697,0.00484522,-0.01877872
50,510762578,true,0,Left,0.974175,18,0.95254529,-0.17722466,-0.11104090,1828,-191,0.03367387,-0.01583459,-0.02326559
50,510762578,true,0,Left,0.974175,19,0.93113547,-0.32528660,-0.11254695,1787,-351,0.02636596,-0.03352748,-0.03508828
50,510762578,true,0,Left,0.974175,20,0.90754915,-0.44833249,-0.11025603,1742,-484,0.01809010,-0.04542984,-0.05081714
51,510762644,true,0,Left,0.974188,0,0.90214677,0.81336653,0.00000067,1732,878,0.03092202,0.07541726,0.00104712
51,510762644,true,0,Left,0.974188,1,0.73615611,0.78403234,-0.07733181,1413,846,-0.00335246,0.06357299,-0.00525903
51,510762644,true,0,Left,0.974188,2,0.56433379,0.61687930,-0.12075221,1083,666,-0.02992468,0.05123921,0.00157636
51,510762644,true,0,Left,0.974188,3,0.42538333,0.50654138,-0.15965149,816,547,-0.06016091,0.03949198,0.00583836
51,510762644,true,0,Left,0.974188,4,0.31051826,0.40521847,-0.19575105,596,437,-0.08501105,0.02765632,0.01570942
51,510762644,true,0,Left,0.974188,5,0.62876432,0.16393499,-0.03915035,1207,177,-0.02536757,0.00757426,0.00916545
51,510762644,true,0,Left,0.974188,6,0.55505602,-0.09575247,-0.09196368,1065,-103,-0.03425206,-0.01676289,0.00579080
51,510762644,true,0,Left,0.974188,7,0.50942976,-0.25236449,-0.13928200,978,-272,-0.04306891,-0.03347427,-0.00743150
51,510762644,true,0,Left,0.974188,8,0.47737262,-0.36594756,-0.17235840,916,-395,-0.05312622,-0.03904267,-0.03577038
51,510762644,true,0,Left,0.974188,9,0.73304054,0.07629641,-0.04069288,1407,82,-0.00378670,-0.00287841,0.00723939
51,510762644,true,0,Left,0.974188,10,0.67807936,-0.21737284,-0.08100244,1301,-234,-0.01455643,-0.03175301,-0.00375138
51,510762644,true,0,Left,0.974188,11,0.63705728,-0.36173732,-0.11432327,1223,-390,-0.02634252,-0.04232443,-0.02638061
51,510762644,true,0,Left,0.974188,12,0.60943874,-0.46072354,-0.13733557,1170,-497,-0.03696951,-0.05420340,-0.04807755
51,510762644,true,0,Left,0.974188,13,0.84490127,0.04131203,-0.05550033,1622,44,0.01509380,-0.00608125,-0.00591905
51,510762644,true,0,Left,0.974188,14,0.80977846,-0.23982004,-0.09539222,1554,-259,0.00711603,-0.02732044,-0.01667742
51,510762644,true,0,Left,0.974188,15,0.77238800,-0.39401234,-0.10560431,1482,-425,-0.00108001,-0.04218953,-0.03693170
51,510762644,true,0,Left,0.974188,16,0.74308028,-0.51948295,-0.11163701,1426,-561,-0.00979025,-0.05521873,-0.05759133
51,510762644,true,0,Left,0.974188,17,0.96247594,0.06244525,-0.07925104,1847,67,0.03002687,0.00484006,-0.01834701
51,510762644,true,0,Left,0.974188,18,0.95093618,-0.17218323,-0.11298697,1825,-185,0.03340844,-0.01558868,-0.02291118
51,510762644,true,0,Left,0.974188,19,0.93035114,-0.32021781,-0.11478732,1786,-345,0.02620334,-0.03314312,-0.03481391
51,510762644,true,0,Left,0.974188,20,0.90785197,-0.44343306,-0.11262262,1743,-478,0.01805528,-0.04490335,-0.05055423
52,510762710,true,0,Left,0.975692,0,0.89484550,0.81391809,0.00000067,1718,879,0.03013471,0.07526371,0.00227601
52,510762710,true,0,Left,0.975692,1,0.73217548,0.78056166,-0.07700274,1405,843,-0.00384770,0.06333401,-0.00426533
52,510762710,true,0,Left,0.975692,2,0.56285322,0.61363679,-0.12121418,1080,662,-0.03023122,0.05092473,0.00274331
52,510762710,true,0,Left,0.975692,3,0.42478748,0.50592656,-0.16111931,815,546,-0.06048865,0.03942584,0.00668386
52,510762710,true,0,Left,0.975692,4,0.31022125,0.40545448,-0.19867485,595,437,-0.08533644,0.02771019,0.01653682
52,510762710,true,0,Left,0.975692,5,0.62927736,0.16263820,-0.04089926,1208,175,-0.02532268,0.00736331,0.00930396
52,510762710,true,0,Left,0.975692,6,0.55740153,-0.09656027,-0.09507212,1070,-104,-0.03398503,-0.01682272,0.00591153
52,510762710,true,0,Left,0.975692,7,0.51265514,-0.25391257,-0.14347994,984,-274,-0.04287852,-0.03352344,-0.00742594
52,510762710,true,0,Left,0.975692,8,0.48046770,-0.36797285,-0.17718203,922,-397,-0.05294773,-0.03917163,-0.03586675
52,510762710,true,0,Left,0.975692,9,0.73353995,0.07759893,-0.04291702,1408,83,-0.00373557,-0.00291902,0.00714486
52,510762710,true,0,Left,0.975692,10,0.67947705,-0.21509093,-0.08463065,1304,-232,-0.01444773,-0.03140610,-0.00389843
52,510762710,true,0,Left,0.975692,11,0.63943682,-0.35902804,-0.11872566,1227,-387,-0.02619090,-0.04201181,-0.02631252
52,510762710,true,0,Left,0.975692,12,0.61155130,-0.45856369,-0.14222665,1174,-495,-0.03688607,-0.05411550,-0.04777729
52,510762710,true,0,Left,0.975692,13,0.84512957,0.04493259,-0.05802093,1622,48,0.01509191,-0.00590766,-0.00599331
52,510762710,true,0,Left,0.975692,14,0.81016362,-0.23307215,-0.09882852,1555,-251,0.00717235,-0.02685347,-0.01689837
52,510762710,true,0,Left,0.975692,15,0.77354698,-0.38665127,-0.10905855,1485,-417,-0.00094701,-0.04167936,-0.03693250
52,510762710,true,0,Left,0.975692,16,0.74375441,-0.51121894,-0.11505433,1428,-552,-0.00976110,-0.05484360,-0.05760819
52,510762710,true,0,Left,0.975692,17,0.96269345,0.06839872,-0.08204819,1848,73,0.02992938,0.00513952,-0.01841861
52,510762710,true,0,Left,0.975692,18,0.95057267,-0.16365644,-0.11639139,1825,-176,0.03327139,-0.01515677,-0.02307386
52,510762710,true,0,Left,0.975692,19,0.92937103,-0.30920908,-0.11810846,1784,-333,0.02607760,-0.03247320,-0.03506868
52,510762710,true,0,Left,0.975692,20,0.90508708,-0.42840736,-0.11587887,1737,-462,0.01762205,-0.04400090,-0.05078705
53,510762773,true,0,Left,0.975765,0,0.88855844,0.81605379,0.00000065,1706,881,0.02935641,0.07561395,0.00170678
53,510762773,true,0,Left,0.975765,1,0.72737760,0.77856675,-0.07701986,1396,840,-0.00443076,0.06356763,-0.00483076
53,510762773,true,0,Left,0.975765,2,0.56035148,0.61292845,-0.12203898,1075,661,-0.03041402,0.05093844,0.00233104
53,510762773,true,0,Left,0.975765,3,0.42341271,0.50510415,-0.16288010,812,545,-0.06084354,0.03929160,0.00652890
53,510762773,true,0,Left,0.975765,4,0.31006499,0.40263447,-0.20137135,595,434,-0.08530515,0.02729103,0.01665147
53,510762773,true,0,Left,0.975765,5,0.62885379,0.16147674,-0.04226448,1207,174,-0.02534925,0.00725360,0.00934008
53,510762773,true,0,Left,0.975765,6,0.55613334,-0.09664362,-0.09709128,1067,-104,-0.03412735,-0.01710342,0.00589316
53,510762773,true,0,Left,0.975765,7,0.51034550,-0.25240577,-0.14527971,979,-272,-0.04329107,-0.03384706,-0.00762231
53,510762773,true,0,Left,0.975765,8,0.47746325,-0.36515949,-0.17863297,916,-394,-0.05353206,-0.03911777,-0.03639269
53,510762773,true,0,Left,0.975765,9,0.73277257,0.07712709,-0.04423013,1406,83,-0.00376151,-0.00295349,0.00714240
53,510762773,true,0,Left,0.975765,10,0.67741557,-0.21386178,-0.08636443,1300,-230,-0.01460383,-0.03156344,-0.00377036
53,510762773,true,0,Left,0.975765,11,0.63680075,-0.35490811,-0.11981411,1222,-383,-0.02651737,-0.04216642,-0.02640415
53,510762773,true,0,Left,0.975765,12,0.60826145,-0.45426704,-0.14256690,1167,-490,-0.03738795,-0.05418771,-0.04797433
53,510762773,true,0,Left,0.975765,13,0.84412017,0.04471688,-0.05926509,1620,48,0.01517726,-0.00577019,-0.00592734
53,510762773,true,0,Left,0.975765,14,0.80802096,-0.23382069,-0.10111886,1551,-252,0.00702596,-0.02706160,-0.01703055
53,510762773,true,0,Left,0.975765,15,0.77082700,-0.38652512,-0.11121401,1479,-417,-0.00099594,-0.04185815,-0.03686131
53,510762773,true,0,Left,0.975765,16,0.74000541,-0.51082828,-0.11672991,1420,-551,-0.01024520,-0.05486294,-0.05720399
53,510762773,true,0,Left,0.975765,17,0.96168815,0.06885490,-0.08315316,1846,74,0.02988210,0.00533288,-0.01847653
53,510762773,true,0,Left,0.975765,18,0.94866401,-0.16300431,-0.11895263,1821,-176,0.03321044,-0.01498895,-0.02310506
53,510762773,true,0,Left,0.975765,19,0.92716353,-0.30762223,-0.12110715,1780,-332,0.02616031,-0.03240625,-0.03512018
53,510762773,true,0,Left,0.975765,20,0.90256332,-0.42665867,-0.11862649,1732,-460,0.01752260,-0.04410634,-0.05064480
54,510762850,true,0,Left,0.973317,0,0.88801411,0.81805083,0.00000064,1704,883,0.02944196,0.07578885,0.00161384
54,510762850,true,0,Left,0.973317,1,0.72607695,0.78001838,-0.07699454,1394,842,-0.00415289,0.06379819,-0.00507315
54,510762850,true,0,Left,0.973317,2,0.55851290,0.61266806,-0.12113393,1072,661,-0.03011791,0.05092602,0.00167221
54,510762850,true,0,Left,0.973317,3,0.42228024,0.50445788,-0.16080915,810,544,-0.06037925,0.03913061,0.00544059
54,510762850,true,0,Left,0.973317,4,0.31089238,0.40011230,-0.19797953,596,432,-0.08458962,0.02678013,0.01450308
54,510762850,true,0,Left,0.973317,5,0.62665454,0.16193791,-0.04237137,1203,174,-0.02527593,0.00728590,0.00918403
54,510762850,true,0,Left,0.973317,6,0.55130490,-0.09598822,-0.09613588,1058,-103,-0.03434200,-0.01709832,0.00546316
54,510762850,true,0,Left,0.973317,7,0.50407025,-0.25231548,-0.14324870,967,-272,-0.04354052,-0.03393232,-0.00802291
54,510762850,true,0,Left,0.973317,8,0.47033081,-0.36587364,-0.17595535,903,-395,-0.05416372,-0.03923877,-0.03672929
54,510762850,true,0,Left,0.973317,9,0.73038510,0.07539335,-0.04385322,1402,81,-0.00375846,-0.00293713,0.00705465
54,510762850,true,0,Left,0.973317,10,0.67249344,-0.21503333,-0.08471506,1291,-232,-0.01488597,-0.03193991,-0.00352416
54,510762850,true,0,Left,0.973317,11,0.63133412,-0.35685045,-0.11761501,1212,-385,-0.02685816,-0.04243705,-0.02635338
54,510762850,true,0,Left,0.973317,12,0.60219474,-0.45738005,-0.14003677,1156,-493,-0.03790195,-0.05444862,-0.04815439
54,510762850,true,0,Left,0.973317,13,0.84204799,0.04184453,-0.05830163,1616,45,0.01506304,-0.00571452,-0.00578368
54,510762850,true,0,Left,0.973317,14,0.80468372,-0.23715710,-0.09949047,1544,-256,0.00680245,-0.02731538,-0.01695451
54,510762850,true,0,Left,0.973317,15,0.76743664,-0.38999098,-0.10970685,1473,-421,-0.00109556,-0.04214096,-0.03673814
54,510762850,true,0,Left,0.973317,16,0.73665272,-0.51502998,-0.11527580,1414,-556,-0.01049240,-0.05519959,-0.05678793
54,510762850,true,0,Left,0.973317,17,0.95974254,0.06582340,-0.08158125,1842,71,0.02974183,0.00526444,-0.01804898
54,510762850,true,0,Left,0.973317,18,0.94664992,-0.16666828,-0.11719957,1817,-180,0.03309753,-0.01504424,-0.02277477
54,510762850,true,0,Left,0.973317,19,0.92612035,-0.31109823,-0.11937306,1778,-335,0.02631206,-0.03258451,-0.03459424
54,510762850,true,0,Left,0.973317,20,0.90310392,-0.43111736,-0.11672289,1733,-465,0.01771439,-0.04449436,-0.05037317
55,510762908,true,0,Left,0.976707,0,0.88473672,0.82101041,0.00000065,1698,886,0.02906383,0.07625512,0.00147011
55,510762908,true,0,Left,0.976707,1,0.72364658,0.78026342,-0.07697513,1389,842,-0.00431300,0.06404904,-0.00530134
55,510762908,true,0,Left,0.976707,2,0.55738558,0.61317009,-0.12096529,1070,662,-0.03035469,0.05119292,0.00155576
55,510762908,true,0,Left,0.976707,3,0.42129983,0.50555678,-0.16050435,808,546,-0.06059653,0.03934698,0.00541491
55,510762908,true,0,Left,0.976707,4,0.31116710,0.39991551,-0.19743795,597,431,-0.08483537,0.02687932,0.01461635
55,510762908,true,0,Left,0.976707,5,0.62688231,0.16103023,-0.04143252,1203,173,-0.02523397,0.00713093,0.00922991
55,510762908,true,0,Left,0.976707,6,0.55257293,-0.09618964,-0.09454482,1060,-103,-0.03417962,-0.01727363,0.00542264
55,510762908,true,0,Left,0.976707,7,0.50653258,-0.25287524,-0.14100930,972,-273,-0.04326875,-0.03404044,-0.00799171
55,510762908,true,0,Left,0.976707,8,0.47455125,-0.36733207,-0.17314242,911,-396,-0.05365630,-0.03946190,-0.03692326
55,510762908,true,0,Left,0.976707,9,0.73002856,0.07504360,-0.04280144,1401,81,-0.00372787,-0.00300472,0.00703743
55,510762908,true,0,Left,0.976707,10,0.67360112,-0.21564901,-0.08264126,1293,-232,-0.01479945,-0.03202972,-0.00355175
55,510762908,true,0,Left,0.976707,11,0.63327168,-0.35809909,-0.11473063,1215,-386,-0.02654475,-0.04261063,-0.02653200
55,510762908,true,0,Left,0.976707,12,0.60500081,-0.45952889,-0.13641483,1161,-496,-0.03754629,-0.05472946,-0.04848867
55,510762908,true,0,Left,0.976707,13,0.84096374,0.04200828,-0.05712074,1614,45,0.01504812,-0.00567907,-0.00578206
55,510762908,true,0,Left,0.976707,14,0.80493927,-0.23755389,-0.09756301,1545,-256,0.00688859,-0.02736652,-0.01698118
55,510762908,true,0,Left,0.976707,15,0.76880914,-0.39022779,-0.10726296,1476,-421,-0.00091278,-0.04224215,-0.03694018
55,510762908,true,0,Left,0.976707,16,0.73930883,-0.51560353,-0.11236630,1419,-556,-0.01017777,-0.05532483,-0.05704609
55,510762908,true,0,Left,0.976707,17,0.95776307,0.06673094,-0.08033202,1838,72,0.02967829,0.00541702,-0.01807826
55,510762908,true,0,Left,0.976707,18,0.94580646,-0.16664535,-0.11557572,1815,-179,0.03309523,-0.01494497,-0.02279935
55,510762908,true,0,Left,0.976707,19,0.92635678,-0.31110795,-0.11744988,1778,-335,0.02646260,-0.03260618,-0.03465056
55,510762908,true,0,Left,0.976707,20,0.90463819,-0.43139240,-0.11442961,1736,-465,0.01806995,-0.04455248,-0.05049758
56,510762981,true,0,Left,0.971709,0,0.88835528,0.82143382,0.00000063,1705,887,0.02963821,0.07668320,0.00134540
56,510762981,true,0,Left,0.971709,1,0.72575518,0.78186543,-0.07610818,1393,844,-0.00380217,0.06453756,-0.00555463
56,510762981,true,0,Left,0.971709,2,0.55807924,0.61324329,-0.11912601,1071,662,-0.02988535,0.05150827,0.00092604
56,510762981,true,0,Left,0.971709,3,0.42179166,0.50377235,-0.15759668,809,544,-0.06013035,0.03941400,0.00447587
56,510762981,true,0,Left,0.971709,4,0.31198706,0.39783635,-0.19308545,599,429,-0.08433813,0.02667157,0.01312073
56,510762981,true,0,Left,0.971709,5,0.62545404,0.16151523,-0.03989781,1200,174,-0.02522658,0.00735313,0.00913541
56,510762981,true,0,Left,0.971709,6,0.55003986,-0.09491860,-0.09185420,1056,-102,-0.03435833,-0.01717752,0.00509720
56,510762981,true,0,Left,0.971709,7,0.50403762,-0.25030613,-0.13729867,967,-270,-0.04339581,-0.03389841,-0.00837615
56,510762981,true,0,Left,0.971709,8,0.47200265,-0.36432892,-0.16870273,906,-393,-0.05389384,-0.03930225,-0.03718338
56,510762981,true,0,Left,0.971709,9,0.72798249,0.07390540,-0.04127072,1397,79,-0.00379806,-0.00295442,0.00697187
56,510762981,true,0,Left,0.971709,10,0.66936190,-0.21573358,-0.07983696,1285,-232,-0.01504482,-0.03235633,-0.00341492
56,510762981,true,0,Left,0.971709,11,0.62879823,-0.35712266,-0.11120753,1207,-385,-0.02689861,-0.04282041,-0.02650087
56,510762981,true,0,Left,0.971709,12,0.60050914,-0.45868090,-0.13234767,1152,-495,-0.03784483,-0.05477753,-0.04842262
56,510762981,true,0,Left,0.971709,13,0.83866758,0.03944929,-0.05550647,1610,42,0.01498017,-0.00579808,-0.00571006
56,510762981,true,0,Left,0.971709,14,0.80088654,-0.24015189,-0.09507255,1537,-259,0.00665328,-0.02777876,-0.01700602
56,510762981,true,0,Left,0.971709,15,0.76435249,-0.39170199,-0.10467056,1467,-423,-0.00113706,-0.04258428,-0.03688145
56,510762981,true,0,Left,0.971709,16,0.73473062,-0.51720672,-0.10969712,1410,-558,-0.01040924,-0.05558609,-0.05668382
56,510762981,true,0,Left,0.971709,17,0.95531843,0.06310846,-0.07851371,1834,68,0.02974909,0.00515574,-0.01793670
56,510762981,true,0,Left,0.971709,18,0.94169436,-0.17108534,-0.11319690,1808,-184,0.03303186,-0.01534621,-0.02265490
56,510762981,true,0,Left,0.971709,19,0.92198403,-0.31466997,-0.11488242,1770,-339,0.02626346,-0.03305685,-0.03435111
56,510762981,true,0,Left,0.971709,20,0.90089490,-0.43555116,-0.11159807,1729,-470,0.01800167,-0.04512463,-0.05016415
57,510763043,true,0,Left,0.973297,0,0.89134488,0.81824253,0.00000066,1711,883,0.02990350,0.07620629,0.00237915
57,510763043,true,0,Left,0.973297,1,0.72889481,0.78115547,-0.07748128,1399,843,-0.00355034,0.06391911,-0.00477728
57,510763043,true,0,Left,0.973297,2,0.55991040,0.61365854,-0.12148964,1075,662,-0.02981289,0.05127100,0.00155524
57,510763043,true,0,Left,0.973297,3,0.42281377,0.50469606,-0.16072563,811,545,-0.06006413,0.03951395,0.00467595
57,510763043,true,0,Left,0.973297,4,0.31180293,0.40050611,-0.19715299,598,432,-0.08452485,0.02718298,0.01318389
57,510763043,true,0,Left,0.973297,5,0.62654998,0.16051379,-0.04136668,1202,173,-0.02518874,0.00731119,0.00906556
57,510763043,true,0,Left,0.973297,6,0.55289156,-0.09696015,-0.09373675,1061,-104,-0.03417337,-0.01713606,0.00513430
57,510763043,true,0,Left,0.973297,7,0.50926239,-0.25629592,-0.13966170,977,-276,-0.04297325,-0.03398979,-0.00804682
57,510763043,true,0,Left,0.973297,8,0.47961639,-0.37543426,-0.17157948,920,-405,-0.05296940,-0.03981457,-0.03652884
57,510763043,true,0,Left,0.973297,9,0.72971552,0.07413283,-0.04236569,1401,80,-0.00372890,-0.00291734,0.00692010
57,510763043,true,0,Left,0.973297,10,0.67428404,-0.21638280,-0.08161703,1294,-233,-0.01465322,-0.03196332,-0.00371815
57,510763043,true,0,Left,0.973297,11,0.63631619,-0.35928226,-0.11351432,1221,-388,-0.02617634,-0.04246565,-0.02665862
57,510763043,true,0,Left,0.973297,12,0.61024249,-0.46345659,-0.13515006,1171,-500,-0.03680241,-0.05466348,-0.04839841
57,510763043,true,0,Left,0.973297,13,0.84064061,0.04050694,-0.05641378,1614,43,0.01495346,-0.00579229,-0.00564067
57,510763043,true,0,Left,0.973297,14,0.80447713,-0.23857566,-0.09648345,1544,-257,0.00679374,-0.02726735,-0.01706076
57,510763043,true,0,Left,0.973297,15,0.76983535,-0.39002327,-0.10615997,1478,-421,-0.00081684,-0.04194135,-0.03696121
57,510763043,true,0,Left,0.973297,16,0.74213797,-0.51587899,-0.11131026,1424,-557,-0.00974635,-0.05512640,-0.05697833
57,510763043,true,0,Left,0.973297,17,0.95734733,0.06402948,-0.07941402,1838,69,0.02976051,0.00522368,-0.01769682
57,510763043,true,0,Left,0.973297,18,0.94376301,-0.16933546,-0.11434612,1812,-182,0.03292571,-0.01507691,-0.02263550
57,510763043,true,0,Left,0.973297,19,0.92408327,-0.31293113,-0.11607536,1774,-337,0.02617660,-0.03259874,-0.03447450
57,510763043,true,0,Left,0.973297,20,0.90276451,-0.43369418,-0.11303398,1733,-468,0.01788018,-0.04440426,-0.05017458
58,510763109,true,0,Left,0.974641,0,0.89224653,0.81908928,0.00000064,1713,884,0.03022910,0.07631393,0.00181532
58,510763109,true,0,Left,0.974641,1,0.72976347,0.78240732,-0.07653621,1401,844,-0.00330829,0.06404989,-0.00504254
58,510763109,true,0,Left,0.974641,2,0.56083485,0.61345636,-0.11993622,1076,662,-0.02957572,0.05135547,0.00162631
58,510763109,true,0,Left,0.974641,3,0.42373260,0.50443503,-0.15870179,813,544,-0.05995127,0.03953060,0.00507683
58,510763109,true,0,Left,0.974641,4,0.31178475,0.40185068,-0.19471103,598,433,-0.08435006,0.02725600,0.01414270
58,510763109,true,0,Left,0.974641,5,0.62646919,0.16123525,-0.04007663,1202,174,-0.02511934,0.00741618,0.00924868
58,510763109,true,0,Left,0.974641,6,0.55277255,-0.09544511,-0.09217801,1061,-103,-0.03412582,-0.01700371,0.00544017
58,510763109,true,0,Left,0.974641,7,0.50835556,-0.25344209,-0.13824001,976,-273,-0.04305715,-0.03382208,-0.00781627
58,510763109,true,0,Left,0.974641,8,0.47732317,-0.37109504,-0.17039366,916,-400,-0.05316411,-0.03950568,-0.03617012
58,510763109,true,0,Left,0.974641,9,0.72885047,0.07500693,-0.04147911,1399,81,-0.00379050,-0.00289216,0.00705323
58,510763109,true,0,Left,0.974641,10,0.67285159,-0.21477180,-0.08094197,1291,-231,-0.01483593,-0.03191818,-0.00366650
58,510763109,true,0,Left,0.974641,11,0.63389822,-0.35683847,-0.11313441,1217,-385,-0.02650619,-0.04235011,-0.02654559
58,510763109,true,0,Left,0.974641,12,0.60680317,-0.45988213,-0.13501211,1165,-496,-0.03715163,-0.05457756,-0.04811994
58,510763109,true,0,Left,0.974641,13,0.83906697,0.04126641,-0.05586872,1611,44,0.01493546,-0.00583626,-0.00576944
58,510763109,true,0,Left,0.974641,14,0.80243104,-0.23810042,-0.09599310,1540,-257,0.00665062,-0.02732731,-0.01718744
58,510763109,true,0,Left,0.974641,15,0.76691623,-0.38939645,-0.10601595,1472,-420,-0.00107263,-0.04207702,-0.03697164
58,510763109,true,0,Left,0.974641,16,0.73809976,-0.51491788,-0.11143351,1417,-556,-0.01013870,-0.05516923,-0.05700962
58,510763109,true,0,Left,0.974641,17,0.95557879,0.06432131,-0.07911416,1834,69,0.02974335,0.00511221,-0.01810108
58,510763109,true,0,Left,0.974641,18,0.94097212,-0.17026471,-0.11395488,1806,-183,0.03279632,-0.01526104,-0.02299884
58,510763109,true,0,Left,0.974641,19,0.91980346,-0.31424689,-0.11590925,1766,-339,0.02576723,-0.03277400,-0.03477109
58,510763109,true,0,Left,0.974641,20,0.89691743,-0.43505078,-0.11315413,1722,-469,0.01732555,-0.04461228,-0.05036184
59,510763180,true,0,Left,0.975371,0,0.88910365,0.81905322,0.00000067,1707,884,0.03000371,0.07646889,0.00146198
59,510763180,true,0,Left,0.975371,1,0.72848219,0.78219116,-0.07694605,1398,844,-0.00337743,0.06393398,-0.00513057
59,510763180,true,0,Left,0.975371,2,0.55999231,0.61346658,-0.12085822,1075,662,-0.02974962,0.05135995,0.00166845
59,510763180,true,0,Left,0.975371,3,0.42330746,0.50342506,-0.16007862,812,543,-0.05998245,0.03955399,0.00518100
59,510763180,true,0,Left,0.975371,4,0.31119554,0.40345401,-0.19677330,597,435,-0.08446343,0.02750107,0.01441658
59,510763180,true,0,Left,0.975371,5,0.62565540,0.16078629,-0.04112600,1201,173,-0.02509826,0.00736800,0.00930338
59,510763180,true,0,Left,0.975371,6,0.55363011,-0.09684282,-0.09339364,1062,-104,-0.03392178,-0.01719011,0.00566635
59,510763180,true,0,Left,0.975371,7,0.51102017,-0.25718934,-0.13961662,981,-277,-0.04255131,-0.03407730,-0.00735847
59,510763180,true,0,Left,0.975371,8,0.48159728,-0.37755109,-0.17189810,924,-407,-0.05231166,-0.04016304,-0.03563170
59,510763180,true,0,Left,0.975371,9,0.72777073,0.07612323,-0.04236243,1397,82,-0.00375207,-0.00288874,0.00707405
59,510763180,true,0,Left,0.975371,10,0.67352733,-0.21422058,-0.08184244,1293,-231,-0.01452217,-0.03187000,-0.00376253
59,510763180,true,0,Left,0.975371,11,0.63615409,-0.35798006,-0.11394655,1221,-386,-0.02593491,-0.04242790,-0.02658182
59,510763180,true,0,Left,0.975371,12,0.61033456,-0.46422642,-0.13584481,1171,-501,-0.03632028,-0.05495809,-0.04804536
59,510763180,true,0,Left,0.975371,13,0.83730886,0.04367830,-0.05656803,1607,47,0.01493200,-0.00581272,-0.00582818
59,510763180,true,0,Left,0.975371,14,0.80215406,-0.23529954,-0.09672663,1540,-254,0.00689439,-0.02722384,-0.01721932
59,510763180,true,0,Left,0.975371,15,0.76789336,-0.38847950,-0.10662113,1474,-419,-0.00082022,-0.04203242,-0.03710706
59,510763180,true,0,Left,0.975371,16,0.74026495,-0.51586908,-0.11198984,1421,-557,-0.00956425,-0.05541638,-0.05718960
59,510763180,true,0,Left,0.975371,17,0.95278254,0.06750195,-0.07967305,1829,72,0.02966942,0.00512624,-0.01825551
59,510763180,true,0,Left,0.975371,18,0.93803574,-0.16726073,-0.11454918,1801,-180,0.03269747,-0.01519305,-0.02317750
59,510763180,true,0,Left,0.975371,19,0.91755516,-0.31251898,-0.11644335,1761,-337,0.02569838,-0.03276125,-0.03506003
59,510763180,true,0,Left,0.975371,20,0.89553675,-0.43434602,-0.11373989,1719,-469,0.01725307,-0.04462488,-0.05061437
60,510763243,true,0,Left,0.979236,0,0.88515722,0.82305684,0.00000066,1699,888,0.02947957,0.07711527,0.00081900
60,510763243,true,0,Left,0.979236,1,0.72616580,0.78168391,-0.07691827,1394,844,-0.00371351,0.06418339,-0.00538893
60,510763243,true,0,Left,0.979236,2,0.55912572,0.61333883,-0.12117296,1073,662,-0.03015644,0.05170168,0.00170434
60,510763243,true,0,Left,0.979236,3,0.42212702,0.50489071,-0.16085047,810,545,-0.06044135,0.03974816,0.00560456
60,510763243,true,0,Left,0.979236,4,0.31113944,0.40180413,-0.19795238,597,433,-0.08467736,0.02734134,0.01527118
60,510763243,true,0,Left,0.979236,5,0.62629228,0.15956074,-0.04077964,1202,172,-0.02517721,0.00732837,0.00956270
60,510763243,true,0,Left,0.979236,6,0.55438223,-0.09644541,-0.09342586,1064,-104,-0.03399264,-0.01742759,0.00589237
60,510763243,true,0,Left,0.979236,7,0.51094729,-0.25572078,-0.14016405,981,-276,-0.04271579,-0.03423493,-0.00709301
60,510763243,true,0,Left,0.979236,8,0.48050356,-0.37513348,-0.17278111,922,-405,-0.05262392,-0.04027291,-0.03555594
60,510763243,true,0,Left,0.979236,9,0.72766880,0.07653523,-0.04208480,1397,82,-0.00373923,-0.00296635,0.00715469
60,510763243,true,0,Left,0.979236,10,0.67326776,-0.21221262,-0.08167371,1292,-229,-0.01464237,-0.03201636,-0.00377063
60,510763243,true,0,Left,0.979236,11,0.63556480,-0.35635749,-0.11394383,1220,-384,-0.02606101,-0.04255719,-0.02660757
60,510763243,true,0,Left,0.979236,12,0.60930515,-0.46282902,-0.13596421,1169,-499,-0.03660701,-0.05506303,-0.04830118
60,510763243,true,0,Left,0.979236,13,0.83653246,0.04550133,-0.05643615,1606,49,0.01500647,-0.00575641,-0.00600581
60,510763243,true,0,Left,0.979236,14,0.80144233,-0.23257380,-0.09679240,1538,-251,0.00692504,-0.02725627,-0.01733130
60,510763243,true,0,Left,0.979236,15,0.76756506,-0.38707549,-0.10699762,1473,-418,-0.00094901,-0.04221340,-0.03719698
60,510763243,true,0,Left,0.979236,16,0.73981970,-0.51507363,-0.11248101,1420,-556,-0.00970220,-0.05575916,-0.05732464
60,510763243,true,0,Left,0.979236,17,0.95134429,0.07145951,-0.07969273,1826,77,0.02965532,0.00519656,-0.01870538
60,510763243,true,0,Left,0.979236,18,0.93640114,-0.16412550,-0.11490754,1797,-177,0.03259790,-0.01514473,-0.02351882
60,510763243,true,0,Left,0.979236,19,0.91651126,-0.31129301,-0.11717202,1759,-336,0.02564625,-0.03291635,-0.03530499
60,510763243,true,0,Left,0.979236,20,0.89490635,-0.43425194,-0.11462515,1718,-468,0.01714180,-0.04492922,-0.05086595
61,510763306,true,0,Left,0.978207,0,0.88153435,0.82491169,0.00000064,1692,890,0.02925097,0.07756674,0.00000182
61,510763306,true,0,Left,0.978207,1,0.72361893,0.78182795,-0.07642938,1389,844,-0.00385138,0.06466911,-0.00613031
61,510763306,true,0,Left,0.978207,2,0.55787328,0.61365048,-0.12010204,1071,662,-0.03007085,0.05197538,0.00086007
61,510763306,true,0,Left,0.978207,3,0.42108915,0.50555217,-0.15932552,808,545,-0.06043288,0.03993644,0.00480416
61,510763306,true,0,Left,0.978207,4,0.31167041,0.40031779,-0.19596814,598,432,-0.08436410,0.02727652,0.01441036
61,510763306,true,0,Left,0.978207,5,0.62520392,0.16020368,-0.03951224,1200,173,-0.02521583,0.00752987,0.00962550
61,510763306,true,0,Left,0.978207,6,0.55201279,-0.09346034,-0.09174363,1059,-100,-0.03413950,-0.01734838,0.00584173
61,510763306,true,0,Left,0.978207,7,0.50717307,-0.25062942,-0.13833790,973,-270,-0.04303644,-0.03416505,-0.00731253
61,510763306,true,0,Left,0.978207,8,0.47515325,-0.36960846,-0.17094871,912,-399,-0.05315689,-0.04015598,-0.03607247
61,510763306,true,0,Left,0.978207,9,0.72583772,0.07618679,-0.04082302,1393,82,-0.00376562,-0.00296129,0.00720440
61,510763306,true,0,Left,0.978207,10,0.66895087,-0.21069125,-0.07967254,1284,-227,-0.01489640,-0.03227804,-0.00369774
61,510763306,true,0,Left,0.978207,11,0.62991576,-0.35323575,-0.11175816,1209,-381,-0.02653527,-0.04277593,-0.02682221
61,510763306,true,0,Left,0.978207,12,0.60241011,-0.45923593,-0.13373988,1156,-495,-0.03720393,-0.05506365,-0.04885504
61,510763306,true,0,Left,0.978207,13,0.83439176,0.04400341,-0.05515763,1602,47,0.01508540,-0.00587021,-0.00596436
61,510763306,true,0,Left,0.978207,14,0.79746461,-0.23336819,-0.09522412,1531,-252,0.00675529,-0.02764367,-0.01742946
61,510763306,true,0,Left,0.978207,15,0.76271500,-0.38697538,-0.10572177,1464,-417,-0.00115301,-0.04256705,-0.03750878
61,510763306,true,0,Left,0.978207,16,0.73374280,-0.51495424,-0.11136406,1408,-556,-0.01021776,-0.05604380,-0.05766599
61,510763306,true,0,Left,0.978207,17,0.94936061,0.06888732,-0.07835869,1822,74,0.02969711,0.00498244,-0.01886817
61,510763306,true,0,Left,0.978207,18,0.93333341,-0.16661585,-0.11367246,1792,-179,0.03255390,-0.01551438,-0.02362487
61,510763306,true,0,Left,0.978207,19,0.91340083,-0.31268220,-0.11613027,1753,-337,0.02565575,-0.03334891,-0.03544235
61,510763306,true,0,Left,0.978207,20,0.89170236,-0.43547906,-0.11359619,1712,-470,0.01698436,-0.04542111,-0.05113018
62,510763375,true,0,Left,0.978964,0,0.87846701,0.82806368,0.00000062,1686,894,0.02869832,0.07779481,0.00005681
62,510763375,true,0,Left,0.978964,1,0.72089552,0.78192041,-0.07594928,1384,844,-0.00435419,0.06485754,-0.00602825
62,510763375,true,0,Left,0.978964,2,0.55686100,0.61218528,-0.11980411,1069,661,-0.03028333,0.05199238,0.00081184
62,510763375,true,0,Left,0.978964,3,0.42095678,0.50448971,-0.15934990,808,544,-0.06043869,0.03977483,0.00472736
62,510763375,true,0,Left,0.978964,4,0.31190512,0.39834637,-0.19636829,598,430,-0.08417328,0.02699673,0.01414029
62,510763375,true,0,Left,0.978964,5,0.62485365,0.15949203,-0.03962211,1199,172,-0.02542035,0.00742845,0.00973548
62,510763375,true,0,Left,0.978964,6,0.55085503,-0.09414018,-0.09209937,1057,-101,-0.03421931,-0.01744749,0.00587110
62,510763375,true,0,Left,0.978964,7,0.50496690,-0.25024066,-0.13882878,969,-270,-0.04324214,-0.03425080,-0.00733182
62,510763375,true,0,Left,0.978964,8,0.47193678,-0.36708281,-0.17153825,906,-396,-0.05360809,-0.04012033,-0.03626971
62,510763375,true,0,Left,0.978964,9,0.72568691,0.07679187,-0.04136945,1393,82,-0.00373120,-0.00297897,0.00720864
62,510763375,true,0,Left,0.978964,10,0.66742461,-0.21020723,-0.08066778,1281,-227,-0.01501539,-0.03235615,-0.00374293
62,510763375,true,0,Left,0.978964,11,0.62652109,-0.35055300,-0.11302490,1202,-378,-0.02687811,-0.04274645,-0.02684253
62,510763375,true,0,Left,0.978964,12,0.59683810,-0.45196547,-0.13522514,1145,-488,-0.03788280,-0.05462133,-0.04891358
62,510763375,true,0,Left,0.978964,13,0.83464478,0.04572812,-0.05606555,1602,49,0.01510431,-0.00580191,-0.00601129
62,510763375,true,0,Left,0.978964,14,0.79656976,-0.23260399,-0.09656724,1529,-251,0.00678892,-0.02759995,-0.01758284
62,510763375,true,0,Left,0.978964,15,0.75944872,-0.38449945,-0.10748399,1458,-415,-0.00145917,-0.04249750,-0.03763273
62,510763375,true,0,Left,0.978964,16,0.72743964,-0.50865321,-0.11344863,1396,-549,-0.01099187,-0.05569950,-0.05779246
62,510763375,true,0,Left,0.978964,17,0.95031931,0.07120205,-0.07960253,1824,76,0.02979242,0.00514424,-0.01896847
62,510763375,true,0,Left,0.978964,18,0.93342537,-0.16423519,-0.11544191,1792,-177,0.03265573,-0.01537837,-0.02388451
62,510763375,true,0,Left,0.978964,19,0.91201799,-0.30905000,-0.11838290,1751,-333,0.02545289,-0.03326105,-0.03585664
62,510763375,true,0,Left,0.978964,20,0.88811219,-0.42933848,-0.11618556,1705,-463,0.01644007,-0.04508349,-0.05171625
63,510763447,true,0,Left,0.977656,0,0.88032627,0.82897517,0.00000061,1690,895,0.02861749,0.07784908,0.00108523
63,510763447,true,0,Left,0.977656,1,0.72165815,0.78183939,-0.07597910,1385,844,-0.00446204,0.06497475,-0.00557150
63,510763447,true,0,Left,0.977656,2,0.55772393,0.60974523,-0.12009073,1070,658,-0.03013882,0.05191726,0.00046459
63,510763447,true,0,Left,0.977656,3,0.42213560,0.50035904,-0.15988733,810,540,-0.06003018,0.03955779,0.00308101
63,510763447,true,0,Left,0.977656,4,0.31260082,0.39374583,-0.19723277,600,425,-0.08383663,0.02688150,0.01164048
63,510763447,true,0,Left,0.977656,5,0.62447416,0.15849704,-0.04004929,1198,171,-0.02551488,0.00750579,0.00949151
63,510763447,true,0,Left,0.977656,6,0.54990378,-0.09455348,-0.09261688,1055,-102,-0.03433735,-0.01736935,0.00549151
63,510763447,true,0,Left,0.977656,7,0.50434921,-0.25096350,-0.13935649,968,-271,-0.04322919,-0.03429905,-0.00786790
63,510763447,true,0,Left,0.977656,8,0.47187283,-0.36832473,-0.17209140,905,-397,-0.05352871,-0.04033799,-0.03682498
63,510763447,true,0,Left,0.977656,9,0.72554730,0.07584040,-0.04191564,1393,81,-0.00376092,-0.00294348,0.00713735
63,510763447,true,0,Left,0.977656,10,0.66677997,-0.21076731,-0.08127256,1280,-227,-0.01507101,-0.03246537,-0.00395062
63,510763447,true,0,Left,0.977656,11,0.62615037,-0.35121948,-0.11369093,1202,-379,-0.02688061,-0.04286474,-0.02694968
63,510763447,true,0,Left,0.977656,12,0.59673884,-0.45343626,-0.13591080,1145,-489,-0.03783260,-0.05462942,-0.04934978
63,510763447,true,0,Left,0.977656,13,0.83505590,0.04513767,-0.05668632,1603,48,0.01513967,-0.00581930,-0.00583336
63,510763447,true,0,Left,0.977656,14,0.79666053,-0.23273420,-0.09723316,1529,-251,0.00695464,-0.02760450,-0.01764180
63,510763447,true,0,Left,0.977656,15,0.75961952,-0.38494827,-0.10830647,1458,-415,-0.00141379,-0.04269680,-0.03775461
63,510763447,true,0,Left,0.977656,16,0.72781154,-0.51006701,-0.11446256,1397,-550,-0.01103908,-0.05591967,-0.05790208
63,510763447,true,0,Left,0.977656,17,0.95135968,0.07135179,-0.08023201,1826,77,0.03008374,0.00514230,-0.01854904
63,510763447,true,0,Left,0.977656,18,0.93423714,-0.16294997,-0.11610972,1793,-175,0.03293680,-0.01529451,-0.02364389
63,510763447,true,0,Left,0.977656,19,0.91280085,-0.30754330,-0.11901297,1752,-332,0.02561456,-0.03324836,-0.03568181
63,510763447,true,0,Left,0.977656,20,0.88913925,-0.42864782,-0.11677906,1707,-462,0.01655719,-0.04517635,-0.05166234
64,510763511,true,0,Left,0.975871,0,0.88159171,0.83010703,0.00000063,1692,896,0.02839991,0.07795348,0.00125453
64,510763511,true,0,Left,0.975871,1,0.72219890,0.78231657,-0.07598967,1386,844,-0.00458506,0.06481837,-0.00548369
64,510763511,true,0,Left,0.975871,2,0.55805778,0.60939761,-0.11965501,1071,658,-0.03044493,0.05183804,0.00068889
64,510763511,true,0,Left,0.975871,3,0.42240618,0.50058617,-0.15898327,811,540,-0.06017056,0.03954717,0.00333289
64,510763511,true,0,Left,0.975871,4,0.31326593,0.39514754,-0.19584560,601,426,-0.08403957,0.02693889,0.01213474
64,510763511,true,0,Left,0.975871,5,0.62606959,0.15743827,-0.03945735,1202,170,-0.02549336,0.00739824,0.00947766
64,510763511,true,0,Left,0.975871,6,0.55235926,-0.09794739,-0.09166448,1060,-105,-0.03427616,-0.01758273,0.00536491
64,510763511,true,0,Left,0.975871,7,0.50849208,-0.25678893,-0.13823733,976,-277,-0.04291708,-0.03452973,-0.00772926
64,510763511,true,0,Left,0.975871,8,0.47799712,-0.37649006,-0.17077138,917,-406,-0.05293311,-0.04080225,-0.03669128
64,510763511,true,0,Left,0.975871,9,0.72742238,0.07509309,-0.04115096,1396,81,-0.00370866,-0.00298648,0.00707746
64,510763511,true,0,Left,0.975871,10,0.67145720,-0.21363349,-0.08011172,1289,-230,-0.01476876,-0.03256154,-0.00390051
64,510763511,true,0,Left,0.975871,11,0.63288369,-0.35800514,-0.11265141,1215,-386,-0.02632876,-0.04304146,-0.02687913
64,510763511,true,0,Left,0.975871,12,0.60585558,-0.46316037,-0.13491496,1163,-500,-0.03698167,-0.05499372,-0.04933168
64,510763511,true,0,Left,0.975871,13,0.83701704,0.04496523,-0.05576316,1607,48,0.01517801,-0.00577878,-0.00583964
64,510763511,true,0,Left,0.975871,14,0.80069687,-0.23412389,-0.09581846,1537,-252,0.00715257,-0.02756442,-0.01740448
64,510763511,true,0,Left,0.975871,15,0.76520074,-0.38912349,-0.10711534,1469,-420,-0.00104586,-0.04271250,-0.03756750
64,510763511,true,0,Left,0.975871,16,0.73550514,-0.51709294,-0.11335454,1412,-558,-0.01037433,-0.05624486,-0.05783667
64,510763511,true,0,Left,0.975871,17,0.95294344,0.07210020,-0.07915244,1829,77,0.03003214,0.00522972,-0.01847138
64,510763511,true,0,Left,0.975871,18,0.93754197,-0.16346647,-0.11457549,1800,-176,0.03289606,-0.01513374,-0.02347354
64,510763511,true,0,Left,0.975871,19,0.91711297,-0.30992624,-0.11749348,1760,-334,0.02583682,-0.03322516,-0.03533443
64,510763511,true,0,Left,0.975871,20,0.89484612,-0.43283812,-0.11527776,1718,-467,0.01699027,-0.04525351,-0.05155567
65,510763578,true,0,Left,0.975789,0,0.88210328,0.83098664,0.00000061,1693,897,0.02838458,0.07800064,0.00037707
65,510763578,true,0,Left,0.975789,1,0.72229845,0.78199554,-0.07474360,1386,844,-0.00465819,0.06497374,-0.00625801
65,510763578,true,0,Left,0.975789,2,0.55796131,0.60893136,-0.11776648,1071,657,-0.03031797,0.05178872,0.00013607
65,510763578,true,0,Left,0.975789,3,0.42228495,0.50044103,-0.15688122,810,540,-0.06016949,0.03945695,0.00352734
65,510763578,true,0,Left,0.975789,4,0.31307684,0.39360116,-0.19349150,601,425,-0.08393015,0.02656522,0.01274449
65,510763578,true,0,Left,0.975789,5,0.62583370,0.15842543,-0.03677098,1201,171,-0.02545948,0.00744417,0.00952366
65,510763578,true,0,Left,0.975789,6,0.55162208,-0.09669679,-0.08868659,1059,-104,-0.03423881,-0.01751210,0.00553788
65,510763578,true,0,Left,0.975789,7,0.50685212,-0.25404058,-0.13488842,973,-274,-0.04303694,-0.03451331,-0.00765525
65,510763578,true,0,Left,0.975789,8,0.47566348,-0.37120239,-0.16704489,913,-400,-0.05319753,-0.04037433,-0.03679531
65,510763578,true,0,Left,0.975789,9,0.72712048,0.07614317,-0.03920965,1396,82,-0.00377390,-0.00297007,0.00717647
65,510763578,true,0,Left,0.975789,10,0.66964054,-0.21184676,-0.07828631,1285,-228,-0.01489429,-0.03249203,-0.00378527
65,510763578,true,0,Left,0.975789,11,0.63007181,-0.35440981,-0.11075631,1209,-382,-0.02657672,-0.04286006,-0.02697888
65,510763578,true,0,Left,0.975789,12,0.60226452,-0.45798282,-0.13273042,1156,-494,-0.03723072,-0.05477060,-0.04935591
65,510763578,true,0,Left,0.975789,13,0.83660926,0.04501252,-0.05462380,1606,48,0.01515428,-0.00582382,-0.00582362
65,510763578,true,0,Left,0.975789,14,0.79858540,-0.23387280,-0.09484772,1533,-252,0.00694927,-0.02764919,-0.01746566
65,510763578,true,0,Left,0.975789,15,0.76200506,-0.38801249,-0.10587313,1463,-419,-0.00124990,-0.04272754,-0.03752913
65,510763578,true,0,Left,0.975789,16,0.73120194,-0.51559492,-0.11176334,1403,-556,-0.01082031,-0.05612100,-0.05772047
65,510763578,true,0,Left,0.975789,17,0.95283927,0.07038390,-0.07866203,1829,76,0.02995124,0.00512557,-0.01864948
65,510763578,true,0,Left,0.975789,18,0.93588601,-0.16546127,-0.11400263,1796,-178,0.03275502,-0.01529091,-0.02359022
65,510763578,true,0,Left,0.975789,19,0.91450430,-0.31169973,-0.11668283,1755,-336,0.02567626,-0.03337160,-0.03537107
65,510763578,true,0,Left,0.975789,20,0.89100021,-0.43475199,-0.11423274,1710,-469,0.01670625,-0.04548534,-0.05147917
66,510763684,true,0,Left,0.972889,0,0.88007278,0.82943156,0.00000061,1689,895,0.02789571,0.07764706,0.00073887
66,510763684,true,0,Left,0.972889,1,0.72121506,0.78026723,-0.07582700,1384,842,-0.00508027,0.06448695,-0.00595686
66,510763684,true,0,Left,0.972889,2,0.55727627,0.60909136,-0.11982959,1069,657,-0.03070929,0.05146495,0.00021865
66,510763684,true,0,Left,0.972889,3,0.42194289,0.50035283,-0.15971802,810,540,-0.06039429,0.03931468,0.00306826
66,510763684,true,0,Left,0.972889,4,0.31286138,0.39355483,-0.19716473,600,425,-0.08412172,0.02648953,0.01197286
66,510763684,true,0,Left,0.972889,5,0.62687961,0.15868335,-0.03928958,1203,171,-0.02544790,0.00744438,0.00941881
66,510763684,true,0,Left,0.972889,6,0.55281173,-0.09644632,-0.09235466,1061,-104,-0.03420669,-0.01751124,0.00537620
66,510763684,true,0,Left,0.972889,7,0.50882838,-0.25414614,-0.13947611,976,-274,-0.04296815,-0.03445733,-0.00777981
66,510763684,true,0,Left,0.972889,8,0.47833587,-0.37242120,-0.17232026,918,-402,-0.05284419,-0.04051221,-0.03687954
66,510763684,true,0,Left,0.972889,9,0.72875671,0.07649782,-0.04140599,1399,82,-0.00372811,-0.00296866,0.00713727
66,510763684,true,0,Left,0.972889,10,0.67175815,-0.21114479,-0.08175114,1289,-228,-0.01478080,-0.03224211,-0.00391771
66,510763684,true,0,Left,0.972889,11,0.63278515,-0.35401336,-0.11522381,1214,-382,-0.02637833,-0.04270486,-0.02698869
66,510763684,true,0,Left,0.972889,12,0.60550920,-0.45737439,-0.13804522,1162,-493,-0.03691946,-0.05450504,-0.04915517
66,510763684,true,0,Left,0.972889,13,0.83839608,0.04606495,-0.05646508,1609,49,0.01523922,-0.00577422,-0.00577355
66,510763684,true,0,Left,0.972889,14,0.80109721,-0.23314772,-0.09799802,1538,-251,0.00704447,-0.02745673,-0.01743579
66,510763684,true,0,Left,0.972889,15,0.76443985,-0.38808469,-0.10978181,1467,-419,-0.00114302,-0.04258801,-0.03746863
66,510763684,true,0,Left,0.972889,16,0.73366105,-0.51512145,-0.11608985,1408,-556,-0.01081590,-0.05590418,-0.05763695
66,510763684,true,0,Left,0.972889,17,0.95457783,0.07198385,-0.08012245,1832,77,0.02993489,0.00520026,-0.01846370
66,510763684,true,0,Left,0.972889,18,0.93801270,-0.16452486,-0.11655683,1800,-177,0.03275405,-0.01512858,-0.02342762
66,510763684,true,0,Left,0.972889,19,0.91665664,-0.31172230,-0.11974099,1759,-336,0.02550089,-0.03326375,-0.03537468
66,510763684,true,0,Left,0.972889,20,0.89307526,-0.43451098,-0.11759042,1714,-469,0.01665985,-0.04540793,-0.05142965
67,510763738,true,0,Left,0.977073,0,0.88069388,0.82878811,0.00000061,1690,895,0.02777141,0.07752899,0.00063436
67,510763738,true,0,Left,0.977073,1,0.72159979,0.77977524,-0.07591433,1385,842,-0.00519699,0.06447969,-0.00605693
67,510763738,true,0,Left,0.977073,2,0.55750195,0.60733490,-0.11970194,1070,655,-0.03075154,0.05121025,-0.00014691
67,510763738,true,0,Left,0.977073,3,0.42250735,0.49742054,-0.15927062,811,537,-0.06044490,0.03897551,0.00240867
67,510763738,true,0,Left,0.977073,4,0.31398113,0.39049121,-0.19635430,602,421,-0.08408132,0.02623100,0.01110593
67,510763738,true,0,Left,0.977073,5,0.62737258,0.15807552,-0.03959311,1204,170,-0.02544157,0.00738526,0.00928891
67,510763738,true,0,Left,0.977073,6,0.55321312,-0.09649846,-0.09234999,1062,-104,-0.03431757,-0.01747583,0.00520467
67,510763738,true,0,Left,0.977073,7,0.50903074,-0.25396801,-0.13908140,977,-274,-0.04300837,-0.03441548,-0.00807644
67,510763738,true,0,Left,0.977073,8,0.47827698,-0.37192720,-0.17167464,918,-401,-0.05301971,-0.04053372,-0.03712299
67,510763738,true,0,Left,0.977073,9,0.72972179,0.07493905,-0.04152009,1401,80,-0.00371108,-0.00292618,0.00711484
67,510763738,true,0,Left,0.977073,10,0.67233646,-0.21168353,-0.08137242,1290,-228,-0.01480842,-0.03234568,-0.00386391
67,510763738,true,0,Left,0.977073,11,0.63339077,-0.35405311,-0.11439519,1216,-382,-0.02641156,-0.04280313,-0.02689049
67,510763738,true,0,Left,0.977073,12,0.60599638,-0.45787958,-0.13686125,1163,-494,-0.03697696,-0.05457553,-0.04924114
67,510763738,true,0,Left,0.977073,13,0.84012505,0.04402453,-0.05636525,1613,47,0.01528752,-0.00573834,-0.00565378
67,510763738,true,0,Left,0.977073,14,0.80263148,-0.23399981,-0.09765330,1541,-252,0.00709187,-0.02754550,-0.01742258
67,510763738,true,0,Left,0.977073,15,0.76632615,-0.38829072,-0.10914666,1471,-419,-0.00103380,-0.04264152,-0.03734227
67,510763738,true,0,Left,0.977073,16,0.73569179,-0.51573074,-0.11528857,1412,-556,-0.01076079,-0.05595986,-0.05734469
67,510763738,true,0,Left,0.977073,17,0.95696867,0.07008189,-0.07982050,1837,75,0.02997232,0.00522538,-0.01825921
67,510763738,true,0,Left,0.977073,18,0.94088578,-0.16486014,-0.11620844,1806,-178,0.03291900,-0.01510107,-0.02327589
67,510763738,true,0,Left,0.977073,19,0.92015244,-0.31084827,-0.11920185,1766,-335,0.02578258,-0.03312889,-0.03519181
67,510763738,true,0,Left,0.977073,20,0.89697796,-0.43310660,-0.11686952,1722,-467,0.01686202,-0.04526624,-0.05119736
68,510763811,true,0,Left,0.975978,0,0.88007013,0.82830350,0.00000060,1689,894,0.02795766,0.07772805,0.00076412
68,510763811,true,0,Left,0.975978,1,0.72126363,0.77836047,-0.07562265,1384,840,-0.00500278,0.06473973,-0.00606572
68,510763811,true,0,Left,0.975978,2,0.55768367,0.60588643,-0.11938217,1070,654,-0.03033823,0.05137060,-0.00002867
68,510763811,true,0,Left,0.975978,3,0.42314163,0.49550401,-0.15887844,812,535,-0.06025774,0.03897578,0.00284126
68,510763811,true,0,Left,0.975978,4,0.31447532,0.38803961,-0.19575140,603,419,-0.08370893,0.02588867,0.01171182
68,510763811,true,0,Left,0.975978,5,0.62652915,0.15680846,-0.03944622,1202,169,-0.02542938,0.00738576,0.00931827
68,510763811,true,0,Left,0.975978,6,0.55133018,-0.09781289,-0.09220148,1058,-105,-0.03437958,-0.01751803,0.00525894
68,510763811,true,0,Left,0.975978,7,0.50508416,-0.25347297,-0.13881376,969,-273,-0.04339570,-0.03443418,-0.00806081
68,510763811,true,0,Left,0.975978,8,0.47242276,-0.36879002,-0.17125487,907,-398,-0.05375932,-0.04009795,-0.03703988
68,510763811,true,0,Left,0.975978,9,0.72851062,0.07319613,-0.04138988,1398,79,-0.00377773,-0.00296455,0.00711947
68,510763811,true,0,Left,0.975978,10,0.66919954,-0.21355999,-0.08129997,1284,-230,-0.01505614,-0.03247407,-0.00355899
68,510763811,true,0,Left,0.975978,11,0.62855719,-0.35479317,-0.11420141,1206,-383,-0.02687207,-0.04295176,-0.02670416
68,510763811,true,0,Left,0.975978,12,0.59954535,-0.45767612,-0.13649864,1151,-494,-0.03764418,-0.05469112,-0.04887975
68,510763811,true,0,Left,0.975978,13,0.83868074,0.04182993,-0.05622709,1610,45,0.01524490,-0.00573984,-0.00567331
68,510763811,true,0,Left,0.975978,14,0.80014078,-0.23665404,-0.09743047,1536,-255,0.00679454,-0.02774001,-0.01735958
68,510763811,true,0,Left,0.975978,15,0.76333626,-0.38977716,-0.10868599,1465,-420,-0.00113253,-0.04272240,-0.03705448
68,510763811,true,0,Left,0.975978,16,0.73217389,-0.51687939,-0.11467961,1405,-558,-0.01091876,-0.05585004,-0.05687494
68,510763811,true,0,Left,0.975978,17,0.95553902,0.06798820,-0.07965610,1834,73,0.02993582,0.00522512,-0.01833925
68,510763811,true,0,Left,0.975978,18,0.93932478,-0.16660073,-0.11580558,1803,-179,0.03286691,-0.01502793,-0.02319730
68,510763811,true,0,Left,0.975978,19,0.91845873,-0.31191934,-0.11862343,1763,-336,0.02588876,-0.03305622,-0.03503874
68,510763811,true,0,Left,0.975978,20,0.89525499,-0.43424881,-0.11614863,1718,-468,0.01701941,-0.04524685,-0.05093689
69,510763870,true,0,Left,0.972227,0,0.88383022,0.82818227,0.00000059,1696,894,0.02854525,0.07780173,0.00032312
69,510763870,true,0,Left,0.972227,1,0.72270912,0.77899026,-0.07483183,1387,841,-0.00458007,0.06495056,-0.00638434
69,510763870,true,0,Left,0.972227,2,0.55801348,0.60621939,-0.11755734,1071,654,-0.03017142,0.05161630,-0.00037199
69,510763870,true,0,Left,0.972227,3,0.42286640,0.49616807,-0.15599279,811,535,-0.05992571,0.03905428,0.00292530
69,510763870,true,0,Left,0.972227,4,0.31439418,0.38853472,-0.19148466,603,419,-0.08354572,0.02598458,0.01203179
69,510763870,true,0,Left,0.972227,5,0.62556843,0.15868444,-0.03777121,1201,171,-0.02533505,0.00744052,0.00928597
69,510763870,true,0,Left,0.972227,6,0.54993975,-0.09654458,-0.08955419,1055,-104,-0.03434589,-0.01744197,0.00526318
69,510763870,true,0,Left,0.972227,7,0.50407808,-0.25107528,-0.13520274,967,-271,-0.04322447,-0.03436740,-0.00803535
69,510763870,true,0,Left,0.972227,8,0.47204252,-0.36507750,-0.16692456,906,-394,-0.05361108,-0.03998618,-0.03701933
69,510763870,true,0,Left,0.972227,9,0.72670805,0.07456077,-0.03986227,1395,80,-0.00380781,-0.00294176,0.00719942
69,510763870,true,0,Left,0.972227,10,0.66701002,-0.21284708,-0.07938105,1280,-229,-0.01510329,-0.03256385,-0.00359461
69,510763870,true,0,Left,0.972227,11,0.62558592,-0.35346241,-0.11186956,1201,-381,-0.02693845,-0.04300699,-0.02686335
69,510763870,true,0,Left,0.972227,12,0.59627304,-0.45304509,-0.13371991,1144,-489,-0.03767287,-0.05449487,-0.04917948
69,510763870,true,0,Left,0.972227,13,0.83591516,0.04277598,-0.05486040,1604,46,0.01512587,-0.00583901,-0.00569070
69,510763870,true,0,Left,0.972227,14,0.79691361,-0.23620443,-0.09547253,1530,-255,0.00685262,-0.02782885,-0.01735386
69,510763870,true,0,Left,0.972227,15,0.75917314,-0.38762689,-0.10668645,1457,-418,-0.00131959,-0.04278216,-0.03724478
69,510763870,true,0,Left,0.972227,16,0.72779768,-0.51074213,-0.11263894,1397,-551,-0.01106443,-0.05564003,-0.05719769
69,510763870,true,0,Left,0.972227,17,0.95189535,0.06789016,-0.07842646,1827,73,0.02995621,0.00507030,-0.01832567
69,510763870,true,0,Left,0.972227,18,0.93567666,-0.16650880,-0.11402292,1796,-179,0.03298528,-0.01517436,-0.02328642
69,510763870,true,0,Left,0.972227,19,0.91408070,-0.31105032,-0.11701390,1755,-335,0.02579242,-0.03324042,-0.03512531
69,510763870,true,0,Left,0.972227,20,0.89075243,-0.43192971,-0.11471361,1710,-466,0.01690643,-0.04537412,-0.05123917
70,510763946,true,0,Left,0.974302,0,0.88580953,0.82616501,0.00000063,1700,892,0.02912583,0.07774689,0.00015118
70,510763946,true,0,Left,0.974302,1,0.72555508,0.78066754,-0.07593690,1393,843,-0.00401542,0.06461373,-0.00634529
70,510763946,true,0,Left,0.974302,2,0.55979028,0.60815427,-0.11925057,1074,656,-0.03005000,0.05160171,-0.00015901
70,510763946,true,0,Left,0.974302,3,0.42386954,0.49672650,-0.15813532,813,536,-0.05977818,0.03914021,0.00296839
70,510763946,true,0,Left,0.974302,4,0.31356189,0.39437842,-0.19437162,602,425,-0.08387518,0.02664355,0.01248670
70,510763946,true,0,Left,0.974302,5,0.62569525,0.15956187,-0.03942552,1201,172,-0.02525371,0.00748274,0.00920524
70,510763946,true,0,Left,0.974302,6,0.55068098,-0.09634599,-0.09187956,1057,-104,-0.03435966,-0.01748409,0.00536474
70,510763946,true,0,Left,0.974302,7,0.50557182,-0.25411944,-0.13802721,970,-274,-0.04311832,-0.03434982,-0.00764378
70,510763946,true,0,Left,0.974302,8,0.47414854,-0.37262547,-0.17013948,910,-402,-0.05316467,-0.04046959,-0.03634608
70,510763946,true,0,Left,0.974302,9,0.72668758,0.07574579,-0.04121690,1395,81,-0.00378013,-0.00289759,0.00718164
70,510763946,true,0,Left,0.974302,10,0.66923635,-0.21337601,-0.08107771,1284,-230,-0.01484150,-0.03246273,-0.00370739
70,510763946,true,0,Left,0.974302,11,0.62993011,-0.35674415,-0.11358319,1209,-385,-0.02642331,-0.04301990,-0.02670686
70,510763946,true,0,Left,0.974302,12,0.60261632,-0.46100683,-0.13562184,1157,-497,-0.03689206,-0.05480506,-0.04901581
70,510763946,true,0,Left,0.974302,13,0.83532724,0.04413384,-0.05600261,1603,47,0.01511844,-0.00589048,-0.00571699
70,510763946,true,0,Left,0.974302,14,0.79855555,-0.23550432,-0.09690324,1533,-254,0.00702596,-0.02766214,-0.01713268
70,510763946,true,0,Left,0.974302,15,0.76213561,-0.38942543,-0.10804498,1463,-420,-0.00117688,-0.04276920,-0.03721771
70,510763946,true,0,Left,0.974302,16,0.73249595,-0.51617312,-0.11400794,1406,-557,-0.01048352,-0.05605432,-0.05747530
70,510763946,true,0,Left,0.974302,17,0.94989962,0.06898105,-0.07950695,1823,74,0.02995787,0.00497213,-0.01827627
70,510763946,true,0,Left,0.974302,18,0.93512047,-0.16599379,-0.11525734,1795,-179,0.03287225,-0.01525706,-0.02322525
70,510763946,true,0,Left,0.974302,19,0.91479598,-0.31196374,-0.11812243,1756,-336,0.02570437,-0.03328898,-0.03512668
70,510763946,true,0,Left,0.974302,20,0.89272452,-0.43426032,-0.11586226,1714,-469,0.01710788,-0.04527668,-0.05109657
71,510764004,true,0,Left,0.975079,0,0.88530913,0.82700550,0.00000063,1699,893,0.02932342,0.07807880,-0.00010526
71,510764004,true,0,Left,0.975079,1,0.72570170,0.78079280,-0.07619506,1393,843,-0.00389479,0.06476688,-0.00639465
71,510764004,true,0,Left,0.975079,2,0.56043893,0.60858130,-0.12003331,1076,657,-0.03004801,0.05192637,0.00019374
71,510764004,true,0,Left,0.975079,3,0.42387497,0.49788389,-0.15941488,813,537,-0.05994854,0.03935995,0.00385155
71,510764004,true,0,Left,0.975079,4,0.31268427,0.39665822,-0.19614273,600,428,-0.08417470,0.02692191,0.01410265
71,510764004,true,0,Left,0.975079,5,0.62599401,0.15927818,-0.03958275,1201,172,-0.02529035,0.00752459,0.00945564
71,510764004,true,0,Left,0.975079,6,0.55148848,-0.09567664,-0.09236465,1058,-103,-0.03430839,-0.01756563,0.00560775
71,510764004,true,0,Left,0.975079,7,0.50634527,-0.25261732,-0.13911614,972,-272,-0.04317734,-0.03435845,-0.00740473
71,510764004,true,0,Left,0.975079,8,0.47455143,-0.37072288,-0.17184591,911,-400,-0.05318714,-0.04035626,-0.03610533
71,510764004,true,0,Left,0.975079,9,0.72596806,0.07625277,-0.04135406,1393,82,-0.00382318,-0.00295198,0.00722039
71,510764004,true,0,Left,0.975079,10,0.66917575,-0.21199810,-0.08166229,1284,-228,-0.01487608,-0.03239087,-0.00372318
71,510764004,true,0,Left,0.975079,11,0.62985693,-0.35472695,-0.11463022,1209,-383,-0.02641343,-0.04300508,-0.02677990
71,510764004,true,0,Left,0.975079,12,0.60208260,-0.45817382,-0.13712940,1155,-494,-0.03704638,-0.05473015,-0.04897806
71,510764004,true,0,Left,0.975079,13,0.83348767,0.04563490,-0.05615168,1600,49,0.01506996,-0.00583232,-0.00591310
71,510764004,true,0,Left,0.975079,14,0.79770975,-0.23330413,-0.09731765,1531,-251,0.00698780,-0.02754432,-0.01724523
71,510764004,true,0,Left,0.975079,15,0.76149064,-0.38665246,-0.10876403,1462,-417,-0.00121147,-0.04270976,-0.03728951
71,510764004,true,0,Left,0.975079,16,0.73147206,-0.51220662,-0.11504373,1404,-553,-0.01050115,-0.05595798,-0.05758398
71,510764004,true,0,Left,0.975079,17,0.94712995,0.07159620,-0.07970809,1818,77,0.02995345,0.00500267,-0.01866173
71,510764004,true,0,Left,0.975079,18,0.93334126,-0.16339548,-0.11561722,1792,-176,0.03282253,-0.01528396,-0.02362479
71,510764004,true,0,Left,0.975079,19,0.91296614,-0.30931622,-0.11881794,1752,-334,0.02554129,-0.03325325,-0.03540051
71,510764004,true,0,Left,0.975079,20,0.89053464,-0.43079218,-0.11694277,1709,-465,0.01701976,-0.04521022,-0.05131307
72,510764080,true,0,Left,0.975016,0,0.88773862,0.82851209,0.00000063,1704,894,0.02973880,0.07803886,0.00013669
72,510764080,true,0,Left,0.975016,1,0.72770061,0.78216181,-0.07585847,1397,844,-0.00361015,0.06471467,-0.00626285
72,510764080,true,0,Left,0.975016,2,0.56194217,0.60982133,-0.11933860,1078,658,-0.02976244,0.05197789,0.00008463
72,510764080,true,0,Left,0.975016,3,0.42509645,0.49793385,-0.15844892,816,537,-0.05980417,0.03927271,0.00335523
72,510764080,true,0,Left,0.975016,4,0.31313239,0.39740793,-0.19503959,601,429,-0.08406685,0.02682716,0.01318428
72,510764080,true,0,Left,0.975016,5,0.62612270,0.16218506,-0.03894191,1202,175,-0.02534824,0.00755458,0.00935366
72,510764080,true,0,Left,0.975016,6,0.55229528,-0.09176603,-0.09155547,1060,-99,-0.03436788,-0.01756520,0.00535410
72,510764080,true,0,Left,0.975016,7,0.50774230,-0.24980862,-0.13847779,974,-269,-0.04311154,-0.03436674,-0.00757969
72,510764080,true,0,Left,0.975016,8,0.47606270,-0.36962475,-0.17153282,914,-399,-0.05301126,-0.04047805,-0.03617368
72,510764080,true,0,Left,0.975016,9,0.72615550,0.07868995,-0.04084689,1394,84,-0.00384680,-0.00295824,0.00717590
72,510764080,true,0,Left,0.975016,10,0.66914219,-0.20800163,-0.08099268,1284,-224,-0.01498840,-0.03224961,-0.00381186
72,510764080,true,0,Left,0.975016,11,0.63024044,-0.35079722,-0.11425558,1210,-378,-0.02649275,-0.04298409,-0.02668793
72,510764080,true,0,Left,0.975016,12,0.60258754,-0.45518362,-0.13718835,1156,-491,-0.03710815,-0.05463857,-0.04875940
72,510764080,true,0,Left,0.975016,13,0.83400069,0.04829892,-0.05573069,1601,52,0.01505969,-0.00583315,-0.00585248
72,510764080,true,0,Left,0.975016,14,0.79773476,-0.22923517,-0.09692526,1531,-247,0.00684586,-0.02746375,-0.01728582
72,510764080,true,0,Left,0.975016,15,0.76177883,-0.38229478,-0.10880011,1462,-412,-0.00138135,-0.04267022,-0.03741273
72,510764080,true,0,Left,0.975016,16,0.73175828,-0.50795132,-0.11554800,1404,-548,-0.01060421,-0.05588370,-0.05756854
72,510764080,true,0,Left,0.975016,17,0.94824745,0.07451871,-0.07931483,1820,80,0.03004715,0.00497938,-0.01850751
72,510764080,true,0,Left,0.975016,18,0.93310890,-0.15950577,-0.11532599,1791,-172,0.03277811,-0.01528757,-0.02351742
72,510764080,true,0,Left,0.975016,19,0.91280079,-0.30516706,-0.11878082,1752,-329,0.02537646,-0.03316367,-0.03543685
72,510764080,true,0,Left,0.975016,20,0.89051316,-0.42691665,-0.11722674,1709,-461,0.01691610,-0.04512453,-0.05126684
73,510764140,true,0,Left,0.971304,0,0.88646195,0.82947561,0.00000063,1702,895,0.02970897,0.07814921,0.00005979
73,510764140,true,0,Left,0.971304,1,0.72676811,0.78195820,-0.07622990,1395,844,-0.00371152,0.06461977,-0.00622259
73,510764140,true,0,Left,0.971304,2,0.56172873,0.60968116,-0.12015910,1078,658,-0.02984442,0.05190528,0.00033595
73,510764140,true,0,Left,0.971304,3,0.42488528,0.49741064,-0.15964644,815,537,-0.06001538,0.03914017,0.00360105
73,510764140,true,0,Left,0.971304,4,0.31230121,0.39791644,-0.19664924,599,429,-0.08426126,0.02691974,0.01362701
73,510764140,true,0,Left,0.971304,5,0.62638286,0.16197394,-0.03954345,1202,174,-0.02529638,0.00751773,0.00945509
73,510764140,true,0,Left,0.971304,6,0.55354474,-0.09189746,-0.09281632,1062,-99,-0.03428762,-0.01765747,0.00554336
73,510764140,true,0,Left,0.971304,7,0.50821125,-0.24954183,-0.14061420,975,-269,-0.04321322,-0.03444658,-0.00757888
73,510764140,true,0,Left,0.971304,8,0.47518229,-0.36865117,-0.17449005,912,-398,-0.05315706,-0.04047693,-0.03608366
73,510764140,true,0,Left,0.971304,9,0.72601435,0.07966662,-0.04145134,1393,86,-0.00386458,-0.00300742,0.00719609
73,510764140,true,0,Left,0.971304,10,0.66940448,-0.20606287,-0.08241172,1285,-222,-0.01501606,-0.03213197,-0.00388333
73,510764140,true,0,Left,0.971304,11,0.63032994,-0.34914315,-0.11654101,1210,-377,-0.02658719,-0.04299676,-0.02680026
73,510764140,true,0,Left,0.971304,12,0.60202457,-0.45344593,-0.14029407,1155,-489,-0.03727975,-0.05465750,-0.04883966
73,510764140,true,0,Left,0.971304,13,0.83342240,0.05095750,-0.05634173,1600,55,0.01509544,-0.00575500,-0.00592941
73,510764140,true,0,Left,0.971304,14,0.79745258,-0.22576037,-0.09825880,1531,-243,0.00678231,-0.02735489,-0.01739171
73,510764140,true,0,Left,0.971304,15,0.76186155,-0.37887080,-0.11066232,1462,-409,-0.00141095,-0.04255639,-0.03753606
73,510764140,true,0,Left,0.971304,16,0.73165285,-0.50412947,-0.11780930,1404,-544,-0.01062006,-0.05575970,-0.05794406
73,510764140,true,0,Left,0.971304,17,0.94756721,0.07878429,-0.07995007,1819,85,0.03007270,0.00504144,-0.01871093
73,510764140,true,0,Left,0.971304,18,0.93286544,-0.15606326,-0.11654657,1791,-168,0.03274492,-0.01527277,-0.02363463
73,510764140,true,0,Left,0.971304,19,0.91262009,-0.30225284,-0.12040954,1752,-326,0.02540223,-0.03306860,-0.03558163
73,510764140,true,0,Left,0.971304,20,0.89009211,-0.42402596,-0.11922675,1708,-457,0.01683879,-0.04504964,-0.05142182
74,510764211,true,0,Left,0.974690,0,0.88444006,0.82896168,0.00000062,1698,895,0.02957567,0.07829700,0.00022579
74,510764211,true,0,Left,0.974690,1,0.72565194,0.78067753,-0.07560726,1393,843,-0.00373753,0.06483187,-0.00612903
74,510764211,true,0,Left,0.974690,2,0.56162813,0.60864181,-0.11942860,1078,657,-0.02972520,0.05196441,0.00032046
74,510764211,true,0,Left,0.974690,3,0.42526333,0.49595603,-0.15892867,816,535,-0.05993383,0.03915501,0.00349547
74,510764211,true,0,Left,0.974690,4,0.31255079,0.39721069,-0.19602797,600,428,-0.08421205,0.02689155,0.01345726
74,510764211,true,0,Left,0.974690,5,0.62623142,0.16170450,-0.03913973,1202,174,-0.02522702,0.00754227,0.00952870
74,510764211,true,0,Left,0.974690,6,0.55317452,-0.09108315,-0.09272962,1062,-98,-0.03419671,-0.01763390,0.00554892
74,510764211,true,0,Left,0.974690,7,0.50724125,-0.24801519,-0.14086487,973,-267,-0.04331368,-0.03445140,-0.00767415
74,510764211,true,0,Left,0.974690,8,0.47330901,-0.36636657,-0.17501147,908,-395,-0.05341781,-0.04042096,-0.03634321
74,510764211,true,0,Left,0.974690,9,0.72538900,0.07929374,-0.04139856,1392,85,-0.00387262,-0.00304323,0.00719626
74,510764211,true,0,Left,0.974690,10,0.66851975,-0.20494967,-0.08289754,1283,-221,-0.01511134,-0.03205208,-0.00388694
74,510764211,true,0,Left,0.974690,11,0.62930952,-0.34689028,-0.11753826,1208,-374,-0.02664611,-0.04295819,-0.02687703
74,510764211,true,0,Left,0.974690,12,0.60071817,-0.45037721,-0.14163479,1153,-486,-0.03739869,-0.05462110,-0.04890674
74,510764211,true,0,Left,0.974690,13,0.83223003,0.05021317,-0.05658735,1597,54,0.01507145,-0.00572802,-0.00595395
74,510764211,true,0,Left,0.974690,14,0.79594119,-0.22498170,-0.09897095,1528,-242,0.00666499,-0.02729174,-0.01751099
74,510764211,true,0,Left,0.974690,15,0.76039737,-0.37737961,-0.11160049,1459,-407,-0.00141702,-0.04252819,-0.03758323
74,510764211,true,0,Left,0.974690,16,0.72980351,-0.50231510,-0.11887198,1401,-542,-0.01083650,-0.05572568,-0.05784704
74,510764211,true,0,Left,0.974690,17,0.94616856,0.07774949,-0.08044749,1816,83,0.02997659,0.00510916,-0.01880264
74,510764211,true,0,Left,0.974690,18,0.93128174,-0.15641346,-0.11732346,1788,-168,0.03268773,-0.01520709,-0.02375097
74,510764211,true,0,Left,0.974690,19,0.91083758,-0.30126378,-0.12121448,1748,-325,0.02533066,-0.03301535,-0.03578821
74,510764211,true,0,Left,0.974690,20,0.88761671,-0.42161564,-0.12002937,1704,-455,0.01665574,-0.04499712,-0.05164818
75,510764316,true,0,Left,0.977257,0,0.87981563,0.83180886,0.00000061,1689,898,0.02907297,0.07848707,0.00118066
75,510764316,true,0,Left,0.977257,1,0.72344800,0.78093566,-0.07540176,1389,843,-0.00396419,0.06496888,-0.00562525
75,510764316,true,0,Left,0.977257,2,0.56161584,0.60882775,-0.11938858,1078,657,-0.02971966,0.05194711,0.00041727
75,510764316,true,0,Left,0.977257,3,0.42612901,0.49733469,-0.15908596,818,537,-0.05968023,0.03918961,0.00305508
75,510764316,true,0,Left,0.977257,4,0.31412504,0.39755753,-0.19650017,603,429,-0.08385111,0.02673135,0.01252133
75,510764316,true,0,Left,0.977257,5,0.62605695,0.16221393,-0.03972804,1202,175,-0.02523694,0.00753136,0.00949598
75,510764316,true,0,Left,0.977257,6,0.55203392,-0.08941494,-0.09388433,1059,-96,-0.03424116,-0.01765634,0.00528689
75,510764316,true,0,Left,0.977257,7,0.50549987,-0.24508496,-0.14245446,970,-264,-0.04347980,-0.03440344,-0.00794300
75,510764316,true,0,Left,0.977257,8,0.47124764,-0.36273951,-0.17681015,904,-391,-0.05377339,-0.04033233,-0.03682037
75,510764316,true,0,Left,0.977257,9,0.72496462,0.08030971,-0.04225878,1391,86,-0.00386601,-0.00310678,0.00714143
75,510764316,true,0,Left,0.977257,10,0.66757092,-0.20322012,-0.08444868,1281,-219,-0.01516575,-0.03211337,-0.00398657
75,510764316,true,0,Left,0.977257,11,0.62795927,-0.34467473,-0.11953803,1205,-372,-0.02673582,-0.04288600,-0.02718015
75,510764316,true,0,Left,0.977257,12,0.59884837,-0.44739341,-0.14375646,1149,-483,-0.03766167,-0.05442423,-0.04940098
75,510764316,true,0,Left,0.977257,13,0.83171630,0.05166963,-0.05765113,1596,55,0.01512455,-0.00574500,-0.00589930
75,510764316,true,0,Left,0.977257,14,0.79522919,-0.22314828,-0.10064973,1526,-241,0.00670457,-0.02726771,-0.01747697
75,510764316,true,0,Left,0.977257,15,0.75973765,-0.37559586,-0.11351397,1458,-405,-0.00145088,-0.04253736,-0.03768913
75,510764316,true,0,Left,0.977257,16,0.72876378,-0.50066464,-0.12081873,1399,-540,-0.01104868,-0.05574124,-0.05799393
75,510764316,true,0,Left,0.977257,17,0.94574790,0.08051992,-0.08166048,1815,86,0.02997535,0.00521095,-0.01866010
75,510764316,true,0,Left,0.977257,18,0.93151029,-0.15344837,-0.11906493,1788,-165,0.03275415,-0.01501184,-0.02355082
75,510764316,true,0,Left,0.977257,19,0.91173865,-0.29823979,-0.12309179,1750,-322,0.02549671,-0.03287248,-0.03567785
75,510764316,true,0,Left,0.977257,20,0.88873232,-0.41905591,-0.12186792,1706,-452,0.01689571,-0.04491317,-0.05182909
76,510764367,true,0,Left,0.978646,0,0.87538528,0.83051257,0.00000059,1680,896,0.02868033,0.07868347,0.00044627
76,510764367,true,0,Left,0.978646,1,0.72018253,0.77886843,-0.07504106,1382,841,-0.00428043,0.06520818,-0.00617488
76,510764367,true,0,Left,0.978646,2,0.55979131,0.60835134,-0.11883511,1074,657,-0.02979321,0.05208892,-0.00005783
76,510764367,true,0,Left,0.978646,3,0.42524860,0.49723311,-0.15845615,816,537,-0.05972527,0.03937041,0.00284424
76,510764367,true,0,Left,0.978646,4,0.31458012,0.39534175,-0.19576464,603,426,-0.08367493,0.02676860,0.01253831
76,510764367,true,0,Left,0.978646,5,0.62534186,0.16125296,-0.03921354,1200,174,-0.02518954,0.00763546,0.00958804
76,510764367,true,0,Left,0.978646,6,0.55043159,-0.08932606,-0.09312627,1056,-96,-0.03425649,-0.01763403,0.00541893
76,510764367,true,0,Left,0.978646,7,0.50258312,-0.24366288,-0.14140462,964,-263,-0.04371261,-0.03434955,-0.00790403
76,510764367,true,0,Left,0.978646,8,0.46731903,-0.36003415,-0.17548632,897,-388,-0.05417742,-0.04016084,-0.03706627
76,510764367,true,0,Left,0.978646,9,0.72382726,0.07924416,-0.04185157,1389,85,-0.00386233,-0.00306311,0.00722288
76,510764367,true,0,Left,0.978646,10,0.66492260,-0.20355260,-0.08378926,1276,-219,-0.01527248,-0.03224968,-0.00390264
76,510764367,true,0,Left,0.978646,11,0.62409952,-0.34372245,-0.11848647,1198,-371,-0.02701502,-0.04293694,-0.02727627
76,510764367,true,0,Left,0.978646,12,0.59410184,-0.44514658,-0.14234980,1140,-480,-0.03803960,-0.05442011,-0.04959931
76,510764367,true,0,Left,0.978646,13,0.83019254,0.05002786,-0.05731517,1593,54,0.01515210,-0.00584789,-0.00591712
76,510764367,true,0,Left,0.978646,14,0.79245225,-0.22472789,-0.10020660,1521,-242,0.00665167,-0.02750978,-0.01750169
76,510764367,true,0,Left,0.978646,15,0.75638931,-0.37659180,-0.11279798,1452,-406,-0.00153841,-0.04271996,-0.03771713
76,510764367,true,0,Left,0.978646,16,0.72475636,-0.50150948,-0.11982477,1391,-541,-0.01134603,-0.05584460,-0.05791564
76,510764367,true,0,Left,0.978646,17,0.94392156,0.07819713,-0.08139368,1812,84,0.02989227,0.00506518,-0.01896362
76,510764367,true,0,Left,0.978646,18,0.92955871,-0.15631570,-0.11880760,1784,-168,0.03274988,-0.01519108,-0.02369454
76,510764367,true,0,Left,0.978646,19,0.90996803,-0.30121023,-0.12278831,1747,-325,0.02561749,-0.03321966,-0.03577977
76,510764367,true,0,Left,0.978646,20,0.88691186,-0.42288132,-0.12142700,1702,-456,0.01696561,-0.04542522,-0.05192813
77,510764449,true,0,Left,0.979043,0,0.87780677,0.82576869,0.00000057,1685,891,0.02901924,0.07864463,0.00075438
77,510764449,true,0,Left,0.979043,1,0.72237398,0.77878251,-0.07636039,1386,841,-0.00408296,0.06550019,-0.00557219
77,510764449,true,0,Left,0.979043,2,0.56096467,0.60995149,-0.12145639,1077,658,-0.02941686,0.05234426,0.00010981
77,510764449,true,0,Left,0.979043,3,0.42604637,0.49743139,-0.16230125,818,537,-0.05929490,0.03951865,0.00255435
77,510764449,true,0,Left,0.979043,4,0.31672777,0.39148009,-0.20053373,608,422,-0.08289912,0.02671722,0.01141596
77,510764449,true,0,Left,0.979043,5,0.62453379,0.15942965,-0.04078427,1199,172,-0.02521828,0.00768938,0.00964826
77,510764449,true,0,Left,0.979043,6,0.54817639,-0.08949500,-0.09511078,1052,-96,-0.03459065,-0.01726619,0.00553014
77,510764449,true,0,Left,0.979043,7,0.49895131,-0.24138254,-0.14316581,957,-260,-0.04389052,-0.03386750,-0.00805239
77,510764449,true,0,Left,0.979043,8,0.46301917,-0.35397633,-0.17686603,888,-382,-0.05474292,-0.03947522,-0.03707990
77,510764449,true,0,Left,0.979043,9,0.72280225,0.07589635,-0.04259162,1387,81,-0.00385460,-0.00298235,0.00720450
77,510764449,true,0,Left,0.979043,10,0.66090607,-0.20555059,-0.08432342,1268,-221,-0.01548736,-0.03234287,-0.00383034
77,510764449,true,0,Left,0.979043,11,0.61727969,-0.34217317,-0.11794020,1185,-369,-0.02778943,-0.04271194,-0.02695859
77,510764449,true,0,Left,0.979043,12,0.58465373,-0.43993082,-0.14069868,1122,-475,-0.03918172,-0.05373198,-0.04928198
77,510764449,true,0,Left,0.979043,13,0.82998646,0.04448803,-0.05739091,1593,48,0.01516656,-0.00604225,-0.00594783
77,510764449,true,0,Left,0.979043,14,0.78963194,-0.22969896,-0.10016286,1516,-248,0.00652444,-0.02776494,-0.01770858
77,510764449,true,0,Left,0.979043,15,0.75027619,-0.37785701,-0.11167803,1440,-408,-0.00220657,-0.04275605,-0.03763471
77,510764449,true,0,Left,0.979043,16,0.71552699,-0.49924845,-0.11754558,1373,-539,-0.01233061,-0.05551546,-0.05750906
77,510764449,true,0,Left,0.979043,17,0.94479109,0.07011713,-0.08095920,1813,75,0.02997646,0.00488130,-0.01903479
77,510764449,true,0,Left,0.979043,18,0.92822450,-0.16337781,-0.11849735,1782,-176,0.03279191,-0.01557031,-0.02386338
77,510764449,true,0,Left,0.979043,19,0.90644945,-0.30640707,-0.12218543,1740,-330,0.02535217,-0.03343850,-0.03582542
77,510764449,true,0,Left,0.979043,20,0.88137974,-0.42621650,-0.12027871,1692,-460,0.01625471,-0.04550050,-0.05176554
78,510764504,true,0,Left,0.981400,0,0.87749647,0.82749855,0.00000058,1684,893,0.02885099,0.07870256,0.00096105
78,510764504,true,0,Left,0.981400,1,0.72226432,0.77889889,-0.07622846,1386,841,-0.00432051,0.06537292,-0.00546055
78,510764504,true,0,Left,0.981400,2,0.56166536,0.60949976,-0.12135786,1078,658,-0.02973496,0.05242611,0.00033793
78,510764504,true,0,Left,0.981400,3,0.42691442,0.49821763,-0.16226409,819,538,-0.05942321,0.03955683,0.00300668
78,510764504,true,0,Left,0.981400,4,0.31765586,0.39239423,-0.20061295,609,423,-0.08301425,0.02680246,0.01208411
78,510764504,true,0,Left,0.981400,5,0.62530711,0.15951165,-0.04101920,1200,172,-0.02534038,0.00768459,0.00965464
78,510764504,true,0,Left,0.981400,6,0.54942331,-0.08962277,-0.09529370,1054,-96,-0.03460225,-0.01739364,0.00555952
78,510764504,true,0,Left,0.981400,7,0.50109711,-0.24185288,-0.14343766,962,-261,-0.04389168,-0.03397214,-0.00794920
78,510764504,true,0,Left,0.981400,8,0.46601083,-0.35569163,-0.17728049,894,-384,-0.05459344,-0.03962695,-0.03695146
78,510764504,true,0,Left,0.981400,9,0.72360547,0.07713129,-0.04314294,1389,83,-0.00382575,-0.00299341,0.00718049
78,510764504,true,0,Left,0.981400,10,0.66278093,-0.20514510,-0.08513372,1272,-221,-0.01549377,-0.03233906,-0.00394424
78,510764504,true,0,Left,0.981400,11,0.61955874,-0.34262887,-0.11888802,1189,-370,-0.02777272,-0.04268720,-0.02712925
78,510764504,true,0,Left,0.981400,12,0.58744682,-0.43939269,-0.14178525,1127,-474,-0.03930514,-0.05349721,-0.04946805
78,510764504,true,0,Left,0.981400,13,0.83072384,0.04731968,-0.05826455,1594,51,0.01517791,-0.00598540,-0.00598986
78,510764504,true,0,Left,0.981400,14,0.79163271,-0.22847081,-0.10125997,1519,-246,0.00673572,-0.02762462,-0.01768476
78,510764504,true,0,Left,0.981400,15,0.75272963,-0.37747806,-0.11316479,1445,-407,-0.00213998,-0.04277511,-0.03776881
78,510764504,true,0,Left,0.981400,16,0.71856386,-0.49790585,-0.11938624,1379,-537,-0.01218452,-0.05546938,-0.05788980
78,510764504,true,0,Left,0.981400,17,0.94533377,0.07492783,-0.08212510,1815,80,0.03011460,0.00496173,-0.01903610
78,510764504,true,0,Left,0.981400,18,0.93026889,-0.15975235,-0.11998970,1786,-172,0.03309336,-0.01548025,-0.02384728
78,510764504,true,0,Left,0.981400,19,0.90878795,-0.30440318,-0.12433028,1744,-328,0.02549426,-0.03344969,-0.03587092
78,510764504,true,0,Left,0.981400,20,0.88415705,-0.42500377,-0.12300179,1697,-459,0.01654057,-0.04554148,-0.05211876
79,510764583,true,0,Left,0.978707,0,0.87746665,0.82523798,0.00000058,1684,891,0.02836410,0.07866958,0.00032576
79,510764583,true,0,Left,0.978707,1,0.72178265,0.77651335,-0.07578594,1385,838,-0.00484673,0.06534566,-0.00607108
79,510764583,true,0,Left,0.978707,2,0.56120742,0.60759159,-0.12049610,1077,656,-0.03007337,0.05225024,-0.00017237
79,510764583,true,0,Left,0.978707,3,0.42704789,0.49561830,-0.16105475,819,535,-0.05977603,0.03946965,0.00247723
79,510764583,true,0,Left,0.978707,4,0.31843361,0.38960300,-0.19908240,611,420,-0.08328722,0.02671917,0.01190270
79,510764583,true,0,Left,0.978707,5,0.62653592,0.15778691,-0.04049330,1202,170,-0.02527853,0.00774620,0.00963190
79,510764583,true,0,Left,0.978707,6,0.55111112,-0.09417633,-0.09436741,1058,-101,-0.03452428,-0.01764830,0.00563792
79,510764583,true,0,Left,0.978707,7,0.50324527,-0.24834075,-0.14205637,966,-268,-0.04386388,-0.03441029,-0.00787667
79,510764583,true,0,Left,0.978707,8,0.46892397,-0.36342051,-0.17543461,900,-392,-0.05434438,-0.04018031,-0.03708776
79,510764583,true,0,Left,0.978707,9,0.72525816,0.07603266,-0.04255683,1392,82,-0.00383034,-0.00298424,0.00720889
79,510764583,true,0,Left,0.978707,10,0.66534710,-0.20841556,-0.08418694,1277,-225,-0.01536385,-0.03249895,-0.00396403
79,510764583,true,0,Left,0.978707,11,0.62283293,-0.34809251,-0.11780145,1195,-375,-0.02751162,-0.04301101,-0.02725546
79,510764583,true,0,Left,0.978707,12,0.59167087,-0.44669572,-0.14050764,1136,-482,-0.03879004,-0.05406912,-0.04980296
79,510764583,true,0,Left,0.978707,13,0.83260578,0.04608533,-0.05753063,1598,49,0.01531356,-0.00597176,-0.00590796
79,510764583,true,0,Left,0.978707,14,0.79397064,-0.23200604,-0.10013750,1524,-250,0.00687544,-0.02789235,-0.01777923
79,510764583,true,0,Left,0.978707,15,0.75546345,-0.38449938,-0.11209891,1450,-415,-0.00183395,-0.04313220,-0.03779133
79,510764583,true,0,Left,0.978707,16,0.72180673,-0.50774607,-0.11837947,1385,-548,-0.01202573,-0.05597783,-0.05788820
79,510764583,true,0,Left,0.978707,17,0.94737035,0.07326776,-0.08116972,1818,79,0.03014359,0.00488828,-0.01907808
79,510764583,true,0,Left,0.978707,18,0.93216017,-0.16286365,-0.11877980,1789,-175,0.03307762,-0.01547425,-0.02388019
79,510764583,true,0,Left,0.978707,19,0.91084890,-0.31011122,-0.12296948,1748,-334,0.02573926,-0.03367747,-0.03603178
79,510764583,true,0,Left,0.978707,20,0.88637986,-0.43340626,-0.12149755,1701,-468,0.01665098,-0.04599719,-0.05222446
80,510764639,true,0,Left,0.980146,0,0.87726476,0.82580014,0.00000058,1684,891,0.02806646,0.07858298,0.00063339
80,510764639,true,0,Left,0.980146,1,0.72133507,0.77675407,-0.07593126,1384,838,-0.00513379,0.06538355,-0.00606879
80,510764639,true,0,Left,0.980146,2,0.56107982,0.60716739,-0.12071837,1077,655,-0.03028522,0.05223277,-0.00052463
80,510764639,true,0,Left,0.980146,3,0.42724468,0.49502099,-0.16126618,820,534,-0.05987360,0.03937075,0.00202837
80,510764639,true,0,Left,0.980146,4,0.31881319,0.38864081,-0.19927550,612,419,-0.08325002,0.02652131,0.01116214
80,510764639,true,0,Left,0.980146,5,0.62673758,0.15829175,-0.04107208,1203,170,-0.02544302,0.00775477,0.00946326
80,510764639,true,0,Left,0.980146,6,0.55126837,-0.09350938,-0.09478674,1058,-100,-0.03455011,-0.01760180,0.00535002
80,510764639,true,0,Left,0.980146,7,0.50376965,-0.24680636,-0.14223945,967,-266,-0.04386071,-0.03430993,-0.00830415
80,510764639,true,0,Left,0.980146,8,0.47003724,-0.36099591,-0.17542494,902,-389,-0.05435773,-0.03995115,-0.03762174
80,510764639,true,0,Left,0.980146,9,0.72596613,0.07621997,-0.04304960,1393,82,-0.00383847,-0.00299097,0.00718892
80,510764639,true,0,Left,0.980146,10,0.66599950,-0.20878984,-0.08452186,1278,-225,-0.01534742,-0.03261577,-0.00394422
80,510764639,true,0,Left,0.980146,11,0.62345177,-0.34820725,-0.11802190,1197,-376,-0.02752864,-0.04314096,-0.02737541
80,510764639,true,0,Left,0.980146,12,0.59248155,-0.44628391,-0.14067863,1137,-481,-0.03886014,-0.05411731,-0.05010973
80,510764639,true,0,Left,0.980146,13,0.83390614,0.04635556,-0.05789509,1601,50,0.01536612,-0.00597059,-0.00580586
80,510764639,true,0,Left,0.980146,14,0.79540659,-0.23269326,-0.10036587,1527,-251,0.00701994,-0.02799121,-0.01772195
80,510764639,true,0,Left,0.980146,15,0.75691798,-0.38506150,-0.11244971,1453,-415,-0.00171905,-0.04325861,-0.03782837
80,510764639,true,0,Left,0.980146,16,0.72365130,-0.50777411,-0.11889838,1389,-548,-0.01187741,-0.05602107,-0.05805266
80,510764639,true,0,Left,0.980146,17,0.94906381,0.07383230,-0.08136676,1822,79,0.03028448,0.00490770,-0.01882160
80,510764639,true,0,Left,0.980146,18,0.93409590,-0.16213608,-0.11887351,1793,-175,0.03333401,-0.01548354,-0.02360341
80,510764639,true,0,Left,0.980146,19,0.91319151,-0.30943291,-0.12311340,1753,-334,0.02596839,-0.03375434,-0.03584391
80,510764639,true,0,Left,0.980146,20,0.88947465,-0.43266655,-0.12169723,1707,-467,0.01695021,-0.04609758,-0.05212703
81,510764706,true,0,Left,0.977878,0,0.87787368,0.82633188,0.00000057,1685,892,0.02786455,0.07868383,0.00027486
81,510764706,true,0,Left,0.977878,1,0.72136671,0.77666706,-0.07594363,1385,838,-0.00528017,0.06549309,-0.00627386
81,510764706,true,0,Left,0.977878,2,0.56071601,0.60553400,-0.12056306,1076,653,-0.03028195,0.05221357,-0.00062497
81,510764706,true,0,Left,0.977878,3,0.42689187,0.49289648,-0.16084608,819,532,-0.05996272,0.03924304,0.00198014
81,510764706,true,0,Left,0.977878,4,0.31846595,0.38632685,-0.19846478,611,417,-0.08320981,0.02626747,0.01125932
81,510764706,true,0,Left,0.977878,5,0.62711914,0.15687356,-0.04080553,1204,169,-0.02544926,0.00771305,0.00952668
81,510764706,true,0,Left,0.977878,6,0.55095483,-0.09437886,-0.09427721,1057,-101,-0.03458155,-0.01756605,0.00536391
81,510764706,true,0,Left,0.977878,7,0.50318261,-0.24597798,-0.14147475,966,-265,-0.04403101,-0.03424687,-0.00832921
81,510764706,true,0,Left,0.977878,8,0.46905103,-0.35866963,-0.17439997,900,-387,-0.05459020,-0.03958666,-0.03761230
81,510764706,true,0,Left,0.977878,9,0.72668240,0.07409369,-0.04265375,1395,80,-0.00384619,-0.00296380,0.00720096
81,510764706,true,0,Left,0.977878,10,0.66610865,-0.21072700,-0.08370020,1278,-227,-0.01541297,-0.03270533,-0.00381941
81,510764706,true,0,Left,0.977878,11,0.62354421,-0.34951507,-0.11700545,1197,-377,-0.02766728,-0.04318062,-0.02716573
81,510764706,true,0,Left,0.977878,12,0.59254254,-0.44773596,-0.13955039,1137,-483,-0.03900111,-0.05412800,-0.04978219
81,510764706,true,0,Left,0.977878,13,0.83504910,0.04396453,-0.05735080,1603,47,0.01540544,-0.00594920,-0.00584390
81,510764706,true,0,Left,0.977878,14,0.79611069,-0.23512993,-0.09940873,1528,-253,0.00693172,-0.02811286,-0.01773405
81,510764706,true,0,Left,0.977878,15,0.75767352,-0.38744554,-0.11150801,1454,-418,-0.00170072,-0.04331890,-0.03772163
81,510764706,true,0,Left,0.977878,16,0.72472680,-0.51055902,-0.11802091,1391,-551,-0.01193939,-0.05597518,-0.05785317
81,510764706,true,0,Left,0.977878,17,0.95048711,0.07121421,-0.08063510,1824,76,0.03027293,0.00498019,-0.01888415
81,510764706,true,0,Left,0.977878,18,0.93488124,-0.16484004,-0.11760799,1794,-178,0.03323397,-0.01545999,-0.02360223
81,510764706,true,0,Left,0.977878,19,0.91372010,-0.31232406,-0.12166312,1754,-337,0.02584994,-0.03376624,-0.03584415
81,510764706,true,0,Left,0.977878,20,0.89020964,-0.43562501,-0.12012473,1709,-470,0.01691798,-0.04617147,-0.05212588
82,510764776,true,0,Left,0.977990,0,0.87985109,0.82627447,0.00000057,1689,892,0.02778760,0.07857788,0.00011085
82,510764776,true,0,Left,0.977990,1,0.72224636,0.77777386,-0.07525850,1386,839,-0.00536425,0.06543020,-0.00640425
82,510764776,true,0,Left,0.977990,2,0.56089171,0.60552704,-0.11926998,1076,653,-0.03046578,0.05207650,-0.00064513
82,510764776,true,0,Left,0.977990,3,0.42777664,0.49103233,-0.15902354,821,530,-0.05993832,0.03907909,0.00216306
82,510764776,true,0,Left,0.977990,4,0.31992665,0.38383199,-0.19607832,614,414,-0.08312908,0.02607844,0.01152875
82,510764776,true,0,Left,0.977990,5,0.62767636,0.15689526,-0.04010196,1205,169,-0.02557395,0.00764544,0.00950963
82,510764776,true,0,Left,0.977990,6,0.55168529,-0.09674367,-0.09316450,1059,-104,-0.03457334,-0.01764954,0.00540754
82,510764776,true,0,Left,0.977990,7,0.50462492,-0.24917759,-0.13981741,968,-269,-0.04390277,-0.03442761,-0.00824943
82,510764776,true,0,Left,0.977990,8,0.47158338,-0.36169876,-0.17218926,905,-390,-0.05433973,-0.03976961,-0.03751593
82,510764776,true,0,Left,0.977990,9,0.72813025,0.07458585,-0.04225188,1398,80,-0.00382536,-0.00293770,0.00720918
82,510764776,true,0,Left,0.977990,10,0.66838623,-0.21244389,-0.08295658,1283,-229,-0.01525521,-0.03276910,-0.00379683
82,510764776,true,0,Left,0.977990,11,0.62648216,-0.35264014,-0.11582440,1202,-380,-0.02748317,-0.04329994,-0.02713505
82,510764776,true,0,Left,0.977990,12,0.59655060,-0.45090887,-0.13792832,1145,-486,-0.03865458,-0.05425858,-0.04979296
82,510764776,true,0,Left,0.977990,13,0.83712878,0.04439128,-0.05723396,1607,47,0.01543159,-0.00591547,-0.00582272
82,510764776,true,0,Left,0.977990,14,0.79834213,-0.23619792,-0.09893785,1532,-255,0.00705677,-0.02813504,-0.01764880
82,510764776,true,0,Left,0.977990,15,0.76025279,-0.39062959,-0.11067956,1459,-421,-0.00150342,-0.04346844,-0.03763571
82,510764776,true,0,Left,0.977990,16,0.72825721,-0.51516257,-0.11695746,1398,-556,-0.01167277,-0.05628641,-0.05781688
82,510764776,true,0,Left,0.977990,17,0.95287018,0.07109259,-0.08076607,1829,76,0.03031556,0.00498701,-0.01883070
82,510764776,true,0,Left,0.977990,18,0.93690967,-0.16497474,-0.11745179,1798,-178,0.03332080,-0.01540335,-0.02359330
82,510764776,true,0,Left,0.977990,19,0.91574618,-0.31366438,-0.12121702,1758,-338,0.02593815,-0.03382730,-0.03581475
82,510764776,true,0,Left,0.977990,20,0.89255345,-0.43767833,-0.11945654,1713,-472,0.01697339,-0.04626583,-0.05218831
83,510764847,true,0,Left,0.976188,0,0.88542589,0.82326475,0.00000059,1700,889,0.02817475,0.07835773,-0.00004587
83,510764847,true,0,Left,0.976188,1,0.72601607,0.77679526,-0.07551395,1393,838,-0.00496401,0.06516164,-0.00660374
83,510764847,true,0,Left,0.976188,2,0.56261980,0.60470885,-0.11910904,1080,653,-0.03046751,0.05195419,-0.00080079
83,510764847,true,0,Left,0.976188,3,0.42861625,0.49126958,-0.15831094,822,530,-0.05996513,0.03918447,0.00197701
83,510764847,true,0,Left,0.976188,4,0.32093645,0.38465050,-0.19460976,616,415,-0.08333479,0.02621867,0.01135357
83,510764847,true,0,Left,0.976188,5,0.62871104,0.15576995,-0.03928808,1207,168,-0.02557661,0.00754153,0.00929086
83,510764847,true,0,Left,0.976188,6,0.55393872,-0.09962553,-0.09151240,1063,-107,-0.03455323,-0.01770417,0.00531436
83,510764847,true,0,Left,0.976188,7,0.50966361,-0.25353109,-0.13698296,978,-273,-0.04339281,-0.03455995,-0.00816736
83,510764847,true,0,Left,0.976188,8,0.48029650,-0.36660691,-0.16820672,922,-395,-0.05336904,-0.04003152,-0.03732608
83,510764847,true,0,Left,0.976188,9,0.72969336,0.07301221,-0.04085693,1401,78,-0.00378777,-0.00292216,0.00719604
83,510764847,true,0,Left,0.976188,10,0.67377709,-0.21544271,-0.08032305,1293,-232,-0.01473518,-0.03271271,-0.00368839
83,510764847,true,0,Left,0.976188,11,0.63636894,-0.35632624,-0.11165330,1221,-384,-0.02649676,-0.04339731,-0.02698235
83,510764847,true,0,Left,0.976188,12,0.61216796,-0.45618343,-0.13234241,1175,-492,-0.03688481,-0.05456723,-0.04951243
83,510764847,true,0,Left,0.976188,13,0.83873910,0.04221063,-0.05538733,1610,45,0.01538732,-0.00587110,-0.00568432
83,510764847,true,0,Left,0.976188,14,0.80291866,-0.23860151,-0.09593536,1541,-257,0.00730885,-0.02808205,-0.01742192
83,510764847,true,0,Left,0.976188,15,0.76784528,-0.39117900,-0.10614749,1474,-422,-0.00078955,-0.04331535,-0.03749210
83,510764847,true,0,Left,0.976188,16,0.74016404,-0.51590865,-0.11120999,1421,-557,-0.01041263,-0.05625212,-0.05758595
83,510764847,true,0,Left,0.976188,17,0.95401337,0.06782802,-0.07854640,1831,73,0.03023891,0.00497538,-0.01855163
83,510764847,true,0,Left,0.976188,18,0.93904321,-0.16666180,-0.11413425,1802,-179,0.03333216,-0.01542255,-0.02348702
83,510764847,true,0,Left,0.976188,19,0.91952952,-0.31304914,-0.11666912,1765,-338,0.02629479,-0.03355551,-0.03559192
83,510764847,true,0,Left,0.976188,20,0.89900162,-0.43561749,-0.11387578,1726,-470,0.01755919,-0.04586383,-0.05187914
84,510764911,true,0,Left,0.974599,0,0.88694692,0.81931078,0.00000063,1702,884,0.02823001,0.07809373,0.00002080
84,510764911,true,0,Left,0.974599,1,0.72806505,0.77569530,-0.07714495,1397,837,-0.00488427,0.06462502,-0.00647242
84,510764911,true,0,Left,0.974599,2,0.56356558,0.60486500,-0.12152711,1082,653,-0.03070957,0.05172226,-0.00032936
84,510764911,true,0,Left,0.974599,3,0.42917818,0.48891682,-0.16113887,824,528,-0.06040803,0.03898153,0.00275115
84,510764911,true,0,Left,0.974599,4,0.32075915,0.38330445,-0.19774430,615,413,-0.08412513,0.02626082,0.01263986
84,510764911,true,0,Left,0.974599,5,0.63103816,0.15493108,-0.04089501,1211,167,-0.02545283,0.00739633,0.00921484
84,510764911,true,0,Left,0.974599,6,0.55886347,-0.10161981,-0.09353582,1073,-109,-0.03439670,-0.01786122,0.00542113
84,510764911,true,0,Left,0.974599,7,0.51698845,-0.25772384,-0.13922839,992,-278,-0.04300957,-0.03468832,-0.00792231
84,510764911,true,0,Left,0.974599,8,0.48943485,-0.37340147,-0.17082204,939,-403,-0.05265872,-0.04038197,-0.03689031
84,510764911,true,0,Left,0.974599,9,0.73239807,0.07244337,-0.04161668,1406,78,-0.00371946,-0.00292929,0.00718785
84,510764911,true,0,Left,0.974599,10,0.68096200,-0.21708598,-0.08126774,1307,-234,-0.01429128,-0.03257376,-0.00369336
84,510764911,true,0,Left,0.974599,11,0.64651644,-0.35975068,-0.11246732,1241,-388,-0.02567144,-0.04338523,-0.02678193
84,510764911,true,0,Left,0.974599,12,0.62462193,-0.46246834,-0.13313829,1199,-499,-0.03574315,-0.05487601,-0.04910349
84,510764911,true,0,Left,0.974599,13,0.84105210,0.04212390,-0.05551837,1614,45,0.01536347,-0.00581340,-0.00568361
84,510764911,true,0,Left,0.974599,14,0.80854038,-0.23808795,-0.09593611,1552,-257,0.00745647,-0.02779633,-0.01715256
84,510764911,true,0,Left,0.974599,15,0.77598611,-0.39081870,-0.10523385,1489,-422,-0.00045022,-0.04304539,-0.03724350
84,510764911,true,0,Left,0.974599,16,0.75113028,-0.51597544,-0.10963745,1442,-557,-0.00949078,-0.05614968,-0.05753687
84,510764911,true,0,Left,0.974599,17,0.95525711,0.06821261,-0.07818978,1834,73,0.03008119,0.00512148,-0.01850664
84,510764911,true,0,Left,0.974599,18,0.94244407,-0.16571365,-0.11340792,1809,-178,0.03323142,-0.01522958,-0.02336784
84,510764911,true,0,Left,0.974599,19,0.92452110,-0.31134710,-0.11517372,1775,-336,0.02642225,-0.03315130,-0.03540505
84,510764911,true,0,Left,0.974599,20,0.90607957,-0.43216805,-0.11184278,1739,-466,0.01803856,-0.04523832,-0.05150396
85,510764970,true,0,Left,0.977344,0,0.88503945,0.81908323,0.00000064,1699,884,0.02780451,0.07808695,-0.00022204
85,510764970,true,0,Left,0.977344,1,0.72690642,0.77407020,-0.07715690,1395,835,-0.00526999,0.06456368,-0.00650100
85,510764970,true,0,Left,0.977344,2,0.56324925,0.60340290,-0.12184921,1081,651,-0.03110070,0.05158057,-0.00025423
85,510764970,true,0,Left,0.977344,3,0.42942735,0.48929427,-0.16179555,824,528,-0.06066881,0.03894951,0.00339832
85,510764970,true,0,Left,0.977344,4,0.32181624,0.38367989,-0.19869064,617,414,-0.08422398,0.02623300,0.01372565
85,510764970,true,0,Left,0.977344,5,0.63229245,0.15353362,-0.04128473,1214,165,-0.02547396,0.00719600,0.00928471
85,510764970,true,0,Left,0.977344,6,0.56076245,-0.10369088,-0.09401276,1076,-111,-0.03425431,-0.01807564,0.00559091
85,510764970,true,0,Left,0.977344,7,0.51929419,-0.25846805,-0.13950440,997,-279,-0.04276028,-0.03478865,-0.00772691
85,510764970,true,0,Left,0.977344,8,0.49233765,-0.37191660,-0.17077290,945,-401,-0.05233370,-0.04042366,-0.03680393
85,510764970,true,0,Left,0.977344,9,0.73388604,0.07232826,-0.04193754,1409,78,-0.00367189,-0.00298417,0.00720341
85,510764970,true,0,Left,0.977344,10,0.68310925,-0.21737492,-0.08167187,1311,-234,-0.01395715,-0.03259776,-0.00368130
85,510764970,true,0,Left,0.977344,11,0.64822065,-0.35845465,-0.11253650,1244,-387,-0.02528591,-0.04335736,-0.02671683
85,510764970,true,0,Left,0.977344,12,0.62590060,-0.45944161,-0.13272285,1201,-496,-0.03533039,-0.05482449,-0.04899727
85,510764970,true,0,Left,0.977344,13,0.84236844,0.04248430,-0.05581640,1617,45,0.01539099,-0.00571163,-0.00571652
85,510764970,true,0,Left,0.977344,14,0.81041140,-0.23786058,-0.09630637,1555,-256,0.00767455,-0.02769433,-0.01717641
85,510764970,true,0,Left,0.977344,15,0.77752920,-0.38974486,-0.10536367,1492,-420,-0.00013182,-0.04290299,-0.03718710
85,510764970,true,0,Left,0.977344,16,0.75208977,-0.51421927,-0.10946890,1444,-555,-0.00912641,-0.05595839,-0.05733509
85,510764970,true,0,Left,0.977344,17,0.95606846,0.06890628,-0.07849551,1835,74,0.02999182,0.00533955,-0.01860012
85,510764970,true,0,Left,0.977344,18,0.94415630,-0.16439617,-0.11373666,1812,-177,0.03327913,-0.01504658,-0.02344748
85,510764970,true,0,Left,0.977344,19,0.92629943,-0.30908958,-0.11548904,1778,-333,0.02658623,-0.03291524,-0.03539143
85,510764970,true,0,Left,0.977344,20,0.90736836,-0.42881184,-0.11207954,1742,-463,0.01822002,-0.04501421,-0.05135829
86,510765044,true,0,Left,0.978106,0,0.88228813,0.81918355,0.00000064,1693,884,0.02750001,0.07830392,-0.00009433
86,510765044,true,0,Left,0.978106,1,0.72524333,0.77268053,-0.07788255,1392,834,-0.00541364,0.06479066,-0.00632601
86,510765044,true,0,Left,0.978106,2,0.56271417,0.60289722,-0.12320954,1080,651,-0.03117627,0.05169252,-0.00027257
86,510765044,true,0,Left,0.978106,3,0.43000652,0.48973902,-0.16352544,825,528,-0.06044651,0.03905642,0.00320473
86,510765044,true,0,Left,0.978106,4,0.32373409,0.38255689,-0.20061990,621,413,-0.08377489,0.02612501,0.01322975
86,510765044,true,0,Left,0.978106,5,0.63165531,0.15102501,-0.04318159,1212,163,-0.02550202,0.00713192,0.00935161
86,510765044,true,0,Left,0.978106,6,0.55950747,-0.10701959,-0.09626993,1074,-115,-0.03425120,-0.01829993,0.00555429
86,510765044,true,0,Left,0.978106,7,0.51740007,-0.26058377,-0.14163543,993,-281,-0.04280074,-0.03505898,-0.00780334
86,510765044,true,0,Left,0.978106,8,0.49002680,-0.37309135,-0.17257276,940,-402,-0.05238383,-0.04071820,-0.03701567
86,510765044,true,0,Left,0.978106,9,0.73320428,0.07031441,-0.04343499,1407,75,-0.00367978,-0.00303988,0.00721996
86,510765044,true,0,Left,0.978106,10,0.68117481,-0.21984768,-0.08338788,1307,-237,-0.01395329,-0.03291893,-0.00357983
86,510765044,true,0,Left,0.978106,11,0.64521279,-0.36068408,-0.11399862,1238,-389,-0.02536132,-0.04377741,-0.02665655
86,510765044,true,0,Left,0.978106,12,0.62195148,-0.46103732,-0.13405725,1194,-497,-0.03539683,-0.05516900,-0.04892555
86,510765044,true,0,Left,0.978106,13,0.84168009,0.04145718,-0.05689965,1616,44,0.01543479,-0.00561809,-0.00575977
86,510765044,true,0,Left,0.978106,14,0.80925680,-0.23942303,-0.09751527,1553,-258,0.00775286,-0.02792348,-0.01723122
86,510765044,true,0,Left,0.978106,15,0.77605267,-0.39107452,-0.10659921,1490,-422,0.00010762,-0.04310557,-0.03704888
86,510765044,true,0,Left,0.978106,16,0.75035116,-0.51542753,-0.11070054,1440,-556,-0.00894202,-0.05609359,-0.05707169
86,510765044,true,0,Left,0.978106,17,0.95526653,0.06909852,-0.07925675,1834,74,0.02993461,0.00549140,-0.01860799
86,510765044,true,0,Left,0.978106,18,0.94372531,-0.16391167,-0.11469912,1811,-177,0.03328672,-0.01496244,-0.02345608
86,510765044,true,0,Left,0.978106,19,0.92611598,-0.30891660,-0.11665179,1778,-333,0.02678813,-0.03294085,-0.03530798
86,510765044,true,0,Left,0.978106,20,0.90762128,-0.42935417,-0.11325024,1742,-463,0.01846675,-0.04520525,-0.05129345
87,510765104,true,0,Left,0.978116,0,0.88330946,0.82005415,0.00000062,1695,885,0.02740638,0.07826867,-0.00013010
87,510765104,true,0,Left,0.978116,1,0.72533101,0.77430521,-0.07690979,1392,836,-0.00546566,0.06490283,-0.00619323
87,510765104,true,0,Left,0.978116,2,0.56233692,0.60326730,-0.12126153,1079,651,-0.03126517,0.05168562,-0.00021473
87,510765104,true,0,Left,0.978116,3,0.43013405,0.48832364,-0.16070476,825,527,-0.06035574,0.03883216,0.00327666
87,510765104,true,0,Left,0.978116,4,0.32473951,0.37924291,-0.19675985,623,409,-0.08344953,0.02561435,0.01272275
87,510765104,true,0,Left,0.978116,5,0.63195891,0.15172381,-0.04198917,1213,163,-0.02552050,0.00709820,0.00943365
87,510765104,true,0,Left,0.978116,6,0.55906789,-0.10695274,-0.09471609,1073,-115,-0.03422981,-0.01831633,0.00560068
87,510765104,true,0,Left,0.978116,7,0.51617820,-0.25964055,-0.13979213,991,-280,-0.04287900,-0.03510073,-0.00785516
87,510765104,true,0,Left,0.978116,8,0.48805903,-0.37127948,-0.17046117,937,-400,-0.05259971,-0.04062847,-0.03681114
87,510765104,true,0,Left,0.978116,9,0.73400405,0.07086559,-0.04263163,1409,76,-0.00369478,-0.00302068,0.00723312
87,510765104,true,0,Left,0.978116,10,0.68029329,-0.21947348,-0.08231446,1306,-237,-0.01417930,-0.03298114,-0.00347581
87,510765104,true,0,Left,0.978116,11,0.64302557,-0.35980775,-0.11281248,1234,-388,-0.02568602,-0.04382883,-0.02651679
87,510765104,true,0,Left,0.978116,12,0.61891952,-0.45836611,-0.13271790,1188,-495,-0.03588896,-0.05498912,-0.04876831
87,510765104,true,0,Left,0.978116,13,0.84314031,0.04183351,-0.05637897,1618,45,0.01537539,-0.00557633,-0.00583022
87,510765104,true,0,Left,0.978116,14,0.80924580,-0.23939819,-0.09669679,1553,-258,0.00765660,-0.02795765,-0.01723978
87,510765104,true,0,Left,0.978116,15,0.77463386,-0.39100394,-0.10569799,1487,-422,-0.00009135,-0.04315972,-0.03692806
87,510765104,true,0,Left,0.978116,16,0.74791443,-0.51426328,-0.10969037,1435,-555,-0.00927714,-0.05600529,-0.05684246
87,510765104,true,0,Left,0.978116,17,0.95736758,0.06931757,-0.07894592,1838,74,0.02990873,0.00554095,-0.01865768
87,510765104,true,0,Left,0.978116,18,0.94527417,-0.16415993,-0.11416484,1814,-177,0.03335076,-0.01498370,-0.02348185
87,510765104,true,0,Left,0.978116,19,0.92675148,-0.30974678,-0.11615227,1779,-334,0.02671760,-0.03304465,-0.03525105
87,510765104,true,0,Left,0.978116,20,0.90743442,-0.43037644,-0.11271727,1742,-464,0.01831224,-0.04532274,-0.05129150
88,510765178,true,0,Left,0.977379,0,0.88363443,0.82202033,0.00000061,1696,887,0.02721910,0.07813666,-0.00022030
88,510765178,true,0,Left,0.977379,1,0.72580320,0.77562913,-0.07560079,1393,837,-0.00575808,0.06488560,-0.00616885
88,510765178,true,0,Left,0.977379,2,0.56255349,0.60198816,-0.11913762,1080,650,-0.03136977,0.05143809,0.00008659
88,510765178,true,0,Left,0.977379,3,0.43014938,0.48724197,-0.15813129,825,526,-0.06047612,0.03856912,0.00398776
88,510765178,true,0,Left,0.977379,4,0.32380470,0.37928402,-0.19406810,621,409,-0.08356245,0.02546665,0.01386480
88,510765178,true,0,Left,0.977379,5,0.63236036,0.15183505,-0.04083989,1214,163,-0.02563293,0.00708006,0.00955426
88,510765178,true,0,Left,0.977379,6,0.55923425,-0.10698509,-0.09361412,1073,-115,-0.03424200,-0.01828102,0.00578448
88,510765178,true,0,Left,0.977379,7,0.51563257,-0.25994734,-0.13892379,990,-280,-0.04288815,-0.03510863,-0.00766443
88,510765178,true,0,Left,0.977379,8,0.48685564,-0.37127674,-0.16986692,934,-400,-0.05274322,-0.04051660,-0.03670184
88,510765178,true,0,Left,0.977379,9,0.73461436,0.07164349,-0.04228874,1410,77,-0.00370964,-0.00299871,0.00722009
88,510765178,true,0,Left,0.977379,10,0.67997686,-0.21894310,-0.08245699,1305,-236,-0.01421778,-0.03285647,-0.00349430
88,510765178,true,0,Left,0.977379,11,0.64143877,-0.35899982,-0.11354003,1231,-387,-0.02582680,-0.04360735,-0.02650244
88,510765178,true,0,Left,0.977379,12,0.61560738,-0.45591931,-0.13391361,1181,-492,-0.03626236,-0.05472513,-0.04867941
88,510765178,true,0,Left,0.977379,13,0.84417350,0.04277791,-0.05670530,1620,46,0.01540691,-0.00557599,-0.00591551
88,510765178,true,0,Left,0.977379,14,0.80920120,-0.23901562,-0.09742303,1553,-258,0.00766291,-0.02784334,-0.01737403
88,510765178,true,0,Left,0.977379,15,0.77325673,-0.39038615,-0.10705787,1484,-421,-0.00026916,-0.04302835,-0.03707094
88,510765178,true,0,Left,0.977379,16,0.74463818,-0.51223418,-0.11155632,1429,-553,-0.00971914,-0.05569605,-0.05682508
88,510765178,true,0,Left,0.977379,17,0.95940286,0.07002838,-0.07984599,1842,75,0.02998858,0.00553926,-0.01880881
88,510765178,true,0,Left,0.977379,18,0.94586591,-0.16388350,-0.11539082,1816,-176,0.03341600,-0.01489490,-0.02365973
88,510765178,true,0,Left,0.977379,19,0.92577134,-0.30978368,-0.11794104,1777,-334,0.02653080,-0.03298864,-0.03542707
88,510765178,true,0,Left,0.977379,20,0.90479799,-0.43018410,-0.11504854,1737,-464,0.01791926,-0.04520661,-0.05140531
89,510765239,true,0,Left,0.976460,0,0.88419058,0.82155515,0.00000062,1697,887,0.02725638,0.07812279,-0.00031990
89,510765239,true,0,Left,0.976460,1,0.72604615,0.77542673,-0.07581353,1394,837,-0.00572629,0.06486109,-0.00632613
89,510765239,true,0,Left,0.976460,2,0.56255412,0.60233102,-0.11967734,1080,650,-0.03128746,0.05143434,-0.00002938
89,510765239,true,0,Left,0.976460,3,0.43003447,0.48716584,-0.15901890,825,526,-0.06049476,0.03865772,0.00382352
89,510765239,true,0,Left,0.976460,4,0.32344486,0.37923110,-0.19533525,621,409,-0.08361997,0.02550255,0.01372081
89,510765239,true,0,Left,0.976460,5,0.63214448,0.15127261,-0.04089505,1213,163,-0.02566525,0.00711368,0.00954883
89,510765239,true,0,Left,0.976460,6,0.55936745,-0.10777301,-0.09383967,1073,-116,-0.03421573,-0.01828801,0.00576746
89,510765239,true,0,Left,0.976460,7,0.51612005,-0.26179426,-0.13933970,990,-282,-0.04278092,-0.03517743,-0.00762625
89,510765239,true,0,Left,0.976460,8,0.48760752,-0.37400182,-0.17041231,936,-403,-0.05251486,-0.04061317,-0.03684163
89,510765239,true,0,Left,0.976460,9,0.73440474,0.07101977,-0.04234789,1410,76,-0.00372667,-0.00298845,0.00721302
89,510765239,true,0,Left,0.976460,10,0.67982474,-0.21954662,-0.08257138,1305,-237,-0.01414569,-0.03279806,-0.00349618
89,510765239,true,0,Left,0.976460,11,0.64183707,-0.36043725,-0.11377175,1232,-389,-0.02569474,-0.04364722,-0.02657192
89,510765239,true,0,Left,0.976460,12,0.61660248,-0.45872268,-0.13423709,1183,-495,-0.03595061,-0.05494764,-0.04866439
89,510765239,true,0,Left,0.976460,13,0.84397136,0.04192247,-0.05681530,1620,45,0.01543175,-0.00560171,-0.00588741
89,510765239,true,0,Left,0.976460,14,0.80890809,-0.23954780,-0.09762849,1553,-258,0.00763632,-0.02788962,-0.01739382
89,510765239,true,0,Left,0.976460,15,0.77366270,-0.39177982,-0.10727016,1485,-423,-0.00009216,-0.04305183,-0.03710639
89,510765239,true,0,Left,0.976460,16,0.74568582,-0.51502106,-0.11178387,1431,-556,-0.00945953,-0.05584763,-0.05673031
89,510765239,true,0,Left,0.976460,17,0.95935341,0.06902631,-0.08003178,1841,74,0.03000188,0.00546709,-0.01883448
89,510765239,true,0,Left,0.976460,18,0.94551756,-0.16501041,-0.11563675,1815,-178,0.03339529,-0.01491366,-0.02364917
89,510765239,true,0,Left,0.976460,19,0.92578427,-0.31126772,-0.11807669,1777,-336,0.02662156,-0.03304700,-0.03544963
89,510765239,true,0,Left,0.976460,20,0.90504417,-0.43229126,-0.11509070,1737,-466,0.01807811,-0.04531830,-0.05131273
90,510765307,true,0,Left,0.976391,0,0.88437760,0.82224668,0.00000061,1698,888,0.02733930,0.07810242,0.00000316
90,510765307,true,0,Left,0.976391,1,0.72661649,0.77666922,-0.07594257,1395,838,-0.00566095,0.06497414,-0.00613507
90,510765307,true,0,Left,0.976391,2,0.56304721,0.60311296,-0.11978271,1081,651,-0.03124545,0.05152064,0.00009827
90,510765307,true,0,Left,0.976391,3,0.43025920,0.48808254,-0.15905154,826,527,-0.06053532,0.03868993,0.00411989
90,510765307,true,0,Left,0.976391,4,0.32361857,0.38017553,-0.19534054,621,410,-0.08369287,0.02559858,0.01390399
90,510765307,true,0,Left,0.976391,5,0.63226075,0.15205744,-0.04104679,1213,164,-0.02560174,0.00710281,0.00953853
90,510765307,true,0,Left,0.976391,6,0.55989065,-0.10648032,-0.09391720,1074,-114,-0.03410798,-0.01822236,0.00570619
90,510765307,true,0,Left,0.976391,7,0.51669317,-0.25975983,-0.13944448,992,-280,-0.04274593,-0.03506377,-0.00781489
90,510765307,true,0,Left,0.976391,8,0.48794955,-0.37138791,-0.17056340,936,-401,-0.05250339,-0.04043989,-0.03704011
90,510765307,true,0,Left,0.976391,9,0.73430426,0.07164562,-0.04237660,1409,77,-0.00374595,-0.00301643,0.00719829
90,510765307,true,0,Left,0.976391,10,0.67956106,-0.21904491,-0.08244044,1304,-236,-0.01424533,-0.03281870,-0.00347666
90,510765307,true,0,Left,0.976391,11,0.64087960,-0.35954420,-0.11356844,1230,-388,-0.02582221,-0.04361743,-0.02658878
90,510765307,true,0,Left,0.976391,12,0.61484657,-0.45705401,-0.13404247,1180,-493,-0.03638207,-0.05489764,-0.04870855
90,510765307,true,0,Left,0.976391,13,0.84379392,0.04264744,-0.05672232,1620,46,0.01540056,-0.00561975,-0.00587851
90,510765307,true,0,Left,0.976391,14,0.80869850,-0.23933180,-0.09744870,1552,-258,0.00760600,-0.02788813,-0.01739555
90,510765307,true,0,Left,0.976391,15,0.77290728,-0.39116328,-0.10704332,1483,-422,-0.00025665,-0.04309993,-0.03710381
90,510765307,true,0,Left,0.976391,16,0.74437730,-0.51402858,-0.11158998,1429,-555,-0.00970335,-0.05584048,-0.05687324
90,510765307,true,0,Left,0.976391,17,0.95920064,0.06978615,-0.07980447,1841,75,0.03002536,0.00553287,-0.01877711
90,510765307,true,0,Left,0.976391,18,0.94540858,-0.16460818,-0.11540762,1815,-177,0.03343706,-0.01493942,-0.02359226
90,510765307,true,0,Left,0.976391,19,0.92557789,-0.31064414,-0.11783969,1777,-335,0.02655856,-0.03309584,-0.03549862
90,510765307,true,0,Left,0.976391,20,0.90475014,-0.43167627,-0.11487527,1737,-466,0.01807798,-0.04534493,-0.05147927
91,510765362,true,0,Left,0.975158,0,0.88581953,0.82133802,0.00000062,1700,887,0.02737763,0.07790970,-0.00018706
91,510765362,true,0,Left,0.975158,1,0.72762174,0.77617016,-0.07598352,1397,838,-0.00566647,0.06479122,-0.00628481
91,510765362,true,0,Left,0.975158,2,0.56293474,0.60313830,-0.11962512,1080,651,-0.03132234,0.05139684,-0.00002794
91,510765362,true,0,Left,0.975158,3,0.42938515,0.48968736,-0.15871259,824,528,-0.06074159,0.03877063,0.00404222
91,510765362,true,0,Left,0.975158,4,0.32318874,0.38146275,-0.19480062,620,411,-0.08390798,0.02574996,0.01371585
91,510765362,true,0,Left,0.975158,5,0.63258167,0.15160940,-0.04033897,1214,163,-0.02556524,0.00707224,0.00950966
91,510765362,true,0,Left,0.975158,6,0.56091444,-0.10689841,-0.09269099,1076,-115,-0.03401952,-0.01822575,0.00569471
91,510765362,true,0,Left,0.975158,7,0.51876098,-0.26025195,-0.13781923,996,-281,-0.04255476,-0.03503333,-0.00783405
91,510765362,true,0,Left,0.975158,8,0.49100090,-0.37169958,-0.16857068,942,-401,-0.05211090,-0.04043280,-0.03717079
91,510765362,true,0,Left,0.975158,9,0.73488668,0.07118284,-0.04145948,1410,76,-0.00372146,-0.00300049,0.00719318
91,510765362,true,0,Left,0.975158,10,0.68080341,-0.21942259,-0.08073054,1307,-236,-0.01413499,-0.03276536,-0.00350347
91,510765362,true,0,Left,0.975158,11,0.64265407,-0.35973845,-0.11127186,1233,-388,-0.02563638,-0.04348328,-0.02660495
91,510765362,true,0,Left,0.975158,12,0.61716776,-0.45713169,-0.13124209,1184,-493,-0.03608872,-0.05479011,-0.04869597
91,510765362,true,0,Left,0.975158,13,0.84469913,0.04177666,-0.05567193,1621,45,0.01539038,-0.00561224,-0.00580589
91,510765362,true,0,Left,0.975158,14,0.80973392,-0.23985131,-0.09584008,1554,-259,0.00763512,-0.02782356,-0.01738124
91,510765362,true,0,Left,0.975158,15,0.77399901,-0.39135973,-0.10497050,1486,-422,-0.00020578,-0.04295214,-0.03705812
91,510765362,true,0,Left,0.975158,16,0.74559744,-0.51412927,-0.10909923,1431,-555,-0.00965794,-0.05572504,-0.05677387
91,510765362,true,0,Left,0.975158,17,0.96037726,0.06829744,-0.07864516,1843,73,0.03003135,0.00552533,-0.01872606
91,510765362,true,0,Left,0.975158,18,0.94603409,-0.16579113,-0.11392170,1816,-179,0.03337087,-0.01492420,-0.02352725
91,510765362,true,0,Left,0.975158,19,0.92615874,-0.31153784,-0.11604769,1778,-336,0.02652555,-0.03305656,-0.03545035
91,510765362,true,0,Left,0.975158,20,0.90535555,-0.43251188,-0.11274958,1738,-467,0.01804212,-0.04529642,-0.05139020
92,510765402,true,0,Left,0.976074,0,0.88612952,0.82213784,0.00000062,1701,887,0.02737305,0.07781415,-0.00033902
92,510765402,true,0,Left,0.976074,1,0.72786714,0.77653376,-0.07547173,1397,838,-0.00573076,0.06473485,-0.00638715
92,510765402,true,0,Left,0.976074,2,0.56289297,0.60230495,-0.11850078,1080,650,-0.03140809,0.05127240,-0.00007183
92,510765402,true,0,Left,0.976074,3,0.42902068,0.48912833,-0.15702609,823,528,-0.06094200,0.03864618,0.00409193
92,510765402,true,0,Left,0.976074,4,0.32249817,0.38316825,-0.19268295,619,413,-0.08412463,0.02583130,0.01387781
92,510765402,true,0,Left,0.976074,5,0.63269849,0.15178990,-0.03956557,1214,163,-0.02557783,0.00704330,0.00951482
92,510765402,true,0,Left,0.976074,6,0.56134287,-0.10650004,-0.09131735,1077,-115,-0.03398436,-0.01824240,0.00574763
92,510765402,true,0,Left,0.976074,7,0.51941930,-0.26013814,-0.13617952,997,-280,-0.04251550,-0.03501251,-0.00778758
92,510765402,true,0,Left,0.976074,8,0.49158631,-0.37189660,-0.16688035,943,-401,-0.05206435,-0.04050151,-0.03707871
92,510765402,true,0,Left,0.976074,9,0.73500479,0.07149431,-0.04083273,1411,77,-0.00371117,-0.00301684,0.00719519
92,510765402,true,0,Left,0.976074,10,0.68126243,-0.21896510,-0.07952729,1308,-236,-0.01411025,-0.03270710,-0.00351605
92,510765402,true,0,Left,0.976074,11,0.64328726,-0.35936415,-0.10991760,1235,-388,-0.02553800,-0.04342334,-0.02655993
92,510765402,true,0,Left,0.976074,12,0.61776594,-0.45694979,-0.12992029,1186,-493,-0.03605981,-0.05474808,-0.04863723
92,510765402,true,0,Left,0.976074,13,0.84499134,0.04222620,-0.05512485,1622,45,0.01541389,-0.00558373,-0.00580936
92,510765402,true,0,Left,0.976074,14,0.81028979,-0.23919866,-0.09484057,1555,-258,0.00768248,-0.02776790,-0.01739996
92,510765402,true,0,Left,0.976074,15,0.77456416,-0.39063826,-0.10399267,1487,-421,-0.00020253,-0.04288049,-0.03708075
92,510765402,true,0,Left,0.976074,16,0.74599597,-0.51342660,-0.10827838,1432,-554,-0.00965224,-0.05563247,-0.05676792
92,510765402,true,0,Left,0.976074,17,0.96088044,0.06885791,-0.07812679,1844,74,0.03006923,0.00555046,-0.01872645
92,510765402,true,0,Left,0.976074,18,0.94649786,-0.16505469,-0.11304223,1817,-178,0.03340264,-0.01486910,-0.02349447
92,510765402,true,0,Left,0.976074,19,0.92661891,-0.31075235,-0.11508898,1779,-335,0.02651427,-0.03298474,-0.03547379
92,510765402,true,0,Left,0.976074,20,0.90570970,-0.43189087,-0.11186471,1738,-466,0.01802222,-0.04523014,-0.05138003
93,510765481,true,0,Left,0.975641,0,0.88453833,0.82432323,0.00000061,1698,890,0.02730258,0.07808593,-0.00111458
93,510765481,true,0,Left,0.975641,1,0.72647807,0.77692690,-0.07451040,1394,839,-0.00578414,0.06490903,-0.00688580
93,510765481,true,0,Left,0.975641,2,0.56208042,0.60175584,-0.11743333,1079,649,-0.03127183,0.05137582,-0.00021182
93,510765481,true,0,Left,0.975641,3,0.42869695,0.48824289,-0.15617370,823,527,-0.06085011,0.03862177,0.00452115
93,510765481,true,0,Left,0.975641,4,0.32154111,0.38359803,-0.19215296,617,414,-0.08396176,0.02583184,0.01499225
93,510765481,true,0,Left,0.975641,5,0.63176689,0.15186955,-0.03879761,1212,164,-0.02556940,0.00713697,0.00973688
93,510765481,true,0,Left,0.975641,6,0.56002622,-0.10621045,-0.09097502,1075,-114,-0.03396454,-0.01826927,0.00598871
93,510765481,true,0,Left,0.975641,7,0.51675043,-0.25895302,-0.13619839,992,-279,-0.04274479,-0.03502256,-0.00750586
93,510765481,true,0,Left,0.975641,8,0.48700028,-0.36945700,-0.16712117,935,-399,-0.05252394,-0.04024936,-0.03681672
93,510765481,true,0,Left,0.975641,9,0.73347934,0.07177748,-0.04073495,1408,77,-0.00372347,-0.00299533,0.00722885
93,510765481,true,0,Left,0.975641,10,0.67887822,-0.21804570,-0.08009077,1303,-235,-0.01427366,-0.03270714,-0.00343210
93,510765481,true,0,Left,0.975641,11,0.64011135,-0.35808442,-0.11084396,1229,-386,-0.02576946,-0.04337930,-0.02654288
93,510765481,true,0,Left,0.975641,12,0.61350724,-0.45535836,-0.13099324,1177,-491,-0.03633493,-0.05464876,-0.04833541
93,510765481,true,0,Left,0.975641,13,0.84294748,0.04238217,-0.05561516,1618,45,0.01536235,-0.00559414,-0.00594019
93,510765481,true,0,Left,0.975641,14,0.80742128,-0.23894615,-0.09589146,1550,-258,0.00747821,-0.02782408,-0.01754009
93,510765481,true,0,Left,0.975641,15,0.77108696,-0.39076741,-0.10534251,1480,-422,-0.00036393,-0.04288204,-0.03706132
93,510765481,true,0,Left,0.975641,16,0.74151971,-0.51356298,-0.10972107,1423,-554,-0.00991429,-0.05552461,-0.05655666
93,510765481,true,0,Left,0.975641,17,0.95871214,0.06863463,-0.07908092,1840,74,0.02995695,0.00545978,-0.01907356
93,510765481,true,0,Left,0.975641,18,0.94346842,-0.16583166,-0.11439731,1811,-179,0.03321044,-0.01490516,-0.02376984
93,510765481,true,0,Left,0.975641,19,0.92250238,-0.31183103,-0.11668683,1771,-336,0.02618512,-0.03312583,-0.03564636
93,510765481,true,0,Left,0.975641,20,0.90003995,-0.43285181,-0.11357036,1728,-467,0.01757754,-0.04534033,-0.05131616
94,510765529,true,0,Left,0.978525,0,0.88211041,0.82696460,0.00000059,1693,893,0.02706523,0.07824318,-0.00103149
94,510765529,true,0,Left,0.978525,1,0.72425828,0.77721592,-0.07398620,1390,839,-0.00599437,0.06505064,-0.00682542
94,510765529,true,0,Left,0.978525,2,0.56061892,0.60156559,-0.11644802,1076,649,-0.03144510,0.05147711,-0.00043078
94,510765529,true,0,Left,0.978525,3,0.42800354,0.48825590,-0.15477152,821,527,-0.06084056,0.03862157,0.00408230
94,510765529,true,0,Left,0.978525,4,0.32140919,0.38276040,-0.19048291,617,413,-0.08385841,0.02577322,0.01417739
94,510765529,true,0,Left,0.978525,5,0.63132736,0.15225876,-0.03849561,1212,164,-0.02562982,0.00720465,0.00969551
94,510765529,true,0,Left,0.978525,6,0.55862497,-0.10380822,-0.09047153,1072,-112,-0.03407049,-0.01816203,0.00581673
94,510765529,true,0,Left,0.978525,7,0.51442699,-0.25538705,-0.13597574,987,-275,-0.04294377,-0.03484608,-0.00781382
94,510765529,true,0,Left,0.978525,8,0.48326701,-0.36600064,-0.16728608,927,-395,-0.05291791,-0.04009552,-0.03713538
94,510765529,true,0,Left,0.978525,9,0.73310217,0.07174471,-0.04078796,1407,77,-0.00371077,-0.00293820,0.00725206
94,510765529,true,0,Left,0.978525,10,0.67710927,-0.21713915,-0.08004564,1300,-234,-0.01449816,-0.03282620,-0.00351151
94,510765529,true,0,Left,0.978525,11,0.63694175,-0.35686374,-0.11130644,1222,-385,-0.02619422,-0.04337706,-0.02670126
94,510765529,true,0,Left,0.978525,12,0.60857573,-0.45275733,-0.13197390,1168,-488,-0.03696066,-0.05443676,-0.04866299
94,510765529,true,0,Left,0.978525,13,0.84264128,0.04266510,-0.05589728,1617,46,0.01539270,-0.00563553,-0.00593976
94,510765529,true,0,Left,0.978525,14,0.80639958,-0.23880579,-0.09623727,1548,-257,0.00743908,-0.02787772,-0.01754340
94,510765529,true,0,Left,0.978525,15,0.76915132,-0.39064044,-0.10641588,1476,-421,-0.00065502,-0.04299145,-0.03723140
94,510765529,true,0,Left,0.978525,16,0.73823993,-0.51263521,-0.11157997,1417,-553,-0.01036700,-0.05555041,-0.05682517
94,510765529,true,0,Left,0.978525,17,0.95840565,0.06967832,-0.07954020,1840,75,0.03002022,0.00541235,-0.01901396
94,510765529,true,0,Left,0.978525,18,0.94310385,-0.16546106,-0.11506260,1810,-178,0.03326268,-0.01498519,-0.02373720
94,510765529,true,0,Left,0.978525,19,0.92197397,-0.31181138,-0.11783380,1770,-336,0.02603351,-0.03332099,-0.03569025
94,510765529,true,0,Left,0.978525,20,0.89915754,-0.43309377,-0.11523453,1726,-467,0.01735587,-0.04550443,-0.05158814
95,510765607,true,0,Left,0.974685,0,0.88425301,0.82648030,0.00000056,1697,892,0.02735063,0.07823040,-0.00193952
95,510765607,true,0,Left,0.974685,1,0.72499166,0.77884288,-0.07375104,1391,841,-0.00590880,0.06521243,-0.00734704
95,510765607,true,0,Left,0.974685,2,0.55998634,0.60376794,-0.11568360,1075,652,-0.03130236,0.05160840,-0.00102424
95,510765607,true,0,Left,0.974685,3,0.42704048,0.48996018,-0.15359752,819,529,-0.06076838,0.03877006,0.00365530
95,510765607,true,0,Left,0.974685,4,0.32094634,0.38248196,-0.18864915,616,413,-0.08364901,0.02587255,0.01331365
95,510765607,true,0,Left,0.974685,5,0.63083992,0.15337828,-0.03649773,1211,165,-0.02549424,0.00746340,0.00983256
95,510765607,true,0,Left,0.974685,6,0.55731375,-0.10073729,-0.08784704,1070,-108,-0.03407316,-0.01786825,0.00599068
95,510765607,true,0,Left,0.974685,7,0.51145975,-0.24954303,-0.13321604,982,-269,-0.04311084,-0.03454023,-0.00791701
95,510765607,true,0,Left,0.974685,8,0.47838161,-0.35767861,-0.16450473,918,-386,-0.05337244,-0.03960758,-0.03721105
95,510765607,true,0,Left,0.974685,9,0.73252588,0.07179024,-0.03886176,1406,77,-0.00375015,-0.00283507,0.00738788
95,510765607,true,0,Left,0.974685,10,0.67432729,-0.21540668,-0.07736801,1294,-232,-0.01472112,-0.03285100,-0.00344953
95,510765607,true,0,Left,0.974685,11,0.63223997,-0.35299052,-0.10845752,1213,-381,-0.02669504,-0.04325463,-0.02677279
95,510765607,true,0,Left,0.974685,12,0.60223329,-0.44716366,-0.12908081,1156,-482,-0.03766052,-0.05428938,-0.04887972
95,510765607,true,0,Left,0.974685,13,0.84220883,0.04144470,-0.05418166,1617,44,0.01532327,-0.00579354,-0.00600656
95,510765607,true,0,Left,0.974685,14,0.80369510,-0.23864053,-0.09402829,1543,-257,0.00725424,-0.02805025,-0.01772039
95,510765607,true,0,Left,0.974685,15,0.76468923,-0.38826315,-0.10390209,1468,-419,-0.00106921,-0.04301601,-0.03731583
95,510765607,true,0,Left,0.974685,16,0.73222720,-0.50804175,-0.10873319,1405,-548,-0.01104901,-0.05535833,-0.05692539
95,510765607,true,0,Left,0.974685,17,0.95819525,0.06689429,-0.07808200,1839,72,0.02994677,0.00509713,-0.01924286
95,510765607,true,0,Left,0.974685,18,0.94129239,-0.16817709,-0.11330371,1807,-181,0.03319999,-0.01531858,-0.02401976
95,510765607,true,0,Left,0.974685,19,0.91890652,-0.31366495,-0.11584576,1764,-338,0.02581738,-0.03368120,-0.03597395
95,510765607,true,0,Left,0.974685,20,0.89484377,-0.43442960,-0.11294630,1718,-469,0.01679668,-0.04589173,-0.05174525
96,510765677,true,0,Left,0.973669,0,0.88344971,0.82715845,0.00000058,1696,893,0.02720052,0.07822735,-0.00155890
96,510765677,true,0,Left,0.973669,1,0.72407469,0.77841117,-0.07432640,1390,840,-0.00598536,0.06502832,-0.00716019
96,510765677,true,0,Left,0.973669,2,0.55935735,0.60430155,-0.11685032,1073,652,-0.03161634,0.05156553,-0.00086433
96,510765677,true,0,Left,0.973669,3,0.42651931,0.49018369,-0.15522735,818,529,-0.06104376,0.03877478,0.00357921
96,510765677,true,0,Left,0.973669,4,0.32032681,0.38376415,-0.19085286,615,414,-0.08409132,0.02611575,0.01327422
96,510765677,true,0,Left,0.973669,5,0.63140703,0.15350812,-0.03805827,1212,165,-0.02547649,0.00744516,0.00971987
96,510765677,true,0,Left,0.973669,6,0.55834862,-0.10143160,-0.09002849,1072,-109,-0.03412107,-0.01798791,0.00584286
96,510765677,true,0,Left,0.973669,7,0.51333481,-0.25271157,-0.13600934,985,-272,-0.04310274,-0.03462876,-0.00801675
96,510765677,true,0,Left,0.973669,8,0.48117921,-0.36294085,-0.16792321,923,-391,-0.05319300,-0.03997212,-0.03734666
96,510765677,true,0,Left,0.973669,9,0.73314515,0.07193887,-0.04017412,1407,77,-0.00368842,-0.00283862,0.00730560
96,510765677,true,0,Left,0.973669,10,0.67650165,-0.21582670,-0.07918066,1298,-233,-0.01465970,-0.03276734,-0.00360696
96,510765677,true,0,Left,0.973669,11,0.63576498,-0.35544924,-0.11089360,1220,-383,-0.02647553,-0.04327668,-0.02687746
96,510765677,true,0,Left,0.973669,12,0.60704985,-0.45171833,-0.13231083,1165,-487,-0.03728166,-0.05439706,-0.04895385
96,510765677,true,0,Left,0.973669,13,0.84261097,0.04225967,-0.05520711,1617,45,0.01536830,-0.00576281,-0.00594756
96,510765677,true,0,Left,0.973669,14,0.80554533,-0.23810958,-0.09529595,1546,-257,0.00731256,-0.02791887,-0.01755260
96,510765677,true,0,Left,0.973669,15,0.76758922,-0.38947729,-0.10564376,1473,-420,-0.00099022,-0.04299061,-0.03724231
96,510765677,true,0,Left,0.973669,16,0.73627008,-0.51086707,-0.11099461,1413,-551,-0.01083099,-0.05554441,-0.05702409
96,510765677,true,0,Left,0.973669,17,0.95822970,0.06890896,-0.07886345,1839,74,0.02997424,0.00515963,-0.01903920
96,510765677,true,0,Left,0.973669,18,0.94257724,-0.16662782,-0.11425578,1809,-179,0.03316661,-0.01521426,-0.02382759
96,510765677,true,0,Left,0.973669,19,0.92098296,-0.31295189,-0.11693106,1768,-337,0.02584298,-0.03359017,-0.03582657
96,510765677,true,0,Left,0.973669,20,0.89779924,-0.43436649,-0.11425226,1723,-469,0.01697973,-0.04581058,-0.05170663
97,510765748,true,0,Left,0.979051,0,0.88212799,0.82745061,0.00000055,1693,893,0.02689210,0.07823831,-0.00214697
97,510765748,true,0,Left,0.979051,1,0.72255229,0.77792626,-0.07366044,1387,840,-0.00630361,0.06504313,-0.00751319
97,510765748,true,0,Left,0.979051,2,0.55816708,0.60346330,-0.11618187,1071,651,-0.03168589,0.05148931,-0.00105296
97,510765748,true,0,Left,0.979051,3,0.42556585,0.48906682,-0.15483174,817,528,-0.06109281,0.03865242,0.00362906
97,510765748,true,0,Left,0.979051,4,0.31902834,0.38163714,-0.19075212,612,412,-0.08399951,0.02574101,0.01348029
97,510765748,true,0,Left,0.979051,5,0.63121514,0.15372691,-0.03697191,1211,166,-0.02541184,0.00743781,0.00988213
97,510765748,true,0,Left,0.979051,6,0.55771734,-0.09951540,-0.08905044,1070,-107,-0.03405686,-0.01787142,0.00602140
97,510765748,true,0,Left,0.979051,7,0.51107680,-0.24823190,-0.13524438,981,-268,-0.04331998,-0.03448205,-0.00794187
97,510765748,true,0,Left,0.979051,8,0.47698420,-0.35541575,-0.16728122,915,-383,-0.05367445,-0.03941811,-0.03732836
97,510765748,true,0,Left,0.979051,9,0.73257409,0.07302456,-0.03961391,1406,78,-0.00372077,-0.00284073,0.00743136
97,510765748,true,0,Left,0.979051,10,0.67381478,-0.21283637,-0.07885268,1293,-229,-0.01489172,-0.03267005,-0.00363359
97,510765748,true,0,Left,0.979051,11,0.63100531,-0.34971010,-0.11069229,1211,-377,-0.02716238,-0.04299613,-0.02705156
97,510765748,true,0,Left,0.979051,12,0.59987780,-0.44309478,-0.13214994,1151,-478,-0.03809307,-0.05390964,-0.04903780
97,510765748,true,0,Left,0.979051,13,0.84192473,0.04328733,-0.05518845,1616,46,0.01536347,-0.00579249,-0.00605361
97,510765748,true,0,Left,0.979051,14,0.80290842,-0.23628240,-0.09559569,1541,-255,0.00709009,-0.02789042,-0.01777063
97,510765748,true,0,Left,0.979051,15,0.76299270,-0.38604801,-0.10625613,1464,-416,-0.00143141,-0.04279996,-0.03738750
97,510765748,true,0,Left,0.979051,16,0.72886302,-0.50547864,-0.11180731,1399,-545,-0.01175260,-0.05513738,-0.05711570
97,510765748,true,0,Left,0.979051,17,0.95786170,0.06929642,-0.07932951,1839,74,0.02987727,0.00514545,-0.01937798
97,510765748,true,0,Left,0.979051,18,0.94129798,-0.16630416,-0.11499455,1807,-179,0.03313366,-0.01526282,-0.02414230
97,510765748,true,0,Left,0.979051,19,0.91851893,-0.31248504,-0.11813674,1763,-337,0.02562804,-0.03373539,-0.03620070
97,510765748,true,0,Left,0.979051,20,0.89328018,-0.43377410,-0.11589540,1715,-468,0.01641030,-0.04593375,-0.05201739
98,510765809,true,0,Left,0.974531,0,0.88289062,0.82844184,0.00000056,1695,894,0.02693618,0.07849304,-0.00340575
98,510765809,true,0,Left,0.974531,1,0.72247550,0.77931124,-0.07302380,1387,841,-0.00623974,0.06521066,-0.00810964
98,510765809,true,0,Left,0.974531,2,0.55763201,0.60325445,-0.11481292,1070,651,-0.03174584,0.05147867,-0.00141876
98,510765809,true,0,Left,0.974531,3,0.42520545,0.48727738,-0.15282843,816,526,-0.06118971,0.03851735,0.00349281
98,510765809,true,0,Left,0.974531,4,0.31853967,0.38149145,-0.18806667,611,412,-0.08419687,0.02580104,0.01358493
98,510765809,true,0,Left,0.974531,5,0.63120717,0.15403803,-0.03544324,1211,166,-0.02539131,0.00744571,0.00999166
98,510765809,true,0,Left,0.974531,6,0.55756122,-0.10024355,-0.08629687,1070,-108,-0.03406470,-0.01798151,0.00625792
98,510765809,true,0,Left,0.974531,7,0.51179272,-0.25078385,-0.13154574,982,-270,-0.04318348,-0.03470487,-0.00757698
98,510765809,true,0,Left,0.974531,8,0.47893403,-0.36054799,-0.16293488,919,-389,-0.05338502,-0.03996520,-0.03696777
98,510765809,true,0,Left,0.974531,9,0.73211805,0.07350054,-0.03804329,1405,79,-0.00368231,-0.00276353,0.00746327
98,510765809,true,0,Left,0.974531,10,0.67350188,-0.21293211,-0.07587872,1293,-229,-0.01482754,-0.03281774,-0.00353993
98,510765809,true,0,Left,0.974531,11,0.63170977,-0.35111228,-0.10688160,1212,-379,-0.02698668,-0.04323187,-0.02673671
98,510765809,true,0,Left,0.974531,12,0.60182221,-0.44640375,-0.12778864,1155,-482,-0.03782127,-0.05421607,-0.04881288
98,510765809,true,0,Left,0.974531,13,0.84110624,0.04337917,-0.05353903,1614,46,0.01534349,-0.00580853,-0.00612351
98,510765809,true,0,Left,0.974531,14,0.80240848,-0.23612198,-0.09259477,1540,-255,0.00714461,-0.02804990,-0.01774321
98,510765809,true,0,Left,0.974531,15,0.76315801,-0.38692471,-0.10280011,1465,-417,-0.00140727,-0.04304067,-0.03728244
98,510765809,true,0,Left,0.974531,16,0.73018974,-0.50763232,-0.10813639,1401,-548,-0.01158716,-0.05547437,-0.05688776
98,510765809,true,0,Left,0.974531,17,0.95637654,0.06874540,-0.07762257,1836,74,0.02981395,0.00505657,-0.01960147
98,510765809,true,0,Left,0.974531,18,0.93971885,-0.16674180,-0.11229467,1804,-180,0.03300034,-0.01540491,-0.02436094
98,510765809,true,0,Left,0.974531,19,0.91709856,-0.31315063,-0.11514079,1760,-338,0.02556196,-0.03391754,-0.03627781
98,510765809,true,0,Left,0.974531,20,0.89246831,-0.43477490,-0.11273324,1713,-469,0.01632485,-0.04614554,-0.05202924
99,510765881,true,0,Left,0.973529,0,0.88449143,0.82756817,0.00000057,1698,893,0.02719597,0.07831644,-0.00274493
99,510765881,true,0,Left,0.973529,1,0.72341539,0.77985799,-0.07336335,1388,842,-0.00608520,0.06510403,-0.00768663
99,510765881,true,0,Left,0.973529,2,0.55816526,0.60487612,-0.11520865,1071,653,-0.03171898,0.05146350,-0.00114521
99,510765881,true,0,Left,0.973529,3,0.42564819,0.48914216,-0.15321316,817,528,-0.06118126,0.03862724,0.00330815
99,510765881,true,0,Left,0.973529,4,0.31930712,0.38359572,-0.18852391,613,414,-0.08428861,0.02610919,0.01311857
99,510765881,true,0,Left,0.973529,5,0.63159925,0.15443535,-0.03599862,1212,166,-0.02536752,0.00747346,0.00989294
99,510765881,true,0,Left,0.973529,6,0.55863152,-0.10084685,-0.08704354,1072,-108,-0.03407586,-0.01797872,0.00614730
99,510765881,true,0,Left,0.973529,7,0.51378719,-0.25364745,-0.13251911,986,-273,-0.04297118,-0.03472609,-0.00756244
99,510765881,true,0,Left,0.973529,8,0.48183845,-0.36605586,-0.16406350,925,-395,-0.05306432,-0.04026225,-0.03690290
99,510765881,true,0,Left,0.973529,9,0.73278293,0.07348118,-0.03835377,1406,79,-0.00362530,-0.00272609,0.00737564
99,510765881,true,0,Left,0.973529,10,0.67533164,-0.21379314,-0.07639355,1296,-230,-0.01476084,-0.03276160,-0.00369812
99,510765881,true,0,Left,0.973529,11,0.63444726,-0.35337449,-0.10769620,1218,-381,-0.02677831,-0.04319816,-0.02677808
99,510765881,true,0,Left,0.973529,12,0.60564403,-0.45044928,-0.12880623,1162,-486,-0.03745462,-0.05424957,-0.04878894
99,510765881,true,0,Left,0.973529,13,0.84188440,0.04312932,-0.05359896,1616,46,0.01534763,-0.00582532,-0.00606034
99,510765881,true,0,Left,0.973529,14,0.80391116,-0.23699547,-0.09275887,1543,-255,0.00718964,-0.02801689,-0.01774526
99,510765881,true,0,Left,0.973529,15,0.76503991,-0.38887549,-0.10312517,1468,-419,-0.00131693,-0.04303278,-0.03735799
99,510765881,true,0,Left,0.973529,16,0.73266198,-0.51088570,-0.10852556,1406,-551,-0.01141950,-0.05559958,-0.05688006
99,510765881,true,0,Left,0.973529,17,0.95721333,0.06811637,-0.07743718,1837,73,0.02986613,0.00499433,-0.01935166
99,510765881,true,0,Left,0.973529,18,0.94071115,-0.16776955,-0.11221142,1806,-181,0.03293808,-0.01543252,-0.02419787
99,510765881,true,0,Left,0.973529,19,0.91827990,-0.31458828,-0.11500878,1763,-339,0.02550308,-0.03392555,-0.03611777
99,510765881,true,0,Left,0.973529,20,0.89400879,-0.43671309,-0.11251345,1716,-471,0.01630391,-0.04612087,-0.05182840
100,510765942,true,0,Left,0.975400,0,0.88429869,0.82631696,0.00000059,1697,892,0.02705712,0.07830858,-0.00275056
100,510765942,true,0,Left,0.975400,1,0.72363382,0.77909370,-0.07404791,1389,841,-0.00622606,0.06498538,-0.00784595
100,510765942,true,0,Left,0.975400,2,0.55853939,0.60520810,-0.11635601,1072,653,-0.03194656,0.05144478,-0.00105207
100,510765942,true,0,Left,0.975400,3,0.42596664,0.48884015,-0.15468656,817,527,-0.06145189,0.03867727,0.00346015
100,510765942,true,0,Left,0.975400,4,0.31966028,0.38299822,-0.19042770,613,413,-0.08461885,0.02623002,0.01380294
100,510765942,true,0,Left,0.975400,5,0.63261107,0.15435562,-0.03759410,1214,166,-0.02540253,0.00747285,0.00979235
100,510765942,true,0,Left,0.975400,6,0.56038123,-0.10299943,-0.08956995,1075,-111,-0.03408041,-0.01819835,0.00616257
100,510765942,true,0,Left,0.975400,7,0.51702348,-0.25988953,-0.13574298,992,-280,-0.04281599,-0.03508185,-0.00748028
100,510765942,true,0,Left,0.975400,8,0.48708047,-0.37695600,-0.16769134,935,-407,-0.05257719,-0.04097247,-0.03695500
100,510765942,true,0,Left,0.975400,9,0.73369894,0.07379706,-0.03958493,1408,79,-0.00362375,-0.00270968,0.00736406
100,510765942,true,0,Left,0.975400,10,0.67805130,-0.21461971,-0.07855861,1301,-231,-0.01460105,-0.03277143,-0.00379321
100,510765942,true,0,Left,0.975400,11,0.63882882,-0.35800280,-0.11042456,1226,-386,-0.02640383,-0.04340762,-0.02685070
100,510765942,true,0,Left,0.975400,12,0.61199991,-0.45949738,-0.13188236,1175,-496,-0.03686441,-0.05477261,-0.04898927
100,510765942,true,0,Left,0.975400,13,0.84253918,0.04379955,-0.05450846,1617,47,0.01546093,-0.00583453,-0.00600973
100,510765942,true,0,Left,0.975400,14,0.80583468,-0.23698309,-0.09425487,1547,-255,0.00736719,-0.02805276,-0.01761688
100,510765942,true,0,Left,0.975400,15,0.76845906,-0.39148436,-0.10492348,1475,-422,-0.00107599,-0.04324676,-0.03728529
100,510765942,true,0,Left,0.975400,16,0.73782990,-0.51723953,-0.11045079,1416,-558,-0.01100299,-0.05606243,-0.05683632
100,510765942,true,0,Left,0.975400,17,0.95760416,0.06913751,-0.07809140,1838,74,0.02996128,0.00499242,-0.01927817
100,510765942,true,0,Left,0.975400,18,0.94216974,-0.16740591,-0.11335712,1808,-180,0.03303287,-0.01543433,-0.02408329
100,510765942,true,0,Left,0.975400,19,0.92043555,-0.31535709,-0.11640117,1767,-340,0.02573376,-0.03398692,-0.03605955
100,510765942,true,0,Left,0.975400,20,0.89673091,-0.43878971,-0.11403179,1721,-473,0.01666814,-0.04630956,-0.05174893
101,510766010,true,0,Left,0.974556,0,0.88662690,0.82472290,0.00000060,1702,890,0.02727666,0.07819019,-0.00257938
101,510766010,true,0,Left,0.974556,1,0.72554641,0.77827405,-0.07426364,1393,840,-0.00608602,0.06491353,-0.00774048
101,510766010,true,0,Left,0.974556,2,0.55963304,0.60470944,-0.11666305,1074,653,-0.03178229,0.05137352,-0.00091327
101,510766010,true,0,Left,0.974556,3,0.42649871,0.48857715,-0.15501873,818,527,-0.06142228,0.03857611,0.00357247
101,510766010,true,0,Left,0.974556,4,0.32020281,0.38196101,-0.19064910,614,412,-0.08464984,0.02604210,0.01400898
101,510766010,true,0,Left,0.974556,5,0.63337916,0.15392850,-0.03741034,1216,166,-0.02536478,0.00736729,0.00974345
101,510766010,true,0,Left,0.974556,6,0.56075181,-0.10454602,-0.08914484,1076,-112,-0.03406117,-0.01832133,0.00622389
101,510766010,true,0,Left,0.974556,7,0.51793776,-0.26171599,-0.13490037,994,-282,-0.04267881,-0.03525033,-0.00739139
101,510766010,true,0,Left,0.974556,8,0.48933466,-0.37771293,-0.16648196,939,-407,-0.05225456,-0.04117576,-0.03700565
101,510766010,true,0,Left,0.974556,9,0.73423765,0.07377763,-0.03921227,1409,79,-0.00365905,-0.00273033,0.00735359
101,510766010,true,0,Left,0.974556,10,0.67838701,-0.21513662,-0.07811786,1302,-232,-0.01455021,-0.03270315,-0.00380499
101,510766010,true,0,Left,0.974556,11,0.63949200,-0.35797096,-0.10970420,1227,-386,-0.02617306,-0.04344286,-0.02684137
101,510766010,true,0,Left,0.974556,12,0.61344261,-0.45845460,-0.13080895,1177,-495,-0.03658205,-0.05484062,-0.04912983
101,510766010,true,0,Left,0.974556,13,0.84287579,0.04366711,-0.05397141,1618,47,0.01545469,-0.00579454,-0.00597051
101,510766010,true,0,Left,0.974556,14,0.80579927,-0.23710528,-0.09364721,1547,-256,0.00736286,-0.02802278,-0.01765952
101,510766010,true,0,Left,0.974556,15,0.76870969,-0.39076747,-0.10415314,1475,-422,-0.00103977,-0.04325286,-0.03735464
101,510766010,true,0,Left,0.974556,16,0.73875533,-0.51548402,-0.10945617,1418,-556,-0.01080544,-0.05598286,-0.05687209
101,510766010,true,0,Left,0.974556,17,0.95780357,0.06886011,-0.07739569,1838,74,0.02992494,0.00504942,-0.01925902
101,510766010,true,0,Left,0.974556,18,0.94185811,-0.16704999,-0.11246613,1808,-180,0.03299411,-0.01536769,-0.02404981
101,510766010,true,0,Left,0.974556,19,0.92022879,-0.31445486,-0.11545663,1766,-339,0.02575483,-0.03382654,-0.03600939
101,510766010,true,0,Left,0.974556,20,0.89679530,-0.43751503,-0.11301170,1721,-472,0.01683762,-0.04623633,-0.05170884
102,510766077,true,0,Left,0.975649,0,0.88823662,0.82474320,0.00000062,1705,890,0.02737691,0.07827250,-0.00256774
102,510766077,true,0,Left,0.975649,1,0.72697178,0.77807210,-0.07509895,1395,840,-0.00607259,0.06482574,-0.00771335
102,510766077,true,0,Left,0.975649,2,0.56075535,0.60554329,-0.11803512,1076,653,-0.03191396,0.05148289,-0.00067180
102,510766077,true,0,Left,0.975649,3,0.42690678,0.48925153,-0.15682031,819,528,-0.06166591,0.03865735,0.00382211
102,510766077,true,0,Left,0.975649,4,0.32054483,0.38335894,-0.19283139,615,414,-0.08495125,0.02628159,0.01474067
102,510766077,true,0,Left,0.975649,5,0.63441143,0.15394203,-0.03803474,1218,166,-0.02539453,0.00736518,0.00972910
102,510766077,true,0,Left,0.975649,6,0.56241051,-0.10545238,-0.09005233,1079,-113,-0.03414112,-0.01849267,0.00634117
102,510766077,true,0,Left,0.975649,7,0.52079284,-0.26437270,-0.13595359,999,-285,-0.04260087,-0.03543921,-0.00702660
102,510766077,true,0,Left,0.975649,8,0.49354130,-0.38181178,-0.16751933,947,-412,-0.05193533,-0.04159074,-0.03663275
102,510766077,true,0,Left,0.975649,9,0.73538381,0.07382785,-0.03936378,1411,79,-0.00361802,-0.00274395,0.00735064
102,510766077,true,0,Left,0.975649,10,0.68204758,-0.21625743,-0.07831310,1309,-233,-0.01434930,-0.03268055,-0.00383507
102,510766077,true,0,Left,0.975649,11,0.64495688,-0.36158883,-0.10980825,1238,-390,-0.02571738,-0.04357615,-0.02670718
102,510766077,true,0,Left,0.975649,12,0.62089445,-0.46412716,-0.13079874,1192,-501,-0.03588824,-0.05508314,-0.04901175
102,510766077,true,0,Left,0.975649,13,0.84395127,0.04387446,-0.05377745,1620,47,0.01556678,-0.00580965,-0.00597785
102,510766077,true,0,Left,0.975649,14,0.80903218,-0.23768083,-0.09340810,1553,-256,0.00757852,-0.02807299,-0.01747189
102,510766077,true,0,Left,0.975649,15,0.77332640,-0.39304529,-0.10387437,1484,-424,-0.00079870,-0.04335179,-0.03725984
102,510766077,true,0,Left,0.975649,16,0.74522120,-0.51863362,-0.10908166,1430,-560,-0.01023664,-0.05619332,-0.05689341
102,510766077,true,0,Left,0.975649,17,0.95848642,0.06938702,-0.07690942,1840,74,0.02998669,0.00507280,-0.01928040
102,510766077,true,0,Left,0.975649,18,0.94393168,-0.16697089,-0.11195786,1812,-180,0.03299368,-0.01540311,-0.02398664
102,510766077,true,0,Left,0.975649,19,0.92300133,-0.31548766,-0.11499838,1772,-340,0.02593799,-0.03386734,-0.03599645
102,510766077,true,0,Left,0.975649,20,0.90057384,-0.43897846,-0.11254098,1729,-474,0.01716648,-0.04629682,-0.05172108
103,510766144,true,0,Left,0.974120,0,0.89104345,0.82456574,0.00000061,1710,890,0.02747426,0.07806785,-0.00275018
103,510766144,true,0,Left,0.974120,1,0.72862805,0.77839419,-0.07395137,1398,840,-0.00616440,0.06482980,-0.00773039
103,510766144,true,0,Left,0.974120,2,0.56113555,0.60463578,-0.11611019,1077,653,-0.03192480,0.05135252,-0.00053136
103,510766144,true,0,Left,0.974120,3,0.42685221,0.48936641,-0.15439345,819,528,-0.06178055,0.03858560,0.00421745
103,510766144,true,0,Left,0.974120,4,0.31996799,0.38466307,-0.18996718,614,415,-0.08512324,0.02628629,0.01534262
103,510766144,true,0,Left,0.974120,5,0.63503454,0.15455468,-0.03621329,1219,166,-0.02541194,0.00739357,0.00979136
103,510766144,true,0,Left,0.974120,6,0.56291298,-0.10436484,-0.08779484,1080,-112,-0.03412258,-0.01834409,0.00646288
103,510766144,true,0,Left,0.974120,7,0.52067732,-0.26210422,-0.13338366,999,-283,-0.04259490,-0.03525554,-0.00693576
103,510766144,true,0,Left,0.974120,8,0.49247833,-0.37788136,-0.16475977,945,-408,-0.05206940,-0.04131591,-0.03658295
103,510766144,true,0,Left,0.974120,9,0.73629828,0.07461836,-0.03809108,1413,80,-0.00364240,-0.00273255,0.00737049
103,510766144,true,0,Left,0.974120,10,0.68160474,-0.21524074,-0.07694492,1308,-232,-0.01441913,-0.03250413,-0.00394357
103,510766144,true,0,Left,0.974120,11,0.64277607,-0.35922261,-0.10851734,1234,-387,-0.02595816,-0.04329275,-0.02670518
103,510766144,true,0,Left,0.974120,12,0.61679864,-0.46002542,-0.12954412,1184,-496,-0.03633682,-0.05472774,-0.04902256
103,510766144,true,0,Left,0.974120,13,0.84527778,0.04397162,-0.05303518,1622,47,0.01556357,-0.00583364,-0.00600900
103,510766144,true,0,Left,0.974120,14,0.80890901,-0.23731672,-0.09259889,1553,-256,0.00754288,-0.02802544,-0.01764148
103,510766144,true,0,Left,0.974120,15,0.77140561,-0.39246751,-0.10337058,1481,-423,-0.00109968,-0.04327452,-0.03737631
103,510766144,true,0,Left,0.974120,16,0.74140553,-0.51692533,-0.10879313,1423,-558,-0.01078922,-0.05600850,-0.05687765
103,510766144,true,0,Left,0.974120,17,0.96044281,0.06841346,-0.07659423,1844,73,0.03001770,0.00497434,-0.01939640
103,510766144,true,0,Left,0.974120,18,0.94450243,-0.16742910,-0.11153527,1813,-180,0.03301504,-0.01543678,-0.02406683
103,510766144,true,0,Left,0.974120,19,0.92219411,-0.31601368,-0.11481763,1770,-341,0.02573640,-0.03386341,-0.03605378
103,510766144,true,0,Left,0.974120,20,0.89821763,-0.43895591,-0.11261047,1724,-474,0.01678801,-0.04626556,-0.05170499
104,510766196,true,0,Left,0.972699,0,0.89005202,0.82199785,0.00000062,1708,887,0.02742613,0.07761295,-0.00218177
104,510766196,true,0,Left,0.972699,1,0.72866190,0.77647039,-0.07436916,1399,838,-0.00621255,0.06448839,-0.00709893
104,510766196,true,0,Left,0.972699,2,0.56121282,0.60429076,-0.11695452,1077,652,-0.03198551,0.05113111,0.00013658
104,510766196,true,0,Left,0.972699,3,0.42663354,0.49083703,-0.15557551,819,530,-0.06193397,0.03862238,0.00478683
104,510766196,true,0,Left,0.972699,4,0.31969473,0.38519048,-0.19148938,613,416,-0.08528131,0.02642444,0.01569999
104,510766196,true,0,Left,0.972699,5,0.63541810,0.15407447,-0.03701210,1220,166,-0.02544589,0.00726909,0.00983738
104,510766196,true,0,Left,0.972699,6,0.56391514,-0.10498967,-0.08908411,1082,-113,-0.03401573,-0.01831345,0.00655245
104,510766196,true,0,Left,0.972699,7,0.52216310,-0.26229155,-0.13503931,1002,-283,-0.04248504,-0.03513945,-0.00683686
104,510766196,true,0,Left,0.972699,8,0.49410119,-0.37753752,-0.16665391,948,-407,-0.05186797,-0.04122114,-0.03649639
104,510766196,true,0,Left,0.972699,9,0.73693042,0.07489741,-0.03872144,1414,80,-0.00361952,-0.00275252,0.00736202
104,510766196,true,0,Left,0.972699,10,0.68287725,-0.21497776,-0.07812466,1311,-232,-0.01429652,-0.03227542,-0.00407995
104,510766196,true,0,Left,0.972699,11,0.64413497,-0.35867908,-0.11009395,1236,-387,-0.02583607,-0.04305780,-0.02675141
104,510766196,true,0,Left,0.972699,12,0.61780603,-0.45860516,-0.13145629,1186,-495,-0.03626349,-0.05449148,-0.04903073
104,510766196,true,0,Left,0.972699,13,0.84593523,0.04474283,-0.05355187,1624,48,0.01555877,-0.00573498,-0.00603268
104,510766196,true,0,Left,0.972699,14,0.81016727,-0.23601523,-0.09376592,1555,-254,0.00756951,-0.02772050,-0.01772363
104,510766196,true,0,Left,0.972699,15,0.77240372,-0.39108348,-0.10499227,1483,-422,-0.00105041,-0.04296099,-0.03744392
104,510766196,true,0,Left,0.972699,16,0.74170456,-0.51455506,-0.11068167,1424,-555,-0.01084175,-0.05566449,-0.05699384
104,510766196,true,0,Left,0.972699,17,0.96124884,0.06917399,-0.07698324,1845,74,0.02999439,0.00512591,-0.01936491
104,510766196,true,0,Left,0.972699,18,0.94511075,-0.16553430,-0.11246416,1814,-178,0.03297037,-0.01522012,-0.02407415
104,510766196,true,0,Left,0.972699,19,0.92235274,-0.31392780,-0.11617603,1770,-339,0.02558669,-0.03355040,-0.03612932
104,510766196,true,0,Left,0.972699,20,0.89758930,-0.43571791,-0.11431908,1723,-470,0.01644086,-0.04580183,-0.05177122
105,510766270,true,0,Left,0.973023,0,0.89005211,0.82088975,0.00000062,1708,886,0.02756952,0.07724698,-0.00128965
105,510766270,true,0,Left,0.973023,1,0.72940338,0.77733410,-0.07577019,1400,839,-0.00601497,0.06427843,-0.00663757
105,510766270,true,0,Left,0.973023,2,0.56154967,0.60589519,-0.11938938,1078,654,-0.03178761,0.05091875,0.00031843
105,510766270,true,0,Left,0.973023,3,0.42658472,0.49070983,-0.15860704,819,529,-0.06184054,0.03835150,0.00463417
105,510766270,true,0,Left,0.973023,4,0.31862540,0.38383278,-0.19508838,611,414,-0.08532408,0.02602027,0.01516553
105,510766270,true,0,Left,0.973023,5,0.63511784,0.15548491,-0.04013912,1219,167,-0.02543923,0.00713601,0.00965158
105,510766270,true,0,Left,0.973023,6,0.56309567,-0.10433600,-0.09310396,1081,-112,-0.03405931,-0.01834314,0.00635972
105,510766270,true,0,Left,0.973023,7,0.52083358,-0.26209348,-0.13940468,1000,-283,-0.04256935,-0.03514099,-0.00713137
105,510766270,true,0,Left,0.973023,8,0.49226571,-0.37752524,-0.17118795,945,-407,-0.05206530,-0.04131742,-0.03658650
105,510766270,true,0,Left,0.973023,9,0.73687552,0.07599897,-0.04102560,1414,82,-0.00366600,-0.00279417,0.00727847
105,510766270,true,0,Left,0.973023,10,0.68231326,-0.21387837,-0.08088409,1310,-230,-0.01430687,-0.03220975,-0.00409522
105,510766270,true,0,Left,0.973023,11,0.64381096,-0.35762146,-0.11273462,1236,-386,-0.02584610,-0.04301753,-0.02676604
105,510766270,true,0,Left,0.973023,12,0.61744471,-0.45843293,-0.13405883,1185,-495,-0.03641230,-0.05464528,-0.04904464
105,510766270,true,0,Left,0.973023,13,0.84619728,0.04602122,-0.05508588,1624,49,0.01556571,-0.00566301,-0.00592602
105,510766270,true,0,Left,0.973023,14,0.81022037,-0.23415762,-0.09597602,1555,-252,0.00751607,-0.02754607,-0.01772890
105,510766270,true,0,Left,0.973023,15,0.77299819,-0.38872444,-0.10710968,1484,-419,-0.00099109,-0.04276707,-0.03737623
105,510766270,true,0,Left,0.973023,16,0.74229750,-0.51324078,-0.11276716,1425,-554,-0.01075436,-0.05559829,-0.05693747
105,510766270,true,0,Left,0.973023,17,0.96165591,0.07083662,-0.07783399,1846,76,0.03004663,0.00527285,-0.01905296
105,510766270,true,0,Left,0.973023,18,0.94548613,-0.16271664,-0.11391598,1815,-175,0.03297404,-0.01501372,-0.02378270
105,510766270,true,0,Left,0.973023,19,0.92331122,-0.30971413,-0.11764920,1772,-334,0.02562429,-0.03319992,-0.03585200
105,510766270,true,0,Left,0.973023,20,0.89879170,-0.43171122,-0.11578358,1725,-466,0.01659612,-0.04547001,-0.05138931
106,510766355,true,0,Left,0.973336,0,0.88791951,0.82320795,0.00000061,1704,889,0.02734100,0.07749778,-0.00153819
106,510766355,true,0,Left,0.973336,1,0.72737227,0.77715622,-0.07502121,1396,839,-0.00627086,0.06447388,-0.00655173
106,510766355,true,0,Left,0.973336,2,0.56063793,0.60457890,-0.11855346,1076,652,-0.03191195,0.05098287,0.00041151
106,510766355,true,0,Left,0.973336,3,0.42610936,0.48976245,-0.15790749,818,528,-0.06193176,0.03824832,0.00504212
106,510766355,true,0,Left,0.973336,4,0.31789816,0.38552351,-0.19460889,610,416,-0.08536219,0.02600424,0.01579200
106,510766355,true,0,Left,0.973336,5,0.63479849,0.15624844,-0.03919094,1218,168,-0.02545837,0.00718281,0.00981806
106,510766355,true,0,Left,0.973336,6,0.56254931,-0.10223452,-0.09211159,1080,-110,-0.03407739,-0.01826643,0.00647561
106,510766355,true,0,Left,0.973336,7,0.51936468,-0.25852238,-0.13861147,997,-279,-0.04276088,-0.03495961,-0.00704593
106,510766355,true,0,Left,0.973336,8,0.48931880,-0.37183277,-0.17062503,939,-401,-0.05250326,-0.04096040,-0.03654986
106,510766355,true,0,Left,0.973336,9,0.73622701,0.07687731,-0.04066831,1413,83,-0.00367516,-0.00280226,0.00734101
106,510766355,true,0,Left,0.973336,10,0.68065214,-0.21193296,-0.08074595,1306,-228,-0.01443188,-0.03225423,-0.00403518
106,510766355,true,0,Left,0.973336,11,0.64059929,-0.35449935,-0.11306832,1229,-382,-0.02624455,-0.04297433,-0.02664902
106,510766355,true,0,Left,0.973336,12,0.61189251,-0.45321718,-0.13477326,1174,-489,-0.03713325,-0.05443256,-0.04882196
106,510766355,true,0,Left,0.973336,13,0.84533355,0.04692112,-0.05520980,1623,50,0.01558856,-0.00569347,-0.00604454
106,510766355,true,0,Left,0.973336,14,0.80851779,-0.23294546,-0.09623014,1552,-251,0.00743353,-0.02758490,-0.01776135
106,510766355,true,0,Left,0.973336,15,0.76991866,-0.38786836,-0.10784913,1478,-418,-0.00138423,-0.04282422,-0.03728347
106,510766355,true,0,Left,0.973336,16,0.73720320,-0.51069890,-0.11388330,1415,-551,-0.01131630,-0.05556526,-0.05676799
106,510766355,true,0,Left,0.973336,17,0.96073812,0.07183879,-0.07833753,1844,77,0.02998602,0.00523229,-0.01933013
106,510766355,true,0,Left,0.973336,18,0.94436259,-0.16173333,-0.11450711,1813,-174,0.03288950,-0.01511822,-0.02396824
106,510766355,true,0,Left,0.973336,19,0.92114643,-0.30966000,-0.11859816,1768,-334,0.02536005,-0.03336142,-0.03594604
106,510766355,true,0,Left,0.973336,20,0.89486514,-0.43113927,-0.11704030,1718,-465,0.01615346,-0.04556505,-0.05152905
107,510766403,true,0,Left,0.973340,0,0.88837145,0.82291570,0.00000059,1705,888,0.02751469,0.07751892,-0.00191420
107,510766403,true,0,Left,0.973340,1,0.72754606,0.77837328,-0.07428730,1396,840,-0.00616154,0.06456282,-0.00691360
107,510766403,true,0,Left,0.973340,2,0.56023705,0.60547862,-0.11701419,1075,653,-0.03173646,0.05099150,0.00008796
107,510766403,true,0,Left,0.973340,3,0.42584271,0.48927723,-0.15566911,817,528,-0.06184382,0.03821407,0.00476732
107,510766403,true,0,Left,0.973340,4,0.31783348,0.38439641,-0.19162941,610,415,-0.08520553,0.02590805,0.01554078
107,510766403,true,0,Left,0.973340,5,0.63419553,0.15733081,-0.03820652,1217,169,-0.02541426,0.00727132,0.00980820
107,510766403,true,0,Left,0.973340,6,0.56141173,-0.10117901,-0.09067332,1077,-109,-0.03413366,-0.01820702,0.00650197
107,510766403,true,0,Left,0.973340,7,0.51677119,-0.25653430,-0.13678205,992,-277,-0.04295288,-0.03490637,-0.00714386
107,510766403,true,0,Left,0.973340,8,0.48493743,-0.36787185,-0.16851793,931,-397,-0.05284324,-0.04070104,-0.03661513
107,510766403,true,0,Left,0.973340,9,0.73551261,0.07720480,-0.03991255,1412,83,-0.00368236,-0.00275523,0.00734748
107,510766403,true,0,Left,0.973340,10,0.67887859,-0.21118111,-0.07956454,1303,-228,-0.01451448,-0.03229285,-0.00398769
107,510766403,true,0,Left,0.973340,11,0.63807031,-0.35209682,-0.11141009,1225,-380,-0.02642240,-0.04290563,-0.02670245
107,510766403,true,0,Left,0.973340,12,0.60861767,-0.44850785,-0.13266680,1168,-484,-0.03739588,-0.05420862,-0.04892937
107,510766403,true,0,Left,0.973340,13,0.84469531,0.04636584,-0.05462219,1621,50,0.01556710,-0.00575873,-0.00601237
107,510766403,true,0,Left,0.973340,14,0.80681755,-0.23347422,-0.09539495,1549,-252,0.00729207,-0.02770263,-0.01782035
107,510766403,true,0,Left,0.973340,15,0.76760322,-0.38709174,-0.10652397,1473,-418,-0.00145965,-0.04286350,-0.03736569
107,510766403,true,0,Left,0.973340,16,0.73401148,-0.50898143,-0.11212581,1409,-549,-0.01155500,-0.05544052,-0.05681483
107,510766403,true,0,Left,0.973340,17,0.96026491,0.07046879,-0.07786442,1843,76,0.02995107,0.00511926,-0.01935483
107,510766403,true,0,Left,0.973340,18,0.94327517,-0.16325995,-0.11397242,1811,-176,0.03289697,-0.01527415,-0.02403761
107,510766403,true,0,Left,0.973340,19,0.91969576,-0.31062823,-0.11780579,1765,-335,0.02536049,-0.03351781,-0.03602198
107,510766403,true,0,Left,0.973340,20,0.89294072,-0.43194299,-0.11597097,1714,-466,0.01604615,-0.04571786,-0.05158369
108,510766479,true,0,Left,0.974558,0,0.88669450,0.82344754,0.00000061,1702,889,0.02726580,0.07730609,-0.00179239
108,510766479,true,0,Left,0.974558,1,0.72640564,0.77794148,-0.07490812,1394,840,-0.00627904,0.06423895,-0.00692846
108,510766479,true,0,Left,0.974558,2,0.55992565,0.60617199,-0.11816806,1075,654,-0.03197512,0.05082884,0.00019858
108,510766479,true,0,Left,0.974558,3,0.42594864,0.49063483,-0.15730565,817,529,-0.06202198,0.03825554,0.00480553
108,510766479,true,0,Left,0.974558,4,0.31816461,0.38476205,-0.19386176,610,415,-0.08551618,0.02595563,0.01568415
108,510766479,true,0,Left,0.974558,5,0.63465823,0.15770730,-0.03902912,1218,170,-0.02546154,0.00721929,0.00969445
108,510766479,true,0,Left,0.974558,6,0.56290996,-0.10047227,-0.09192565,1080,-108,-0.03405094,-0.01821055,0.00638887
108,510766479,true,0,Left,0.974558,7,0.51962686,-0.25786017,-0.13856877,997,-278,-0.04269993,-0.03491919,-0.00711175
108,510766479,true,0,Left,0.974558,8,0.48900676,-0.37175870,-0.17076462,938,-401,-0.05235343,-0.04095589,-0.03651981
108,510766479,true,0,Left,0.974558,9,0.73631811,0.07801882,-0.04067836,1413,84,-0.00364299,-0.00275820,0.00731608
108,510766479,true,0,Left,0.974558,10,0.68184160,-0.21052662,-0.08055649,1309,-227,-0.01426965,-0.03217787,-0.00399078
108,510766479,true,0,Left,0.974558,11,0.64300293,-0.35352398,-0.11277725,1234,-381,-0.02594518,-0.04286354,-0.02665006
108,510766479,true,0,Left,0.974558,12,0.61531318,-0.45284509,-0.13451121,1181,-489,-0.03665679,-0.05446563,-0.04894919
108,510766479,true,0,Left,0.974558,13,0.84546380,0.04780425,-0.05537694,1623,51,0.01556854,-0.00570191,-0.00596414
108,510766479,true,0,Left,0.974558,14,0.80945447,-0.23161079,-0.09636843,1554,-250,0.00747120,-0.02750669,-0.01757208
108,510766479,true,0,Left,0.974558,15,0.77193363,-0.38682383,-0.10765745,1482,-417,-0.00112133,-0.04272861,-0.03721126
108,510766479,true,0,Left,0.974558,16,0.74010324,-0.51096612,-0.11353815,1420,-551,-0.01096585,-0.05565616,-0.05689828
108,510766479,true,0,Left,0.974558,17,0.96056774,0.07271538,-0.07866963,1844,78,0.02994019,0.00522560,-0.01920757
108,510766479,true,0,Left,0.974558,18,0.94486550,-0.16044263,-0.11491045,1814,-173,0.03288214,-0.01509050,-0.02385767
108,510766479,true,0,Left,0.974558,19,0.92258641,-0.30839308,-0.11869158,1771,-333,0.02548548,-0.03330293,-0.03586337
108,510766479,true,0,Left,0.974558,20,0.89731759,-0.43038552,-0.11696520,1722,-464,0.01638512,-0.04548046,-0.05142681
109,510766545,true,0,Left,0.972117,0,0.88640916,0.82459927,0.00000060,1701,890,0.02729114,0.07738894,-0.00209495
109,510766545,true,0,Left,0.972117,1,0.72628757,0.77904611,-0.07525776,1394,841,-0.00616460,0.06439986,-0.00729862
109,510766545,true,0,Left,0.972117,2,0.55949303,0.60739603,-0.11856585,1074,655,-0.03180845,0.05086877,-0.00029638
109,510766545,true,0,Left,0.972117,3,0.42526647,0.49085873,-0.15764272,816,530,-0.06196648,0.03819838,0.00430118
109,510766545,true,0,Left,0.972117,4,0.31742376,0.38298128,-0.19391739,609,413,-0.08550040,0.02558471,0.01499638
109,510766545,true,0,Left,0.972117,5,0.63402342,0.15891575,-0.03869945,1217,171,-0.02542731,0.00720324,0.00964396
109,510766545,true,0,Left,0.972117,6,0.56227011,-0.09804222,-0.09129998,1079,-105,-0.03401447,-0.01812936,0.00630497
109,510766545,true,0,Left,0.972117,7,0.51892557,-0.25347716,-0.13749780,996,-273,-0.04265417,-0.03485114,-0.00735679
109,510766545,true,0,Left,0.972117,8,0.48837732,-0.36564366,-0.16929767,937,-394,-0.05242151,-0.04067831,-0.03676770
109,510766545,true,0,Left,0.972117,9,0.73558184,0.07847161,-0.04004617,1412,84,-0.00367057,-0.00273891,0.00736246
109,510766545,true,0,Left,0.972117,10,0.68062483,-0.20814801,-0.07945294,1306,-224,-0.01430873,-0.03219731,-0.00391947
109,510766545,true,0,Left,0.972117,11,0.64167830,-0.34788964,-0.11082646,1232,-375,-0.02603702,-0.04278776,-0.02671296
109,510766545,true,0,Left,0.972117,12,0.61395234,-0.44491769,-0.13169386,1178,-480,-0.03676923,-0.05423907,-0.04898825
109,510766545,true,0,Left,0.972117,13,0.84463290,0.04765107,-0.05451043,1621,51,0.01551813,-0.00571366,-0.00591654
109,510766545,true,0,Left,0.972117,14,0.80814246,-0.22994661,-0.09511061,1551,-248,0.00733645,-0.02762629,-0.01758947
109,510766545,true,0,Left,0.972117,15,0.77081281,-0.38173435,-0.10517477,1479,-412,-0.00111525,-0.04267581,-0.03724802
109,510766545,true,0,Left,0.972117,16,0.73918411,-0.50344934,-0.10991539,1419,-543,-0.01103808,-0.05532429,-0.05693418
109,510766545,true,0,Left,0.972117,17,0.95953893,0.07230466,-0.07765372,1842,78,0.02983516,0.00521609,-0.01915385
109,510766545,true,0,Left,0.972117,18,0.94350832,-0.15960772,-0.11357414,1811,-172,0.03279344,-0.01513959,-0.02387238
109,510766545,true,0,Left,0.972117,19,0.92149956,-0.30560041,-0.11665242,1769,-330,0.02547167,-0.03325500,-0.03583012
109,510766545,true,0,Left,0.972117,20,0.89657579,-0.42673659,-0.11412591,1721,-460,0.01642843,-0.04547357,-0.05121149
110,510766610,true,0,Left,0.974970,0,0.88664423,0.82545078,0.00000059,1702,891,0.02740477,0.07771844,-0.00273197
110,510766610,true,0,Left,0.974970,1,0.72626866,0.77940460,-0.07438421,1394,841,-0.00616774,0.06464558,-0.00772447
110,510766610,true,0,Left,0.974970,2,0.55954557,0.60828623,-0.11694456,1074,656,-0.03180253,0.05115087,-0.00050159
110,510766610,true,0,Left,0.974970,3,0.42537468,0.49165814,-0.15550345,816,530,-0.06202164,0.03838896,0.00422193
110,510766610,true,0,Left,0.974970,4,0.31786708,0.38463135,-0.19126453,610,415,-0.08540177,0.02583336,0.01516301
110,510766610,true,0,Left,0.974970,5,0.63394795,0.16055373,-0.03699547,1217,173,-0.02539332,0.00742943,0.00975895
110,510766610,true,0,Left,0.974970,6,0.56187817,-0.09500413,-0.08895007,1078,-102,-0.03405278,-0.01812254,0.00644054
110,510766610,true,0,Left,0.974970,7,0.51825542,-0.25021814,-0.13505676,995,-270,-0.04281669,-0.03487194,-0.00725778
110,510766610,true,0,Left,0.974970,8,0.48742481,-0.36323220,-0.16695275,935,-392,-0.05250231,-0.04065775,-0.03673195
110,510766610,true,0,Left,0.974970,9,0.73485107,0.07952175,-0.03869850,1410,85,-0.00369591,-0.00270452,0.00743088
110,510766610,true,0,Left,0.974970,10,0.67902376,-0.20645955,-0.07777971,1303,-222,-0.01449300,-0.03227735,-0.00392413
110,510766610,true,0,Left,0.974970,11,0.63936819,-0.34667628,-0.10940971,1227,-374,-0.02630496,-0.04292592,-0.02663325
110,510766610,true,0,Left,0.974970,12,0.61102227,-0.44325942,-0.13052401,1173,-478,-0.03709804,-0.05420367,-0.04905378
110,510766610,true,0,Left,0.974970,13,0.84332922,0.04795820,-0.05343858,1619,51,0.01555394,-0.00578675,-0.00599000
110,510766610,true,0,Left,0.974970,14,0.80607430,-0.22975636,-0.09363548,1547,-248,0.00723657,-0.02785640,-0.01763284
110,510766610,true,0,Left,0.974970,15,0.76829259,-0.38195269,-0.10413956,1475,-412,-0.00131565,-0.04296629,-0.03727573
110,510766610,true,0,Left,0.974970,16,0.73617682,-0.50268459,-0.10923177,1413,-542,-0.01132078,-0.05548078,-0.05692325
110,510766610,true,0,Left,0.974970,17,0.95780400,0.07191813,-0.07681307,1838,77,0.02987573,0.00500388,-0.01944781
110,510766610,true,0,Left,0.974970,18,0.94146724,-0.16099036,-0.11252848,1807,-173,0.03274471,-0.01547956,-0.02405181
110,510766610,true,0,Left,0.974970,19,0.91886814,-0.30783575,-0.11595231,1764,-332,0.02535600,-0.03368163,-0.03595238
110,510766610,true,0,Left,0.974970,20,0.89332694,-0.42910379,-0.11369179,1715,-463,0.01619932,-0.04602361,-0.05134094
111,510766677,true,0,Left,0.972817,0,0.88864122,0.82437715,0.00000059,1706,890,0.02771261,0.07763609,-0.00281693
111,510766677,true,0,Left,0.972817,1,0.72719380,0.77894804,-0.07463818,1396,841,-0.00597960,0.06458507,-0.00782771
111,510766677,true,0,Left,0.972817,2,0.56024497,0.60852268,-0.11748548,1075,657,-0.03167706,0.05113733,-0.00054746
111,510766677,true,0,Left,0.972817,3,0.42558627,0.49150022,-0.15638667,817,530,-0.06199528,0.03833191,0.00415171
111,510766677,true,0,Left,0.972817,4,0.31703528,0.38443430,-0.19249747,608,415,-0.08565823,0.02585763,0.01517985
111,510766677,true,0,Left,0.972817,5,0.63414703,0.16184404,-0.03659636,1217,174,-0.02534817,0.00747779,0.00974220
111,510766677,true,0,Left,0.972817,6,0.56150989,-0.09277427,-0.08884850,1078,-100,-0.03414774,-0.01798019,0.00641066
111,510766677,true,0,Left,0.972817,7,0.51779787,-0.24805996,-0.13545329,994,-267,-0.04290276,-0.03464872,-0.00728655
111,510766677,true,0,Left,0.972817,8,0.48680127,-0.36212496,-0.16777215,934,-391,-0.05264263,-0.04055149,-0.03663748
111,510766677,true,0,Left,0.972817,9,0.73470536,0.08007632,-0.03844051,1410,86,-0.00368392,-0.00267766,0.00744294
111,510766677,true,0,Left,0.972817,10,0.67850338,-0.20503468,-0.07791134,1302,-221,-0.01457925,-0.03219368,-0.00404322
111,510766677,true,0,Left,0.972817,11,0.63877951,-0.34554219,-0.11020016,1226,-373,-0.02643889,-0.04275718,-0.02677597
111,510766677,true,0,Left,0.972817,12,0.61017946,-0.44318350,-0.13185519,1171,-478,-0.03721937,-0.05404666,-0.04926685
111,510766677,true,0,Left,0.972817,13,0.84288855,0.04789380,-0.05338622,1618,51,0.01550720,-0.00582019,-0.00596731
111,510766677,true,0,Left,0.972817,14,0.80517124,-0.22915875,-0.09387439,1545,-247,0.00716794,-0.02777388,-0.01765767
111,510766677,true,0,Left,0.972817,15,0.76716931,-0.38128108,-0.10491525,1472,-411,-0.00151788,-0.04290428,-0.03743847
111,510766677,true,0,Left,0.972817,16,0.73462447,-0.50217971,-0.11045661,1410,-542,-0.01153951,-0.05550640,-0.05724799
111,510766677,true,0,Left,0.972817,17,0.95734975,0.07120750,-0.07700503,1838,76,0.02990240,0.00490645,-0.01947063
111,510766677,true,0,Left,0.972817,18,0.94052248,-0.16200471,-0.11293186,1805,-174,0.03266543,-0.01562141,-0.02409317
111,510766677,true,0,Left,0.972817,19,0.91754092,-0.30830879,-0.11660166,1761,-332,0.02518306,-0.03381231,-0.03594532
111,510766677,true,0,Left,0.972817,20,0.89149312,-0.42886992,-0.11460299,1711,-463,0.01587404,-0.04602991,-0.05144490
112,510766747,true,0,Left,0.973123,0,0.88850360,0.82398626,0.00000058,1705,889,0.02789818,0.07744474,-0.00222317
112,510766747,true,0,Left,0.973123,1,0.72734189,0.77889028,-0.07515542,1396,841,-0.00586293,0.06448164,-0.00720602
112,510766747,true,0,Left,0.973123,2,0.56067441,0.60887252,-0.11866032,1076,657,-0.03156657,0.05106261,0.00012937
112,510766747,true,0,Left,0.973123,3,0.42611412,0.49119552,-0.15812446,818,530,-0.06193404,0.03824016,0.00453015
112,510766747,true,0,Left,0.973123,4,0.31710762,0.38415062,-0.19497909,608,414,-0.08554405,0.02589382,0.01544673
112,510766747,true,0,Left,0.973123,5,0.63456333,0.16125481,-0.03809875,1218,174,-0.02530992,0.00751950,0.00979869
112,510766747,true,0,Left,0.973123,6,0.56136608,-0.09307978,-0.09151664,1077,-100,-0.03424103,-0.01785855,0.00645728
112,510766747,true,0,Left,0.973123,7,0.51707941,-0.24843601,-0.13966297,992,-268,-0.04314542,-0.03444394,-0.00728610
112,510766747,true,0,Left,0.973123,8,0.48507920,-0.36307830,-0.17344866,931,-392,-0.05300378,-0.04047551,-0.03648903
112,510766747,true,0,Left,0.973123,9,0.73503398,0.07953270,-0.04002188,1411,85,-0.00368526,-0.00269904,0.00741424
112,510766747,true,0,Left,0.973123,10,0.67778094,-0.20516255,-0.08103467,1301,-221,-0.01482109,-0.03206062,-0.00417755
112,510766747,true,0,Left,0.973123,11,0.63748583,-0.34605366,-0.11547214,1223,-373,-0.02682632,-0.04256387,-0.02683555
112,510766747,true,0,Left,0.973123,12,0.60789726,-0.44470308,-0.13923574,1167,-480,-0.03773529,-0.05396752,-0.04920590
112,510766747,true,0,Left,0.973123,13,0.84321358,0.04757261,-0.05497679,1618,51,0.01546306,-0.00579928,-0.00604970
112,510766747,true,0,Left,0.973123,14,0.80454291,-0.22895640,-0.09668366,1544,-247,0.00701413,-0.02754213,-0.01777911
112,510766747,true,0,Left,0.973123,15,0.76614720,-0.38171360,-0.10963947,1471,-412,-0.00183985,-0.04263806,-0.03748289
112,510766747,true,0,Left,0.973123,16,0.73267357,-0.50357222,-0.11696107,1406,-543,-0.01181631,-0.05543509,-0.05727962
112,510766747,true,0,Left,0.973123,17,0.95812644,0.07099295,-0.07855561,1839,76,0.02994979,0.00490883,-0.01953268
112,510766747,true,0,Left,0.973123,18,0.94061179,-0.16278322,-0.11541038,1805,-175,0.03252070,-0.01565350,-0.02414487
112,510766747,true,0,Left,0.973123,19,0.91687521,-0.30882352,-0.12014327,1760,-333,0.02490058,-0.03374457,-0.03596987
112,510766747,true,0,Left,0.973123,20,0.88956921,-0.42919076,-0.11926214,1707,-463,0.01536583,-0.04587469,-0.05143357
113,510766810,true,0,Left,0.973081,0,0.89065073,0.82428783,0.00000059,1710,890,0.02802093,0.07728721,-0.00161620
113,510766810,true,0,Left,0.973081,1,0.72954474,0.78050123,-0.07571158,1400,842,-0.00580120,0.06432983,-0.00674797
113,510766810,true,0,Left,0.973081,2,0.56213408,0.60880764,-0.11954422,1079,657,-0.03145921,0.05091725,0.00044765
113,510766810,true,0,Left,0.973081,3,0.42713354,0.49031898,-0.15912680,820,529,-0.06174782,0.03801849,0.00458790
113,510766810,true,0,Left,0.973081,4,0.31757139,0.38338249,-0.19612336,609,414,-0.08539344,0.02563803,0.01527444
113,510766810,true,0,Left,0.973081,5,0.63503659,0.16095795,-0.03960088,1219,173,-0.02528858,0.00748327,0.00971860
113,510766810,true,0,Left,0.973081,6,0.56178671,-0.09484088,-0.09360625,1078,-102,-0.03421176,-0.01787079,0.00645191
113,510766810,true,0,Left,0.973081,7,0.51765255,-0.25117640,-0.14201252,993,-271,-0.04302342,-0.03452129,-0.00724642
113,510766810,true,0,Left,0.973081,8,0.48588853,-0.36708361,-0.17590870,932,-396,-0.05287321,-0.04062851,-0.03622012
113,510766810,true,0,Left,0.973081,9,0.73583198,0.07966218,-0.04122816,1412,86,-0.00371804,-0.00270230,0.00734396
113,510766810,true,0,Left,0.973081,10,0.67851766,-0.20626787,-0.08299686,1302,-222,-0.01478745,-0.03199025,-0.00419155
113,510766810,true,0,Left,0.973081,11,0.63835378,-0.34797098,-0.11787139,1225,-375,-0.02671645,-0.04252817,-0.02671639
113,510766810,true,0,Left,0.973081,12,0.60895388,-0.44773315,-0.14186631,1169,-483,-0.03761206,-0.05401295,-0.04900088
113,510766810,true,0,Left,0.973081,13,0.84436648,0.04826071,-0.05584920,1621,52,0.01546040,-0.00577944,-0.00602958
113,510766810,true,0,Left,0.973081,14,0.80550671,-0.22914609,-0.09812664,1546,-247,0.00707618,-0.02737622,-0.01782489
113,510766810,true,0,Left,0.973081,15,0.76692820,-0.38256038,-0.11171903,1472,-413,-0.00186909,-0.04259412,-0.03745414
113,510766810,true,0,Left,0.973081,16,0.73332721,-0.50472147,-0.11945635,1407,-545,-0.01181322,-0.05540488,-0.05707375
113,510766810,true,0,Left,0.973081,17,0.95971290,0.07183944,-0.07906979,1842,77,0.03002496,0.00492802,-0.01935961
113,510766810,true,0,Left,0.973081,18,0.94159929,-0.16244853,-0.11629944,1807,-175,0.03257083,-0.01554877,-0.02403352
113,510766810,true,0,Left,0.973081,19,0.91749083,-0.30884595,-0.12146256,1761,-333,0.02479043,-0.03362613,-0.03585318
113,510766810,true,0,Left,0.973081,20,0.88966675,-0.42930077,-0.12094544,1708,-463,0.01527392,-0.04574798,-0.05125905
114,510766878,true,0,Left,0.974544,0,0.88992497,0.82625676,0.00000057,1708,892,0.02786186,0.07744839,-0.00207350
114,510766878,true,0,Left,0.974544,1,0.72930727,0.78153490,-0.07488384,1400,844,-0.00598320,0.06447100,-0.00683376
114,510766878,true,0,Left,0.974544,2,0.56189376,0.60855784,-0.11817960,1078,657,-0.03162588,0.05100747,0.00060177
114,510766878,true,0,Left,0.974544,3,0.42684659,0.48919884,-0.15731876,819,528,-0.06198018,0.03801755,0.00533187
114,510766878,true,0,Left,0.974544,4,0.31730569,0.38252997,-0.19386094,609,413,-0.08543176,0.02565999,0.01634621
114,510766878,true,0,Left,0.974544,5,0.63552671,0.16049055,-0.03836839,1220,173,-0.02526542,0.00756258,0.00988733
114,510766878,true,0,Left,0.974544,6,0.56187335,-0.09527291,-0.09202032,1078,-102,-0.03416744,-0.01782844,0.00668561
114,510766878,true,0,Left,0.974544,7,0.51743403,-0.24998563,-0.14017797,993,-269,-0.04314200,-0.03442396,-0.00717277
114,510766878,true,0,Left,0.974544,8,0.48533271,-0.36432380,-0.17390398,931,-393,-0.05302237,-0.04026414,-0.03620825
114,510766878,true,0,Left,0.974544,9,0.73604369,0.07977217,-0.04027847,1413,86,-0.00375096,-0.00269480,0.00742390
114,510766878,true,0,Left,0.974544,10,0.67783111,-0.20682497,-0.08198032,1301,-223,-0.01491848,-0.03204864,-0.00411252
114,510766878,true,0,Left,0.974544,11,0.63632859,-0.34793497,-0.11684301,1221,-375,-0.02706087,-0.04255325,-0.02678931
114,510766878,true,0,Left,0.974544,12,0.60559842,-0.44567855,-0.14081371,1162,-481,-0.03813143,-0.05382542,-0.04898300
114,510766878,true,0,Left,0.974544,13,0.84436363,0.04853283,-0.05515859,1621,52,0.01546136,-0.00580757,-0.00614780
114,510766878,true,0,Left,0.974544,14,0.80490685,-0.23041305,-0.09744524,1545,-248,0.00704363,-0.02748505,-0.01791415
114,510766878,true,0,Left,0.974544,15,0.76487284,-0.38422038,-0.11133006,1468,-414,-0.00214987,-0.04272384,-0.03753357
114,510766878,true,0,Left,0.974544,16,0.72963302,-0.50522544,-0.11926467,1400,-545,-0.01227172,-0.05533802,-0.05720291
114,510766878,true,0,Left,0.974544,17,0.95983194,0.07194871,-0.07854954,1842,77,0.03001267,0.00487575,-0.01965429
114,510766878,true,0,Left,0.974544,18,0.94155481,-0.16404468,-0.11577185,1807,-177,0.03260887,-0.01574908,-0.02421871
114,510766878,true,0,Left,0.974544,19,0.91667985,-0.31136055,-0.12128239,1760,-336,0.02468708,-0.03389741,-0.03609816
114,510766878,true,0,Left,0.974544,20,0.88765585,-0.43186630,-0.12112083,1704,-466,0.01498918,-0.04603550,-0.05157248
115,510766947,true,0,Left,0.972978,0,0.89017325,0.82687328,0.00000056,1709,893,0.02788189,0.07752008,-0.00218581
115,510766947,true,0,Left,0.972978,1,0.72907754,0.78121614,-0.07444555,1399,843,-0.00598388,0.06456555,-0.00698509
115,510766947,true,0,Left,0.972978,2,0.56147044,0.60815905,-0.11736702,1078,656,-0.03156253,0.05109376,0.00051216
115,510766947,true,0,Left,0.972978,3,0.42662210,0.48981009,-0.15622362,819,528,-0.06191702,0.03810398,0.00525361
115,510766947,true,0,Left,0.972978,4,0.31804435,0.38082399,-0.19246143,610,411,-0.08519643,0.02549206,0.01625632
115,510766947,true,0,Left,0.972978,5,0.63531970,0.16013950,-0.03791273,1219,172,-0.02526035,0.00764628,0.00992600
115,510766947,true,0,Left,0.972978,6,0.56129205,-0.09608187,-0.09164737,1077,-103,-0.03418334,-0.01784389,0.00672269
115,510766947,true,0,Left,0.972978,7,0.51612796,-0.25070016,-0.13983302,990,-270,-0.04325632,-0.03451254,-0.00710067
115,510766947,true,0,Left,0.972978,8,0.48316463,-0.36464461,-0.17351356,927,-393,-0.05328514,-0.04021310,-0.03624878
115,510766947,true,0,Left,0.972978,9,0.73577819,0.07929072,-0.04013757,1412,85,-0.00375657,-0.00267257,0.00741222
115,510766947,true,0,Left,0.972978,10,0.67716560,-0.20767690,-0.08198168,1300,-224,-0.01501760,-0.03207849,-0.00397906
115,510766947,true,0,Left,0.972978,11,0.63506016,-0.34927401,-0.11701081,1219,-377,-0.02723974,-0.04264715,-0.02666699
115,510766947,true,0,Left,0.972978,12,0.60375465,-0.44665985,-0.14102932,1159,-482,-0.03832120,-0.05384104,-0.04881911
115,510766947,true,0,Left,0.972978,13,0.84404974,0.04811994,-0.05531398,1620,51,0.01546323,-0.00582213,-0.00616237
115,510766947,true,0,Left,0.972978,14,0.80455530,-0.23160156,-0.09774922,1544,-250,0.00696401,-0.02762061,-0.01787948
115,510766947,true,0,Left,0.972978,15,0.76431650,-0.38612206,-0.11192521,1467,-417,-0.00217477,-0.04290131,-0.03738161
115,510766947,true,0,Left,0.972978,16,0.72884557,-0.50758666,-0.12000986,1399,-548,-0.01244051,-0.05547554,-0.05677348
115,510766947,true,0,Left,0.972978,17,0.95952310,0.07181324,-0.07896865,1842,77,0.02998155,0.00479841,-0.01968196
115,510766947,true,0,Left,0.972978,18,0.94160885,-0.16474501,-0.11643563,1807,-177,0.03264835,-0.01576616,-0.02419325
115,510766947,true,0,Left,0.972978,19,0.91696174,-0.31273774,-0.12221317,1760,-337,0.02473926,-0.03396277,-0.03605748
115,510766947,true,0,Left,0.972978,20,0.88827197,-0.43415552,-0.12216016,1705,-468,0.01514768,-0.04623182,-0.05148987
116,510767009,true,0,Left,0.972568,0,0.89363573,0.82945373,0.00000056,1715,895,0.02829447,0.07765926,-0.00214305
116,510767009,true,0,Left,0.972568,1,0.73182133,0.78387850,-0.07442044,1405,846,-0.00565005,0.06482391,-0.00701238
116,510767009,true,0,Left,0.972568,2,0.56325842,0.60923752,-0.11708684,1081,657,-0.03134179,0.05129267,0.00052173
116,510767009,true,0,Left,0.972568,3,0.42760077,0.49084630,-0.15566706,820,530,-0.06173839,0.03820450,0.00538980
116,510767009,true,0,Left,0.972568,4,0.31844073,0.38135868,-0.19155864,611,411,-0.08522416,0.02553476,0.01658466
116,510767009,true,0,Left,0.972568,5,0.63547650,0.16065696,-0.03727439,1220,173,-0.02534181,0.00768499,0.00993373
116,510767009,true,0,Left,0.972568,6,0.56132196,-0.09531614,-0.09081125,1077,-102,-0.03425986,-0.01776242,0.00668227
116,510767009,true,0,Left,0.972568,7,0.51632753,-0.25017742,-0.13892771,991,-270,-0.04324264,-0.03439413,-0.00706417
116,510767009,true,0,Left,0.972568,8,0.48344595,-0.36449129,-0.17260778,928,-393,-0.05330260,-0.04018423,-0.03612968
116,510767009,true,0,Left,0.972568,9,0.73586525,0.07915149,-0.03951204,1412,85,-0.00379001,-0.00267723,0.00740126
116,510767009,true,0,Left,0.972568,10,0.67731216,-0.20736747,-0.08113497,1300,-223,-0.01509961,-0.03208242,-0.00400482
116,510767009,true,0,Left,0.972568,11,0.63534732,-0.34904858,-0.11600694,1219,-376,-0.02723524,-0.04261378,-0.02664267
116,510767009,true,0,Left,0.972568,12,0.60409044,-0.44626866,-0.13985644,1159,-481,-0.03831042,-0.05366671,-0.04891679
116,510767009,true,0,Left,0.972568,13,0.84424748,0.04744776,-0.05476328,1620,51,0.01544808,-0.00588003,-0.00617155
116,510767009,true,0,Left,0.972568,14,0.80467203,-0.23178730,-0.09704390,1544,-250,0.00694155,-0.02761407,-0.01794679
116,510767009,true,0,Left,0.972568,15,0.76438785,-0.38607269,-0.11103093,1467,-416,-0.00228449,-0.04293057,-0.03752642
116,510767009,true,0,Left,0.972568,16,0.72878085,-0.50716027,-0.11894181,1399,-547,-0.01253155,-0.05547626,-0.05679458
116,510767009,true,0,Left,0.972568,17,0.96008389,0.07056131,-0.07851335,1843,76,0.03013219,0.00469940,-0.01962262
116,510767009,true,0,Left,0.972568,18,0.94177610,-0.16568643,-0.11586774,1808,-178,0.03271078,-0.01583529,-0.02421799
116,510767009,true,0,Left,0.972568,19,0.91698846,-0.31332867,-0.12154868,1760,-338,0.02463140,-0.03404194,-0.03607483
116,510767009,true,0,Left,0.972568,20,0.88812577,-0.43428975,-0.12137747,1705,-469,0.01508824,-0.04622551,-0.05159974
117,510767080,true,0,Left,0.969610,0,0.89155252,0.82787762,0.00000057,1711,894,0.02809104,0.07766830,-0.00266392
117,510767080,true,0,Left,0.969610,1,0.73006579,0.78283431,-0.07525518,1401,845,-0.00573986,0.06471743,-0.00718934
117,510767080,true,0,Left,0.969610,2,0.56206179,0.60967137,-0.11884397,1079,658,-0.03147205,0.05128746,0.00056584
117,510767080,true,0,Left,0.969610,3,0.42660904,0.49070782,-0.15832705,819,529,-0.06186973,0.03827002,0.00576494
117,510767080,true,0,Left,0.969610,4,0.31703709,0.38098420,-0.19497262,608,411,-0.08545213,0.02572027,0.01736349
117,510767080,true,0,Left,0.969610,5,0.63568245,0.15937225,-0.03745193,1220,172,-0.02514635,0.00767002,0.01008646
117,510767080,true,0,Left,0.969610,6,0.56233671,-0.09730218,-0.09139061,1079,-105,-0.03401102,-0.01774970,0.00696772
117,510767080,true,0,Left,0.969610,7,0.51746612,-0.25218389,-0.13973494,993,-272,-0.04298672,-0.03434646,-0.00678485
117,510767080,true,0,Left,0.969610,8,0.48466622,-0.36631986,-0.17350079,930,-395,-0.05297591,-0.04019108,-0.03586462
117,510767080,true,0,Left,0.969610,9,0.73589407,0.07883927,-0.03958227,1412,85,-0.00370483,-0.00267750,0.00747142
117,510767080,true,0,Left,0.969610,10,0.67806833,-0.20914160,-0.08169339,1301,-225,-0.01494527,-0.03203010,-0.00396375
117,510767080,true,0,Left,0.969610,11,0.63632835,-0.35144145,-0.11655454,1221,-379,-0.02704846,-0.04266124,-0.02646964
117,510767080,true,0,Left,0.969610,12,0.60554763,-0.45033476,-0.14026638,1162,-486,-0.03804034,-0.05399303,-0.04843569
117,510767080,true,0,Left,0.969610,13,0.84351708,0.04752290,-0.05489273,1619,51,0.01532554,-0.00585320,-0.00629614
117,510767080,true,0,Left,0.969610,14,0.80453779,-0.23282187,-0.09754793,1544,-251,0.00693061,-0.02759748,-0.01788276
117,510767080,true,0,Left,0.969610,15,0.76489366,-0.38837897,-0.11097973,1468,-419,-0.00212342,-0.04297889,-0.03732094
117,510767080,true,0,Left,0.969610,16,0.73029077,-0.51179156,-0.11838477,1402,-552,-0.01220882,-0.05575294,-0.05673772
117,510767080,true,0,Left,0.969610,17,0.95835382,0.07094144,-0.07883086,1840,76,0.02982298,0.00473958,-0.01988779
117,510767080,true,0,Left,0.969610,18,0.94051025,-0.16622920,-0.11620371,1805,-179,0.03247147,-0.01585774,-0.02443718
117,510767080,true,0,Left,0.969610,19,0.91594098,-0.31466826,-0.12141505,1758,-339,0.02454927,-0.03407182,-0.03619810
117,510767080,true,0,Left,0.969610,20,0.88745437,-0.43631264,-0.12088798,1703,-471,0.01500301,-0.04626045,-0.05138629
118,510767145,true,0,Left,0.973244,0,0.89192035,0.82714825,0.00000058,1712,893,0.02806089,0.07758940,-0.00330039
118,510767145,true,0,Left,0.973244,1,0.72961529,0.78184182,-0.07452498,1400,844,-0.00579368,0.06455202,-0.00795016
118,510767145,true,0,Left,0.973244,2,0.56108268,0.60916062,-0.11715751,1077,657,-0.03161764,0.05112504,-0.00031695
118,510767145,true,0,Left,0.973244,3,0.42611916,0.49064607,-0.15577802,818,529,-0.06191501,0.03823885,0.00471400
118,510767145,true,0,Left,0.973244,4,0.31791682,0.38086753,-0.19155318,610,411,-0.08547353,0.02571599,0.01614175
118,510767145,true,0,Left,0.973244,5,0.63520897,0.15996778,-0.03654812,1219,172,-0.02523882,0.00767308,0.00982175
118,510767145,true,0,Left,0.973244,6,0.56173164,-0.09745544,-0.08957325,1078,-105,-0.03421702,-0.01792001,0.00669752
118,510767145,true,0,Left,0.973244,7,0.51750512,-0.25431964,-0.13689708,993,-274,-0.04293802,-0.03458065,-0.00698233
118,510767145,true,0,Left,0.973244,8,0.48595088,-0.37024161,-0.16973627,933,-399,-0.05275377,-0.04070840,-0.03622257
118,510767145,true,0,Left,0.973244,9,0.73586186,0.07901241,-0.03875062,1412,85,-0.00369086,-0.00261885,0.00744727
118,510767145,true,0,Left,0.973244,10,0.67838423,-0.20860891,-0.07967363,1302,-225,-0.01486932,-0.03212515,-0.00408805
118,510767145,true,0,Left,0.973244,11,0.63791399,-0.35191408,-0.11341414,1224,-380,-0.02678840,-0.04277829,-0.02673488
118,510767145,true,0,Left,0.973244,12,0.60915712,-0.45251794,-0.13606726,1169,-488,-0.03748729,-0.05418860,-0.04916006
118,510767145,true,0,Left,0.973244,13,0.84406369,0.04730941,-0.05407458,1620,51,0.01540498,-0.00586734,-0.00609527
118,510767145,true,0,Left,0.973244,14,0.80519171,-0.23260585,-0.09579337,1545,-251,0.00706859,-0.02773295,-0.01775649
118,510767145,true,0,Left,0.973244,15,0.76681671,-0.38825762,-0.10832193,1472,-419,-0.00190145,-0.04315598,-0.03747862
118,510767145,true,0,Left,0.973244,16,0.73430692,-0.51281590,-0.11485333,1409,-553,-0.01172631,-0.05602075,-0.05688503
118,510767145,true,0,Left,0.973244,17,0.95927962,0.07069364,-0.07799748,1841,76,0.02995629,0.00460153,-0.01960924
118,510767145,true,0,Left,0.973244,18,0.94128942,-0.16610022,-0.11481825,1807,-179,0.03261974,-0.01590929,-0.02417335
118,510767145,true,0,Left,0.973244,19,0.91757305,-0.31468817,-0.11933909,1761,-339,0.02491116,-0.03415931,-0.03595406
118,510767145,true,0,Left,0.973244,20,0.89083471,-0.43731999,-0.11803244,1710,-472,0.01550718,-0.04647953,-0.05122941
119,510767211,true,0,Left,0.970853,0,0.89317536,0.82609614,0.00000057,1714,892,0.02830114,0.07747023,-0.00325828
119,510767211,true,0,Left,0.970853,1,0.73010666,0.78170276,-0.07433961,1401,844,-0.00569153,0.06457391,-0.00782070
119,510767211,true,0,Left,0.970853,2,0.56133746,0.60927079,-0.11704764,1077,658,-0.03153102,0.05111737,-0.00021159
119,510767211,true,0,Left,0.970853,3,0.42605351,0.48991498,-0.15583878,818,529,-0.06194993,0.03812623,0.00495599
119,510767211,true,0,Left,0.970853,4,0.31720126,0.38072407,-0.19182187,609,411,-0.08553905,0.02564148,0.01633275
119,510767211,true,0,Left,0.970853,5,0.63498136,0.16115194,-0.03616965,1219,174,-0.02523950,0.00773320,0.00984948
119,510767211,true,0,Left,0.970853,6,0.56123528,-0.09555107,-0.08928777,1077,-103,-0.03423452,-0.01779032,0.00666823
119,510767211,true,0,Left,0.970853,7,0.51681507,-0.25138383,-0.13682347,992,-271,-0.04305870,-0.03439087,-0.00722608
119,510767211,true,0,Left,0.970853,8,0.48493822,-0.36590820,-0.16993065,931,-395,-0.05288786,-0.04032874,-0.03642558
119,510767211,true,0,Left,0.970853,9,0.73541707,0.07981667,-0.03852364,1412,86,-0.00374449,-0.00261317,0.00744627
119,510767211,true,0,Left,0.970853,10,0.67715937,-0.20735320,-0.07973571,1300,-223,-0.01498727,-0.03211155,-0.00407668
119,510767211,true,0,Left,0.970853,11,0.63600260,-0.34952616,-0.11378439,1221,-377,-0.02704570,-0.04265830,-0.02682135
119,510767211,true,0,Left,0.970853,12,0.60615310,-0.44839276,-0.13677500,1163,-484,-0.03788961,-0.05394879,-0.04926175
119,510767211,true,0,Left,0.970853,13,0.84359852,0.04745229,-0.05401485,1619,51,0.01537762,-0.00590418,-0.00611689
119,510767211,true,0,Left,0.970853,14,0.80392328,-0.23218681,-0.09599320,1543,-250,0.00698596,-0.02769684,-0.01782161
119,510767211,true,0,Left,0.970853,15,0.76448275,-0.38692025,-0.10893480,1467,-417,-0.00213782,-0.04301847,-0.03750763
119,510767211,true,0,Left,0.970853,16,0.73032541,-0.50979027,-0.11584557,1402,-550,-0.01213408,-0.05575787,-0.05710412
119,510767211,true,0,Left,0.970853,17,0.95920524,0.06965954,-0.07806551,1841,75,0.03007417,0.00454176,-0.01964066
119,510767211,true,0,Left,0.970853,18,0.94069177,-0.16708719,-0.11515163,1806,-180,0.03267369,-0.01608722,-0.02419359
119,510767211,true,0,Left,0.970853,19,0.91591947,-0.31474341,-0.12009521,1758,-339,0.02476433,-0.03427432,-0.03602988
119,510767211,true,0,Left,0.970853,20,0.88749454,-0.43605806,-0.11918404,1703,-470,0.01516971,-0.04643490,-0.05139601
120,510767275,true,0,Left,0.971896,0,0.89197591,0.82688188,0.00000059,1712,893,0.02817924,0.07716581,-0.00254965
120,510767275,true,0,Left,0.971896,1,0.72959674,0.78274838,-0.07550514,1400,845,-0.00574147,0.06421241,-0.00739675
120,510767275,true,0,Left,0.971896,2,0.56124459,0.61011517,-0.11902959,1077,658,-0.03165467,0.05086533,0.00017389
120,510767275,true,0,Left,0.971896,3,0.42583034,0.49118418,-0.15838304,817,530,-0.06207263,0.03800433,0.00516768
120,510767275,true,0,Left,0.971896,4,0.31673003,0.38263942,-0.19498156,608,413,-0.08573702,0.02562691,0.01629345
120,510767275,true,0,Left,0.971896,5,0.63512520,0.16222962,-0.03806151,1219,175,-0.02531154,0.00758373,0.00976820
120,510767275,true,0,Left,0.971896,6,0.56177749,-0.09491824,-0.09162031,1078,-102,-0.03422907,-0.01779775,0.00659478
120,510767275,true,0,Left,0.971896,7,0.51812949,-0.25210980,-0.13938918,994,-272,-0.04296099,-0.03437789,-0.00726157
120,510767275,true,0,Left,0.971896,8,0.48702549,-0.36775961,-0.17260845,935,-397,-0.05272422,-0.04045267,-0.03640948
120,510767275,true,0,Left,0.971896,9,0.73622470,0.08143496,-0.03996929,1413,87,-0.00372118,-0.00267050,0.00741653
120,510767275,true,0,Left,0.971896,10,0.67895133,-0.20655101,-0.08136620,1303,-223,-0.01481546,-0.03200350,-0.00410558
120,510767275,true,0,Left,0.971896,11,0.63884830,-0.34979359,-0.11544140,1226,-377,-0.02680477,-0.04260865,-0.02682040
120,510767275,true,0,Left,0.971896,12,0.60983597,-0.45009095,-0.13849935,1170,-486,-0.03759063,-0.05413227,-0.04918116
120,510767275,true,0,Left,0.971896,13,0.84490947,0.04970273,-0.05504764,1622,53,0.01537758,-0.00582901,-0.00609123
120,510767275,true,0,Left,0.971896,14,0.80594979,-0.22985816,-0.09712721,1547,-248,0.00705768,-0.02747982,-0.01764334
120,510767275,true,0,Left,0.971896,15,0.76769268,-0.38565116,-0.10980809,1473,-416,-0.00200081,-0.04282599,-0.03738449
120,510767275,true,0,Left,0.971896,16,0.73484868,-0.50971675,-0.11659181,1410,-550,-0.01171894,-0.05581578,-0.05732087
120,510767275,true,0,Left,0.971896,17,0.96061330,0.07264773,-0.07878805,1844,78,0.03004643,0.00474624,-0.01950475
120,510767275,true,0,Left,0.971896,18,0.94249688,-0.16410748,-0.11584437,1809,-177,0.03262846,-0.01587648,-0.02406256
120,510767275,true,0,Left,0.971896,19,0.91848508,-0.31218433,-0.12046911,1763,-337,0.02480074,-0.03398965,-0.03585578
120,510767275,true,0,Left,0.971896,20,0.89101333,-0.43362378,-0.11939131,1710,-468,0.01539257,-0.04610615,-0.05124141
121,510767341,true,0,Left,0.970387,0,0.88974396,0.82723306,0.00000057,1708,893,0.02789684,0.07749362,-0.00380445
121,510767341,true,0,Left,0.970387,1,0.72719386,0.78095400,-0.07390710,1396,843,-0.00597811,0.06444849,-0.00823137
121,510767341,true,0,Left,0.970387,2,0.56031402,0.60848429,-0.11659181,1075,657,-0.03165784,0.05102907,-0.00039157
121,510767341,true,0,Left,0.970387,3,0.42601105,0.49018764,-0.15561191,817,529,-0.06204067,0.03806000,0.00522232
121,510767341,true,0,Left,0.970387,4,0.31751245,0.38260767,-0.19192680,609,413,-0.08548387,0.02553693,0.01677532
121,510767341,true,0,Left,0.970387,5,0.63487488,0.16393536,-0.03540280,1218,177,-0.02523219,0.00768650,0.00998708
121,510767341,true,0,Left,0.970387,6,0.56057314,-0.09065175,-0.08836775,1076,-97,-0.03422108,-0.01766478,0.00681300
121,510767341,true,0,Left,0.970387,7,0.51557944,-0.24458448,-0.13580487,989,-264,-0.04328367,-0.03429121,-0.00707397
121,510767341,true,0,Left,0.970387,8,0.48328526,-0.35655726,-0.16878506,927,-385,-0.05324509,-0.03994675,-0.03637903
121,510767341,true,0,Left,0.970387,9,0.73522285,0.08292681,-0.03817013,1411,89,-0.00374929,-0.00265743,0.00761139
121,510767341,true,0,Left,0.970387,10,0.67586586,-0.20291605,-0.07931510,1297,-219,-0.01505367,-0.03205892,-0.00390979
121,510767341,true,0,Left,0.970387,11,0.63406118,-0.34265657,-0.11333395,1217,-370,-0.02735395,-0.04260705,-0.02677188
121,510767341,true,0,Left,0.970387,12,0.60319619,-0.43868590,-0.13625910,1158,-473,-0.03823393,-0.05390488,-0.04896025
121,510767341,true,0,Left,0.970387,13,0.84324070,0.05032281,-0.05400447,1619,54,0.01532443,-0.00591682,-0.00621646
121,510767341,true,0,Left,0.970387,14,0.80257494,-0.22816332,-0.09588112,1540,-246,0.00674731,-0.02769597,-0.01775138
121,510767341,true,0,Left,0.970387,15,0.76268447,-0.38069160,-0.10846998,1464,-411,-0.00229512,-0.04283507,-0.03734975
121,510767341,true,0,Left,0.970387,16,0.72808612,-0.50006332,-0.11504430,1397,-540,-0.01239318,-0.05534190,-0.05733510
121,510767341,true,0,Left,0.970387,17,0.95842272,0.07212823,-0.07835254,1840,77,0.02983053,0.00465296,-0.01997240
121,510767341,true,0,Left,0.970387,18,0.93944956,-0.16465860,-0.11507843,1803,-177,0.03244954,-0.01610251,-0.02446223
121,510767341,true,0,Left,0.970387,19,0.91446511,-0.31164003,-0.11957002,1755,-336,0.02457431,-0.03427184,-0.03621722
121,510767341,true,0,Left,0.970387,20,0.88583147,-0.43123154,-0.11834765,1700,-465,0.01495032,-0.04631289,-0.05146650
122,510767407,true,0,Left,0.977667,0,0.87570233,0.83241110,0.00000055,1681,899,0.02742084,0.07882283,-0.00425738
122,510767407,true,0,Left,0.977667,1,0.72177671,0.78002471,-0.07377131,1385,842,-0.00609113,0.06503240,-0.00842621
122,510767407,true,0,Left,0.977667,2,0.56034456,0.60776136,-0.11678490,1075,656,-0.03150807,0.05175734,-0.00079443
122,510767407,true,0,Left,0.977667,3,0.42745679,0.49017576,-0.15604564,820,529,-0.06156023,0.03832335,0.00492898
122,510767407,true,0,Left,0.977667,4,0.32040734,0.38173632,-0.19263914,615,412,-0.08498981,0.02576613,0.01703567
122,510767407,true,0,Left,0.977667,5,0.63373215,0.16414202,-0.03593074,1216,177,-0.02531030,0.00792800,0.01013370
122,510767407,true,0,Left,0.977667,6,0.55911389,-0.08263276,-0.08901787,1073,-89,-0.03425321,-0.01773730,0.00676350
122,510767407,true,0,Left,0.977667,7,0.51422472,-0.23065697,-0.13669589,987,-249,-0.04355371,-0.03436282,-0.00701601
122,510767407,true,0,Left,0.977667,8,0.48246453,-0.34303138,-0.17011153,926,-370,-0.05319887,-0.03997731,-0.03656651
122,510767407,true,0,Left,0.977667,9,0.73110564,0.08504059,-0.03893242,1403,91,-0.00383966,-0.00259860,0.00762923
122,510767407,true,0,Left,0.977667,10,0.67011012,-0.19346549,-0.08067273,1286,-208,-0.01539312,-0.03216019,-0.00404188
122,510767407,true,0,Left,0.977667,11,0.62853838,-0.33163230,-0.11514085,1206,-358,-0.02752057,-0.04289046,-0.02698392
122,510767407,true,0,Left,0.977667,12,0.59770837,-0.42775642,-0.13861740,1147,-461,-0.03854925,-0.05410918,-0.04933404
122,510767407,true,0,Left,0.977667,13,0.83556224,0.05668339,-0.05508898,1604,61,0.01536296,-0.00594616,-0.00633264
122,510767407,true,0,Left,0.977667,14,0.79486059,-0.21598836,-0.09801371,1526,-233,0.00689151,-0.02780099,-0.01784602
122,510767407,true,0,Left,0.977667,15,0.75772614,-0.36690734,-0.11164783,1454,-396,-0.00214907,-0.04316530,-0.03732012
122,510767407,true,0,Left,0.977667,16,0.72447018,-0.48928087,-0.11914427,1390,-528,-0.01212971,-0.05592359,-0.05740364
122,510767407,true,0,Left,0.977667,17,0.94719876,0.08418585,-0.07973292,1818,90,0.03001991,0.00468405,-0.02013575
122,510767407,true,0,Left,0.977667,18,0.93254371,-0.14651941,-0.11734526,1790,-158,0.03265716,-0.01603417,-0.02472703
122,510767407,true,0,Left,0.977667,19,0.91164230,-0.28997212,-0.12285604,1750,-313,0.02513061,-0.03412132,-0.03661062
122,510767407,true,0,Left,0.977667,20,0.88551487,-0.41101966,-0.12274359,1700,-443,0.01618407,-0.04642399,-0.05182564
123,510767478,true,0,Left,0.981193,0,0.84830420,0.84468668,0.00000047,1628,912,0.02582167,0.08089043,-0.00640544
123,510767478,true,0,Left,0.981193,1,0.70753473,0.77682746,-0.07254066,1358,838,-0.00698611,0.06666003,-0.00890270
123,510767478,true,0,Left,0.981193,2,0.55904799,0.60783923,-0.11687390,1073,656,-0.03161854,0.05299711,-0.00175283
123,510767478,true,0,Left,0.981193,3,0.43037715,0.49283253,-0.15792296,826,532,-0.06069889,0.03888951,0.00521261
123,510767478,true,0,Left,0.981193,4,0.32743434,0.38155003,-0.19713196,628,412,-0.08375312,0.02545495,0.01791741
123,510767478,true,0,Left,0.981193,5,0.63231533,0.16673732,-0.03601943,1214,180,-0.02523207,0.00827953,0.01084574
123,510767478,true,0,Left,0.981193,6,0.55607129,-0.05938674,-0.09271063,1067,-64,-0.03453761,-0.01735957,0.00678830
123,510767478,true,0,Left,0.981193,7,0.50341631,-0.18329110,-0.14577949,966,-197,-0.04457353,-0.03307469,-0.00728951
123,510767478,true,0,Left,0.981193,8,0.46059052,-0.28015288,-0.18388269,884,-302,-0.05583757,-0.03729789,-0.03690826
123,510767478,true,0,Left,0.981193,9,0.72520517,0.08802279,-0.04087864,1392,95,-0.00392889,-0.00251524,0.00777530
123,510767478,true,0,Left,0.981193,10,0.65806952,-0.17872159,-0.08728301,1263,-193,-0.01627505,-0.03267080,-0.00356699
123,510767478,true,0,Left,0.981193,11,0.60775402,-0.30892093,-0.12713191,1166,-333,-0.02960408,-0.04305989,-0.02674058
123,510767478,true,0,Left,0.981193,12,0.56643187,-0.40263423,-0.15543205,1087,-434,-0.04184398,-0.05383541,-0.04939022
123,510767478,true,0,Left,0.981193,13,0.82536259,0.06292991,-0.05940933,1584,67,0.01538902,-0.00616981,-0.00692429
123,510767478,true,0,Left,0.981193,14,0.78116290,-0.20448017,-0.10680519,1499,-220,0.00649564,-0.02841742,-0.01782950
123,510767478,true,0,Left,0.981193,15,0.74234865,-0.35058608,-0.12417471,1425,-378,-0.00328631,-0.04350410,-0.03709931
123,510767478,true,0,Left,0.981193,16,0.70611347,-0.47118969,-0.13436185,1355,-508,-0.01355736,-0.05631631,-0.05616055
123,510767478,true,0,Left,0.981193,17,0.93341454,0.09582964,-0.08670722,1792,103,0.03008098,0.00431542,-0.02120655
123,510767478,true,0,Left,0.981193,18,0.91940550,-0.13756533,-0.12613852,1765,-148,0.03233526,-0.01684134,-0.02501191
123,510767478,true,0,Left,0.981193,19,0.90017153,-0.28121545,-0.13305924,1728,-303,0.02500346,-0.03503444,-0.03644105
123,510767478,true,0,Left,0.981193,20,0.87495661,-0.40380233,-0.13451651,1679,-436,0.01580577,-0.04748006,-0.05122781
124,510767549,true,0,Left,0.974323,0,0.84588844,0.85061175,0.00000042,1624,918,0.02592397,0.08354686,-0.00929339
124,510767549,true,0,Left,0.974323,1,0.70313757,0.77488931,-0.07039657,1350,836,-0.00692682,0.06897348,-0.01058193
124,510767549,true,0,Left,0.974323,2,0.55844012,0.60932810,-0.11392398,1072,658,-0.03163249,0.05495293,-0.00391580
124,510767549,true,0,Left,0.974323,3,0.43332848,0.49453933,-0.15475566,831,534,-0.06041110,0.03959877,0.00424548
124,510767549,true,0,Left,0.974323,4,0.33468456,0.38244304,-0.19382450,642,413,-0.08373643,0.02509756,0.01744386
124,510767549,true,0,Left,0.974323,5,0.63113933,0.18219993,-0.03335184,1211,196,-0.02551227,0.00865123,0.01092214
124,510767549,true,0,Left,0.974323,6,0.55380266,-0.03226054,-0.08975497,1063,-34,-0.03528321,-0.01737336,0.00635727
124,510767549,true,0,Left,0.974323,7,0.50149523,-0.15688985,-0.14281181,962,-169,-0.04519720,-0.03282295,-0.00764383
124,510767549,true,0,Left,0.974323,8,0.45930112,-0.26319220,-0.18072995,881,-284,-0.05717601,-0.03760208,-0.03713549
124,510767549,true,0,Left,0.974323,9,0.71959883,0.10031545,-0.03942232,1381,108,-0.00421106,-0.00254922,0.00787961
124,510767549,true,0,Left,0.974323,10,0.65147803,-0.15962360,-0.08488070,1250,-172,-0.01673573,-0.03376317,-0.00306147
124,510767549,true,0,Left,0.974323,11,0.60235049,-0.29792625,-0.12468691,1156,-321,-0.03037075,-0.04499182,-0.02631176
124,510767549,true,0,Left,0.974323,12,0.56197789,-0.40367876,-0.15332898,1078,-435,-0.04270150,-0.05644119,-0.04909552
124,510767549,true,0,Left,0.974323,13,0.81582311,0.07646093,-0.05826643,1566,82,0.01575617,-0.00658017,-0.00705331
124,510767549,true,0,Left,0.974323,14,0.77121389,-0.18318445,-0.10390640,1480,-197,0.00660746,-0.02985753,-0.01727969
124,510767549,true,0,Left,0.974323,15,0.73676597,-0.33066460,-0.12162900,1414,-357,-0.00329647,-0.04518711,-0.03633510
124,510767549,true,0,Left,0.974323,16,0.70448455,-0.45782764,-0.13276109,1352,-494,-0.01314756,-0.05896980,-0.05479736
124,510767549,true,0,Left,0.974323,17,0.91845505,0.11072627,-0.08582872,1763,119,0.03073829,0.00362113,-0.02135735
124,510767549,true,0,Left,0.974323,18,0.90569577,-0.11195456,-0.12300209,1738,-120,0.03264135,-0.01782138,-0.02468364
124,510767549,true,0,Left,0.974323,19,0.89024763,-0.25294035,-0.12945030,1709,-273,0.02562183,-0.03630712,-0.03580049
124,510767549,true,0,Left,0.974323,20,0.86964152,-0.37943234,-0.13102070,1669,-409,0.01718167,-0.04941848,-0.05017717
125,510767609,true,0,Left,0.974831,0,0.84431860,0.83999876,0.00000040,1621,907,0.02569338,0.08390831,-0.01003243
125,510767609,true,0,Left,0.974831,1,0.70334783,0.75154312,-0.06982289,1350,811,-0.00722728,0.06919874,-0.01137719
125,510767609,true,0,Left,0.974831,2,0.56016360,0.59997323,-0.11415082,1075,647,-0.03177967,0.05514776,-0.00439843
125,510767609,true,0,Left,0.974831,3,0.44007702,0.48841877,-0.15575109,844,527,-0.06053681,0.03981873,0.00401021
125,510767609,true,0,Left,0.974831,4,0.34439748,0.37614834,-0.19585619,661,406,-0.08392382,0.02510062,0.01835652
125,510767609,true,0,Left,0.974831,5,0.63331804,0.18062465,-0.03347518,1215,195,-0.02538915,0.00892524,0.01082618
125,510767609,true,0,Left,0.974831,6,0.55607803,-0.03041894,-0.09094699,1067,-32,-0.03541229,-0.01712255,0.00595442
125,510767609,true,0,Left,0.974831,7,0.50417538,-0.15357781,-0.14579322,968,-165,-0.04574433,-0.03230425,-0.00818522
125,510767609,true,0,Left,0.974831,8,0.46245547,-0.25746186,-0.18539971,887,-278,-0.05773339,-0.03688876,-0.03763240
125,510767609,true,0,Left,0.974831,9,0.72016124,0.10025895,-0.03994854,1382,108,-0.00416762,-0.00239289,0.00783955
125,510767609,true,0,Left,0.974831,10,0.65355564,-0.15687990,-0.08708154,1254,-169,-0.01700484,-0.03390114,-0.00306977
125,510767609,true,0,Left,0.974831,11,0.60566934,-0.29104033,-0.12920665,1162,-314,-0.03064959,-0.04498660,-0.02654102
125,510767609,true,0,Left,0.974831,12,0.56643334,-0.39492511,-0.15992756,1087,-426,-0.04344790,-0.05629481,-0.04956798
125,510767609,true,0,Left,0.974831,13,0.81392199,0.07700273,-0.05932490,1562,83,0.01578803,-0.00677314,-0.00689542
125,510767609,true,0,Left,0.974831,14,0.77174963,-0.18109053,-0.10585842,1481,-195,0.00654852,-0.03003418,-0.01698038
125,510767609,true,0,Left,0.974831,15,0.73836786,-0.32747352,-0.12512010,1417,-353,-0.00329801,-0.04565803,-0.03586837
125,510767609,true,0,Left,0.974831,16,0.70702467,-0.45321557,-0.13782272,1357,-489,-0.01362279,-0.05959212,-0.05415989
125,510767609,true,0,Left,0.974831,17,0.91393361,0.11121310,-0.08730842,1754,120,0.03089046,0.00317027,-0.02122832
125,510767609,true,0,Left,0.974831,18,0.90358104,-0.10721453,-0.12412634,1734,-115,0.03258625,-0.01801761,-0.02440576
125,510767609,true,0,Left,0.974831,19,0.89035283,-0.24616913,-0.13076679,1709,-265,0.02574997,-0.03664617,-0.03547725
125,510767609,true,0,Left,0.974831,20,0.87147120,-0.37127735,-0.13314941,1673,-400,0.01743093,-0.04997398,-0.05032748
126,510767679,true,0,Left,0.981042,0,0.84050430,0.83083407,0.00000037,1613,897,0.02516482,0.08499359,-0.00940880
126,510767679,true,0,Left,0.981042,1,0.70198383,0.74565512,-0.06781250,1347,805,-0.00754576,0.06994274,-0.01098852
126,510767679,true,0,Left,0.981042,2,0.56300837,0.59454138,-0.11142059,1080,642,-0.03198975,0.05617965,-0.00388170
126,510767679,true,0,Left,0.981042,3,0.44782624,0.48486186,-0.15265849,859,523,-0.06049248,0.04017766,0.00538788
126,510767679,true,0,Left,0.981042,4,0.35487412,0.37485442,-0.19232398,681,404,-0.08376059,0.02505255,0.02104518
126,510767679,true,0,Left,0.981042,5,0.63479440,0.18037093,-0.03285588,1218,194,-0.02555294,0.00892536,0.01094179
126,510767679,true,0,Left,0.981042,6,0.55897591,-0.02679698,-0.09056878,1073,-28,-0.03546288,-0.01725817,0.00563750
126,510767679,true,0,Left,0.981042,7,0.50724186,-0.14363922,-0.14544196,973,-155,-0.04602582,-0.03207409,-0.00862091
126,510767679,true,0,Left,0.981042,8,0.46543579,-0.23996538,-0.18476835,893,-259,-0.05829585,-0.03603967,-0.03801515
126,510767679,true,0,Left,0.981042,9,0.71944941,0.10137405,-0.03993929,1381,109,-0.00426824,-0.00243172,0.00780159
126,510767679,true,0,Left,0.981042,10,0.65485505,-0.15183947,-0.08700436,1257,-163,-0.01713756,-0.03443507,-0.00292565
126,510767679,true,0,Left,0.981042,11,0.60755278,-0.28146741,-0.12894550,1166,-303,-0.03078883,-0.04547626,-0.02660679
126,510767679,true,0,Left,0.981042,12,0.56852630,-0.37809009,-0.15914627,1091,-408,-0.04400827,-0.05635753,-0.04987061
126,510767679,true,0,Left,0.981042,13,0.81160443,0.08039165,-0.05964347,1558,86,0.01581304,-0.00680477,-0.00702880
126,510767679,true,0,Left,0.981042,14,0.77274508,-0.17344240,-0.10570119,1483,-187,0.00685135,-0.03035135,-0.01694038
126,510767679,true,0,Left,0.981042,15,0.74051272,-0.31476606,-0.12481405,1421,-339,-0.00291239,-0.04596251,-0.03576533
126,510767679,true,0,Left,0.981042,16,0.70986165,-0.43362756,-0.13721588,1362,-468,-0.01306068,-0.05965283,-0.05410945
126,510767679,true,0,Left,0.981042,17,0.91000637,0.11689657,-0.08771979,1747,126,0.03110225,0.00330796,-0.02131208
126,510767679,true,0,Left,0.981042,18,0.90206821,-0.09706897,-0.12380426,1731,-104,0.03296710,-0.01802113,-0.02432213
126,510767679,true,0,Left,0.981042,19,0.88974476,-0.23055399,-0.13023786,1708,-248,0.02641163,-0.03655425,-0.03536652
126,510767679,true,0,Left,0.981042,20,0.87174659,-0.34830301,-0.13246626,1673,-376,0.01839016,-0.04963102,-0.05036231
127,510767746,true,0,Left,0.985901,0,0.83994455,0.84583855,0.00000037,1612,913,0.02582447,0.08635309,-0.00828264
127,510767746,true,0,Left,0.985901,1,0.70186858,0.75631630,-0.06572635,1347,816,-0.00712240,0.07104981,-0.01045877
127,510767746,true,0,Left,0.985901,2,0.56677814,0.61544323,-0.10866701,1088,664,-0.03177281,0.05756683,-0.00462385
127,510767746,true,0,Left,0.985901,3,0.45477687,0.51026163,-0.14936980,873,551,-0.06006878,0.04131788,0.00343518
127,510767746,true,0,Left,0.985901,4,0.36185451,0.40939759,-0.18905759,694,442,-0.08352526,0.02545992,0.01727830
127,510767746,true,0,Left,0.985901,5,0.63479493,0.21937222,-0.03386172,1218,236,-0.02604493,0.00897019,0.01084492
127,510767746,true,0,Left,0.985901,6,0.56083919,0.02556467,-0.09030227,1076,27,-0.03579058,-0.01718300,0.00469121
127,510767746,true,0,Left,0.985901,7,0.51084590,-0.09327235,-0.14433513,980,-100,-0.04636253,-0.03207745,-0.00904132
127,510767746,true,0,Left,0.985901,8,0.47042385,-0.20165344,-0.18344357,903,-217,-0.05859418,-0.03687068,-0.03865560
127,510767746,true,0,Left,0.985901,9,0.71708755,0.14549106,-0.04186012,1376,157,-0.00451015,-0.00252951,0.00778612
127,510767746,true,0,Left,0.985901,10,0.65567561,-0.09987360,-0.08784739,1258,-107,-0.01690968,-0.03465337,-0.00296890
127,510767746,true,0,Left,0.985901,11,0.61067672,-0.23785613,-0.12950802,1172,-256,-0.03010967,-0.04705842,-0.02657730
127,510767746,true,0,Left,0.985901,12,0.57492506,-0.34719644,-0.16010902,1103,-374,-0.04321282,-0.05903261,-0.04991884
127,510767746,true,0,Left,0.985901,13,0.80581423,0.13304233,-0.06196208,1547,143,0.01619325,-0.00681489,-0.00691319
127,510767746,true,0,Left,0.985901,14,0.77179846,-0.10853274,-0.10653631,1481,-117,0.00752026,-0.03106130,-0.01641387
127,510767746,true,0,Left,0.985901,15,0.74268383,-0.24891159,-0.12707161,1425,-268,-0.00170113,-0.04697005,-0.03491139
127,510767746,true,0,Left,0.985901,16,0.71716006,-0.37078858,-0.14162332,1376,-400,-0.01140374,-0.06132271,-0.05427043
127,510767746,true,0,Left,0.985901,17,0.89839024,0.17736695,-0.09009700,1724,191,0.03159789,0.00355169,-0.02089308
127,510767746,true,0,Left,0.985901,18,0.89392355,-0.01946068,-0.12500797,1716,-21,0.03337640,-0.01802530,-0.02341907
127,510767746,true,0,Left,0.985901,19,0.88558966,-0.14444058,-0.13244690,1700,-155,0.02756753,-0.03620998,-0.03458107
127,510767746,true,0,Left,0.985901,20,0.87205904,-0.25718363,-0.13652125,1674,-277,0.02060342,-0.04953248,-0.05004429
128,510767811,true,0,Left,0.983412,0,0.83757265,0.86403527,0.00000040,1608,933,0.02717965,0.08639483,-0.00578279
128,510767811,true,0,Left,0.983412,1,0.70107082,0.77949011,-0.06419859,1346,841,-0.00636968,0.07102684,-0.00940744
128,510767811,true,0,Left,0.983412,2,0.56998961,0.64840077,-0.10707219,1094,700,-0.03127365,0.05801920,-0.00508671
128,510767811,true,0,Left,0.983412,3,0.45986952,0.55310730,-0.14750666,882,597,-0.05994507,0.04131475,0.00130419
128,510767811,true,0,Left,0.983412,4,0.36690499,0.46303286,-0.18762012,704,500,-0.08389028,0.02550752,0.01273541
128,510767811,true,0,Left,0.983412,5,0.63378164,0.27676124,-0.03964196,1216,298,-0.02654096,0.00868885,0.01025622
128,510767811,true,0,Left,0.983412,6,0.55935520,0.08081514,-0.09533421,1073,87,-0.03669133,-0.01764796,0.00363016
128,510767811,true,0,Left,0.983412,7,0.50883994,-0.04208856,-0.14793317,976,-45,-0.04751792,-0.03281068,-0.00950982
128,510767811,true,0,Left,0.983412,8,0.46776692,-0.15667563,-0.18655440,898,-169,-0.06033686,-0.03859662,-0.03876850
128,510767811,true,0,Left,0.983412,9,0.71293998,0.20866785,-0.04914616,1368,225,-0.00479574,-0.00270205,0.00772823
128,510767811,true,0,Left,0.983412,10,0.65473850,-0.03842966,-0.09433822,1257,-41,-0.01685263,-0.03548744,-0.00296027
128,510767811,true,0,Left,0.983412,11,0.61347723,-0.18945228,-0.13560990,1177,-204,-0.02946638,-0.04984722,-0.02577475
128,510767811,true,0,Left,0.983412,12,0.58211305,-0.31663596,-0.16688819,1117,-341,-0.04235301,-0.06368524,-0.04856982
128,510767811,true,0,Left,0.983412,13,0.79784019,0.20408258,-0.06955535,1531,220,0.01654988,-0.00673419,-0.00652106
128,510767811,true,0,Left,0.983412,14,0.76650729,-0.03721488,-0.11319659,1471,-40,0.00781829,-0.03166278,-0.01609134
128,510767811,true,0,Left,0.983412,15,0.74321257,-0.18302850,-0.13657259,1426,-197,-0.00048899,-0.04858503,-0.03439748
128,510767811,true,0,Left,0.983412,16,0.72190261,-0.31335438,-0.15447581,1386,-338,-0.00944055,-0.06388723,-0.05434438
128,510767811,true,0,Left,0.983412,17,0.88675275,0.25236731,-0.09728041,1702,272,0.03225178,0.00405072,-0.01976798
128,510767811,true,0,Left,0.983412,18,0.88357098,0.06273671,-0.13219344,1696,67,0.03379815,-0.01798103,-0.02231488
128,510767811,true,0,Left,0.983412,19,0.87936415,-0.05535275,-0.14168039,1688,-59,0.02844655,-0.03592478,-0.03410910
128,510767811,true,0,Left,0.983412,20,0.87018699,-0.16125278,-0.14860787,1670,-174,0.02258919,-0.04905951,-0.05003180
129,510767875,true,0,Left,0.982817,0,0.83797240,0.87166189,0.00000043,1608,941,0.02904189,0.08585776,-0.00261556
129,510767875,true,0,Left,0.982817,1,0.70237264,0.79420551,-0.06287167,1348,857,-0.00537602,0.07046134,-0.00808518
129,510767875,true,0,Left,0.982817,2,0.57428262,0.67083372,-0.10503323,1102,724,-0.03074222,0.05823194,-0.00466264
129,510767875,true,0,Left,0.982817,3,0.46686129,0.58605601,-0.14431715,896,632,-0.05967795,0.04140489,0.00033124
129,510767875,true,0,Left,0.982817,4,0.37488202,0.50885248,-0.18367269,719,549,-0.08398567,0.02603706,0.01099371
129,510767875,true,0,Left,0.982817,5,0.63214468,0.31432071,-0.04380509,1213,339,-0.02684885,0.00853813,0.00965704
129,510767875,true,0,Left,0.982817,6,0.55866805,0.12358929,-0.09806635,1072,133,-0.03749359,-0.01800166,0.00290344
129,510767875,true,0,Left,0.982817,7,0.50745046,0.00719111,-0.14886359,974,7,-0.04888621,-0.03340435,-0.00994634
129,510767875,true,0,Left,0.982817,8,0.46357889,-0.09912175,-0.18658556,890,-107,-0.06244297,-0.03920231,-0.03891615
129,510767875,true,0,Left,0.982817,9,0.70935589,0.24948336,-0.05309044,1361,269,-0.00497036,-0.00282599,0.00768492
129,510767875,true,0,Left,0.982817,10,0.65548589,0.01435001,-0.09691098,1258,15,-0.01674304,-0.03565883,-0.00355341
129,510767875,true,0,Left,0.982817,11,0.61706593,-0.12782567,-0.13696124,1184,-138,-0.02912861,-0.05024944,-0.02613983
129,510767875,true,0,Left,0.982817,12,0.58604356,-0.24842076,-0.16777213,1125,-268,-0.04185147,-0.06436879,-0.04860453
129,510767875,true,0,Left,0.982817,13,0.79210033,0.24750939,-0.07250825,1520,267,0.01694354,-0.00676079,-0.00628634
129,510767875,true,0,Left,0.982817,14,0.76272203,0.01497703,-0.11471030,1464,16,0.00786018,-0.03166656,-0.01610821
129,510767875,true,0,Left,0.982817,15,0.74180032,-0.12174787,-0.13730265,1424,-131,-0.00012233,-0.04878916,-0.03465696
129,510767875,true,0,Left,0.982817,16,0.71993847,-0.24403119,-0.15480067,1382,-263,-0.00902916,-0.06401028,-0.05533424
129,510767875,true,0,Left,0.982817,17,0.87826030,0.29621043,-0.09895838,1686,319,0.03294291,0.00439304,-0.01882992
129,510767875,true,0,Left,0.982817,18,0.87669926,0.11204493,-0.13305381,1683,121,0.03421642,-0.01785107,-0.02151735
129,510767875,true,0,Left,0.982817,19,0.87377566,-0.00356526,-0.14226666,1677,-3,0.02898312,-0.03557806,-0.03406829
129,510767875,true,0,Left,0.982817,20,0.86635344,-0.10710239,-0.14916350,1663,-115,0.02381027,-0.04849641,-0.05056375
130,510767949,true,0,Left,0.986015,0,0.83698431,0.87509964,0.00000045,1607,945,0.02979594,0.08478533,-0.00165719
130,510767949,true,0,Left,0.986015,1,0.70502563,0.80963174,-0.06280206,1353,874,-0.00517733,0.06948197,-0.00740465
130,510767949,true,0,Left,0.986015,2,0.58168390,0.69841796,-0.10543515,1116,754,-0.03085669,0.05798724,-0.00463204
130,510767949,true,0,Left,0.986015,3,0.47850007,0.62868229,-0.14463901,918,678,-0.05958453,0.04165095,-0.00039337
130,510767949,true,0,Left,0.986015,4,0.38848116,0.56319612,-0.18433602,745,608,-0.08413640,0.02731913,0.01101690
130,510767949,true,0,Left,0.986015,5,0.63422772,0.35511597,-0.05415954,1217,383,-0.02691027,0.00840663,0.00884135
130,510767949,true,0,Left,0.986015,6,0.56123679,0.16998447,-0.10762367,1077,183,-0.03868829,-0.01819401,0.00283633
130,510767949,true,0,Left,0.986015,7,0.51004119,0.05771613,-0.15577066,979,62,-0.05002855,-0.03363958,-0.00923684
130,510767949,true,0,Left,0.986015,8,0.46511725,-0.04549984,-0.19217349,893,-49,-0.06396692,-0.03994254,-0.03822766
130,510767949,true,0,Left,0.986015,9,0.71072872,0.29395470,-0.06278217,1364,317,-0.00502044,-0.00276073,0.00775351
130,510767949,true,0,Left,0.986015,10,0.66187476,0.06958293,-0.10855910,1270,75,-0.01640982,-0.03546848,-0.00437266
130,510767949,true,0,Left,0.986015,11,0.62905111,-0.06644687,-0.14864441,1207,-71,-0.02840718,-0.04992667,-0.02657220
130,510767949,true,0,Left,0.986015,12,0.59964206,-0.18487575,-0.17977044,1151,-199,-0.04006740,-0.06424586,-0.04894273
130,510767949,true,0,Left,0.986015,13,0.79207784,0.29246148,-0.08050277,1520,315,0.01738477,-0.00684527,-0.00593214
130,510767949,true,0,Left,0.986015,14,0.76447377,0.06825686,-0.12475061,1467,73,0.00857023,-0.03162204,-0.01586014
130,510767949,true,0,Left,0.986015,15,0.74470458,-0.07269367,-0.15013025,1429,-78,0.00015079,-0.04921067,-0.03453777
130,510767949,true,0,Left,0.986015,16,0.72420012,-0.20046381,-0.16935340,1390,-216,-0.00830125,-0.06524359,-0.05445063
130,510767949,true,0,Left,0.986015,17,0.87582002,0.33553237,-0.10463606,1681,362,0.03350770,0.00418781,-0.01790402
130,510767949,true,0,Left,0.986015,18,0.87076679,0.14973119,-0.14078606,1671,161,0.03417078,-0.01828927,-0.02012568
130,510767949,true,0,Left,0.986015,19,0.86490539,0.02520581,-0.15316326,1660,27,0.02871408,-0.03636689,-0.03215000
130,510767949,true,0,Left,0.986015,20,0.85541506,-0.09076465,-0.16289276,1642,-98,0.02295391,-0.05041107,-0.04803594
131,510768007,true,0,Left,0.986092,0,0.83550621,0.88319408,0.00000049,1604,953,0.03023563,0.08388025,0.00153010
131,510768007,true,0,Left,0.986092,1,0.70804786,0.83216577,-0.06397098,1359,898,-0.00488641,0.06882693,-0.00547412
131,510768007,true,0,Left,0.986092,2,0.58963829,0.72939593,-0.10733900,1132,787,-0.03066369,0.05796759,-0.00416470
131,510768007,true,0,Left,0.986092,3,0.49025417,0.66258663,-0.14666666,941,715,-0.05926307,0.04187409,-0.00077306
131,510768007,true,0,Left,0.986092,4,0.40261769,0.60145136,-0.18655619,773,649,-0.08391047,0.02783040,0.00972049
131,510768007,true,0,Left,0.986092,5,0.63750047,0.39156841,-0.06650323,1224,422,-0.02713793,0.00838419,0.00803834
131,510768007,true,0,Left,0.986092,6,0.56629740,0.20970331,-0.12104830,1087,226,-0.03931927,-0.01841025,0.00227415
131,510768007,true,0,Left,0.986092,7,0.51593639,0.10040531,-0.16694335,990,108,-0.05090333,-0.03398643,-0.00944716
131,510768007,true,0,Left,0.986092,8,0.46986911,-0.00218408,-0.20170424,902,-2,-0.06499659,-0.04057522,-0.03805458
131,510768007,true,0,Left,0.986092,9,0.71224473,0.33201095,-0.07329785,1367,358,-0.00513160,-0.00273167,0.00763899
131,510768007,true,0,Left,0.986092,10,0.66829925,0.11518023,-0.12270601,1283,124,-0.01615404,-0.03538274,-0.00494392
131,510768007,true,0,Left,0.986092,11,0.63643859,-0.01507777,-0.16221466,1221,-16,-0.02803600,-0.04992583,-0.02682880
131,510768007,true,0,Left,0.986092,12,0.60467564,-0.13153107,-0.19222065,1160,-142,-0.03989369,-0.06401861,-0.04935663
131,510768007,true,0,Left,0.986092,13,0.79231202,0.33327601,-0.08861584,1521,359,0.01757917,-0.00676649,-0.00545581
131,510768007,true,0,Left,0.986092,14,0.76723045,0.11713098,-0.13693584,1473,126,0.00920979,-0.03147004,-0.01561027
131,510768007,true,0,Left,0.986092,15,0.74886337,-0.02077833,-0.16449673,1437,-22,0.00040606,-0.04932727,-0.03407026
131,510768007,true,0,Left,0.986092,16,0.72698655,-0.14862146,-0.18410466,1395,-160,-0.00802530,-0.06568054,-0.05383654
131,510768007,true,0,Left,0.986092,17,0.87336231,0.37700952,-0.11003777,1676,407,0.03376454,0.00432377,-0.01641259
131,510768007,true,0,Left,0.986092,18,0.87138763,0.19006726,-0.15054740,1673,205,0.03449011,-0.01857080,-0.01848484
131,510768007,true,0,Left,0.986092,19,0.86594423,0.05967152,-0.16710238,1662,64,0.02936383,-0.03694489,-0.02997879
131,510768007,true,0,Left,0.986092,20,0.85597924,-0.06549600,-0.17928189,1643,-70,0.02318463,-0.05229023,-0.04517349
132,510768075,true,0,Left,0.985273,0,0.83134752,0.89708490,0.00000052,1596,968,0.03049212,0.08268413,0.00750028
132,510768075,true,0,Left,0.985273,1,0.71074618,0.86178146,-0.06429660,1364,930,-0.00427762,0.06810343,-0.00181587
132,510768075,true,0,Left,0.985273,2,0.59941202,0.76665157,-0.10820523,1150,827,-0.03021734,0.05805167,-0.00328518
132,510768075,true,0,Left,0.985273,3,0.50729756,0.70562406,-0.14734958,974,762,-0.05824659,0.04310933,-0.00245012
132,510768075,true,0,Left,0.985273,4,0.42377746,0.65091516,-0.18739228,813,702,-0.08264211,0.02885952,0.00428551
132,510768075,true,0,Left,0.985273,5,0.64265015,0.43582947,-0.07537107,1233,470,-0.02745128,0.00825059,0.00717169
132,510768075,true,0,Left,0.985273,6,0.57451307,0.25904161,-0.13104136,1103,279,-0.03983774,-0.01837600,0.00110737
132,510768075,true,0,Left,0.985273,7,0.52518863,0.15064350,-0.17560359,1008,162,-0.05168455,-0.03438117,-0.00968181
132,510768075,true,0,Left,0.985273,8,0.47908331,0.04913064,-0.20906397,919,53,-0.06604997,-0.04098762,-0.03824359
132,510768075,true,0,Left,0.985273,9,0.71462591,0.37925257,-0.08188375,1372,409,-0.00529661,-0.00278510,0.00735135
132,510768075,true,0,Left,0.985273,10,0.67639838,0.16288441,-0.13323090,1298,175,-0.01606031,-0.03554943,-0.00524361
132,510768075,true,0,Left,0.985273,11,0.64403785,0.03452997,-0.17183163,1236,37,-0.02807194,-0.05016510,-0.02748061
132,510768075,true,0,Left,0.985273,12,0.60994723,-0.07848493,-0.20038050,1171,-84,-0.03957202,-0.06485015,-0.04892402
132,510768075,true,0,Left,0.985273,13,0.79259720,0.38333868,-0.09620197,1521,414,0.01766701,-0.00680360,-0.00494623
132,510768075,true,0,Left,0.985273,14,0.76919303,0.17058978,-0.14683510,1476,184,0.00932432,-0.03170360,-0.01534098
132,510768075,true,0,Left,0.985273,15,0.74941654,0.03663746,-0.17436246,1438,39,0.00064236,-0.04938184,-0.03340481
132,510768075,true,0,Left,0.985273,16,0.72522265,-0.09023666,-0.19336391,1392,-97,-0.00848685,-0.06612506,-0.05329969
132,510768075,true,0,Left,0.985273,17,0.87083222,0.42923100,-0.11617742,1671,463,0.03399958,0.00455994,-0.01481902
132,510768075,true,0,Left,0.985273,18,0.87255396,0.24966171,-0.15988578,1675,269,0.03495689,-0.01852816,-0.01683943
132,510768075,true,0,Left,0.985273,19,0.86797598,0.12110305,-0.17806450,1666,130,0.03046952,-0.03727118,-0.02851695
132,510768075,true,0,Left,0.985273,20,0.85800473,-0.00562564,-0.19068252,1647,-6,0.02403994,-0.05319364,-0.04311263
133,510768147,true,0,Left,0.988447,0,0.82678677,0.91688172,0.00000057,1587,990,0.03031074,0.08119774,0.01359450
133,510768147,true,0,Left,0.988447,1,0.71138194,0.88834934,-0.06412086,1365,959,-0.00381214,0.06756877,0.00243960
133,510768147,true,0,Left,0.988447,2,0.60477985,0.80219913,-0.10887449,1161,866,-0.03001602,0.05765593,-0.00151672
133,510768147,true,0,Left,0.988447,3,0.51763410,0.74410532,-0.14852905,993,803,-0.05732622,0.04406148,-0.00410662
133,510768147,true,0,Left,0.988447,4,0.43651131,0.69876497,-0.18941404,838,754,-0.08126381,0.02960131,-0.00199938
133,510768147,true,0,Left,0.988447,5,0.64566177,0.47761766,-0.08011184,1239,515,-0.02797708,0.00774704,0.00650524
133,510768147,true,0,Left,0.988447,6,0.57855748,0.30421262,-0.13629577,1110,328,-0.04046524,-0.01838544,-0.00049320
133,510768147,true,0,Left,0.988447,7,0.53104427,0.19972900,-0.18010725,1019,215,-0.05236043,-0.03453273,-0.01033387
133,510768147,true,0,Left,0.988447,8,0.48716647,0.09989392,-0.21284463,935,107,-0.06677339,-0.04123553,-0.03937963
133,510768147,true,0,Left,0.988447,9,0.71644616,0.42630170,-0.08726860,1375,460,-0.00536061,-0.00286519,0.00694711
133,510768147,true,0,Left,0.988447,10,0.67828748,0.21414520,-0.13900302,1302,231,-0.01638114,-0.03566916,-0.00589323
133,510768147,true,0,Left,0.988447,11,0.64746012,0.08317161,-0.17799008,1243,89,-0.02817437,-0.05055976,-0.02851095
133,510768147,true,0,Left,0.988447,12,0.61507960,-0.04048470,-0.20674996,1180,-43,-0.03897529,-0.06659624,-0.04901351
133,510768147,true,0,Left,0.988447,13,0.79261034,0.43275078,-0.10171511,1521,467,0.01784949,-0.00655120,-0.00445721
133,510768147,true,0,Left,0.988447,14,0.76848661,0.22929149,-0.15419794,1475,247,0.00907176,-0.03172885,-0.01544346
133,510768147,true,0,Left,0.988447,15,0.74726688,0.09698036,-0.18440797,1434,104,0.00031422,-0.04915909,-0.03293611
133,510768147,true,0,Left,0.988447,16,0.72109441,-0.03496121,-0.20535018,1384,-37,-0.00966350,-0.06635703,-0.05226020
133,510768147,true,0,Left,0.988447,17,0.86977064,0.47870302,-0.12124848,1669,516,0.03432432,0.00497845,-0.01332676
133,510768147,true,0,Left,0.988447,18,0.87305883,0.31389827,-0.16755422,1676,339,0.03528128,-0.01814592,-0.01567814
133,510768147,true,0,Left,0.988447,19,0.86824977,0.19508310,-0.18811963,1667,210,0.03128482,-0.03689390,-0.02750574
133,510768147,true,0,Left,0.988447,20,0.85717607,0.07175901,-0.20242101,1645,77,0.02432598,-0.05241435,-0.04133055
133,510768147,true,1,Right,0.853615,0,-0.03227167,0.86050129,0.00000051,-61,929,-0.05232028,0.06270540,0.01745123
133,510768147,true,1,Right,0.853615,1,0.06823742,0.89068460,-0.05143990,131,961,-0.01692466,0.06571444,0.00944621
133,510768147,true,1,Right,0.853615,2,0.18131396,0.87008810,-0.07599746,348,939,0.01505864,0.06634263,0.00679991
133,510768147,true,1,Right,0.853615,3,0.28382024,0.84906995,-0.09827816,544,916,0.04611866,0.06366219,0.00526143
133,510768147,true,1,Right,0.853615,4,0.36948621,0.82348788,-0.12009145,709,889,0.07190432,0.05555144,0.01075953
133,510768147,true,1,Right,0.853615,5,0.18699387,0.51418144,-0.01512077,359,555,0.02035465,0.00968649,0.00678107
133,510768147,true,1,Right,0.853615,6,0.25839308,0.35885218,-0.03360274,496,387,0.03947102,-0.00952933,0.00283593
133,510768147,true,1,Right,0.853615,7,0.29633152,0.27165478,-0.05655788,568,293,0.05003073,-0.02469319,-0.00565540
133,510768147,true,1,Right,0.853615,8,0.33036876,0.19568563,-0.07692561,634,211,0.05928149,-0.03163347,-0.02975652
133,510768147,true,1,Right,0.853615,9,0.12736598,0.43430227,-0.01737266,244,469,0.00300217,-0.00462447,0.00453381
133,510768147,true,1,Right,0.853615,10,0.19398683,0.22502141,-0.03292936,372,243,0.02549258,-0.03343767,-0.00497616
133,510768147,true,1,Right,0.853615,11,0.23423757,0.09617093,-0.05972083,449,103,0.03654947,-0.04943898,-0.01914062
133,510768147,true,1,Right,0.853615,12,0.26705015,-0.00827166,-0.08349182,512,-8,0.04827810,-0.06134900,-0.03488724
133,510768147,true,1,Right,0.853615,13,0.06262949,0.40435508,-0.02761876,120,436,-0.01308188,-0.00683410,-0.00411935
133,510768147,true,1,Right,0.853615,14,0.11143477,0.20456837,-0.04992350,213,220,0.00234483,-0.03335695,-0.01683242
133,510768147,true,1,Right,0.853615,15,0.14455438,0.07857028,-0.07422467,277,84,0.01530059,-0.04800479,-0.02743664
133,510768147,true,1,Right,0.853615,16,0.17442802,-0.03003082,-0.09440424,334,-32,0.02398326,-0.06210689,-0.04325718
133,510768147,true,1,Right,0.853615,17,-0.00505055,0.41506699,-0.04390591,-9,448,-0.03369863,-0.00185579,-0.01008537
133,510768147,true,1,Right,0.853615,18,0.01258509,0.25259215,-0.06902761,24,272,-0.02449510,-0.02358089,-0.01578795
133,510768147,true,1,Right,0.853615,19,0.02786249,0.14349848,-0.08406683,53,154,-0.01539049,-0.04163391,-0.02453199
133,510768147,true,1,Right,0.853615,20,0.04656617,0.03854620,-0.09594005,89,41,-0.00627786,-0.05665717,-0.03806835
134,510768232,true,0,Left,0.989737,0,0.82232924,0.93467051,0.00000063,1578,1009,0.03072435,0.07986200,0.02359529
134,510768232,true,0,Left,0.989737,1,0.71156180,0.91383057,-0.06212983,1366,986,-0.00304881,0.06778352,0.00969162
134,510768232,true,0,Left,0.989737,2,0.60807252,0.83746097,-0.10635986,1167,904,-0.02954620,0.05834956,0.00189719
134,510768232,true,0,Left,0.989737,3,0.52499792,0.78933878,-0.14538384,1007,852,-0.05578507,0.04655415,-0.00567248
134,510768232,true,0,Left,0.989737,4,0.44786862,0.75213417,-0.18598560,859,812,-0.07956868,0.03182819,-0.01025562
134,510768232,true,0,Left,0.989737,5,0.64587397,0.51574861,-0.07923936,1240,557,-0.02871249,0.00692638,0.00561109
134,510768232,true,0,Left,0.989737,6,0.58103385,0.34884440,-0.13360856,1115,376,-0.04123078,-0.01812643,-0.00269891
134,510768232,true,0,Left,0.989737,7,0.53574177,0.25141481,-0.17559628,1028,271,-0.05207588,-0.03385334,-0.01157297
134,510768232,true,0,Left,0.989737,8,0.49307943,0.15653738,-0.20726367,946,169,-0.06732151,-0.04064921,-0.04098831
134,510768232,true,0,Left,0.989737,9,0.71638837,0.46243084,-0.08751292,1375,499,-0.00548873,-0.00310125,0.00641755
134,510768232,true,0,Left,0.989737,10,0.67679228,0.24647432,-0.13749692,1299,266,-0.01654104,-0.03671217,-0.00585726
134,510768232,true,0,Left,0.989737,11,0.64725441,0.10695037,-0.17548121,1242,115,-0.02833702,-0.05276445,-0.02858429
134,510768232,true,0,Left,0.989737,12,0.61671829,-0.02493918,-0.20354202,1184,-26,-0.03853636,-0.07081007,-0.04869214
134,510768232,true,0,Left,0.989737,13,0.79046151,0.47012724,-0.10292830,1517,507,0.01789726,-0.00643282,-0.00397017
134,510768232,true,0,Left,0.989737,14,0.76688523,0.27672779,-0.15696332,1472,298,0.00938017,-0.03176356,-0.01592838
134,510768232,true,0,Left,0.989737,15,0.74499112,0.15799643,-0.18976251,1430,170,-0.00006378,-0.04820624,-0.03382550
134,510768232,true,0,Left,0.989737,16,0.71756436,0.03739163,-0.21145127,1377,40,-0.01008955,-0.06495899,-0.05317433
134,510768232,true,0,Left,0.989737,17,0.86538699,0.51740638,-0.12268914,1661,558,0.03457869,0.00559629,-0.01071835
134,510768232,true,0,Left,0.989737,18,0.87112643,0.36340662,-0.17079455,1672,392,0.03641129,-0.01749998,-0.01456043
134,510768232,true,0,Left,0.989737,19,0.86774492,0.25715734,-0.19283495,1666,277,0.03238953,-0.03618175,-0.02703311
134,510768232,true,0,Left,0.989737,20,0.85688639,0.14525158,-0.20774631,1645,156,0.02551984,-0.05034759,-0.04127029
134,510768232,true,1,Right,0.928548,0,-0.03820578,0.90004628,0.00000061,-73,972,-0.05208587,0.07007852,0.00267273
134,510768232,true,1,Right,0.928548,1,0.07209388,0.91115970,-0.04486964,138,984,-0.01479625,0.06898904,-0.00188663
134,510768232,true,1,Right,0.928548,2,0.18656885,0.85657930,-0.06109839,358,925,0.01683197,0.06516124,-0.00006098
134,510768232,true,1,Right,0.928548,3,0.28459139,0.78896541,-0.07563140,546,852,0.04785456,0.05787862,0.00287399
134,510768232,true,1,Right,0.928548,4,0.36728239,0.72929285,-0.08883283,705,787,0.07320018,0.04489003,0.01019764
134,510768232,true,1,Right,0.928548,5,0.18620767,0.52153569,-0.00036602,357,563,0.02135579,0.01020806,0.00783340
134,510768232,true,1,Right,0.928548,6,0.25464011,0.37120707,-0.01705020,488,400,0.03933245,-0.00953683,0.00273006
134,510768232,true,1,Right,0.928548,7,0.29378913,0.27917946,-0.03941800,564,301,0.04984525,-0.02468221,-0.00569600
134,510768232,true,1,Right,0.928548,8,0.32933575,0.19995399,-0.05901544,632,215,0.05882764,-0.03290493,-0.03159496
134,510768232,true,1,Right,0.928548,9,0.12805075,0.44155346,-0.00562217,245,476,0.00297810,-0.00460373,0.00543668
134,510768232,true,1,Right,0.928548,10,0.19176441,0.24308045,-0.02002582,368,262,0.02438470,-0.03335714,-0.00302814
134,510768232,true,1,Right,0.928548,11,0.23289839,0.11598959,-0.04529109,447,125,0.03514900,-0.05000398,-0.01960757
134,510768232,true,1,Right,0.928548,12,0.26748011,0.01145283,-0.06614627,513,12,0.04802589,-0.06383002,-0.03677325
134,510768232,true,1,Right,0.928548,13,0.06253901,0.40972900,-0.01939780,120,442,-0.01361572,-0.00746851,-0.00454461
134,510768232,true,1,Right,0.928548,14,0.11399493,0.21308590,-0.04317092,218,230,0.00195892,-0.03446729,-0.01572416
134,510768232,true,1,Right,0.928548,15,0.15091944,0.09005916,-0.06895729,289,97,0.01509355,-0.04990637,-0.02732072
134,510768232,true,1,Right,0.928548,16,0.18565904,-0.02062197,-0.08860993,356,-22,0.02463134,-0.06577724,-0.04350581
134,510768232,true,1,Right,0.928548,17,-0.00717174,0.41727846,-0.03805526,-13,450,-0.03449063,-0.00259848,-0.01273775
134,510768232,true,1,Right,0.928548,18,0.01350379,0.25438180,-0.06648836,25,274,-0.02571855,-0.02466401,-0.01716740
134,510768232,true,1,Right,0.928548,19,0.02876384,0.14645471,-0.08334233,55,158,-0.01704440,-0.04301713,-0.02654375
134,510768232,true,1,Right,0.928548,20,0.04755981,0.04137528,-0.09534694,91,44,-0.00858649,-0.05842689,-0.04035000
135,510768290,true,0,Left,0.987926,0,0.81789980,0.94587824,0.00000064,1570,1021,0.03115612,0.07853272,0.03142053
135,510768290,true,0,Left,0.987926,1,0.71115092,0.93025092,-0.05985979,1365,1004,-0.00224429,0.06741979,0.01478822
135,510768290,true,0,Left,0.987926,2,0.61069414,0.86099585,-0.10309857,1172,929,-0.02871113,0.05880679,0.00444368
135,510768290,true,0,Left,0.987926,3,0.52936075,0.82264579,-0.14135173,1016,888,-0.05456260,0.04833615,-0.00643114
135,510768290,true,0,Left,0.987926,4,0.45179077,0.80565616,-0.18164083,867,870,-0.07855802,0.03439477,-0.01447694
135,510768290,true,0,Left,0.987926,5,0.64436992,0.54529684,-0.07774028,1237,588,-0.02923744,0.00665468,0.00496486
135,510768290,true,0,Left,0.987926,6,0.58066351,0.38895657,-0.13062291,1114,420,-0.04166876,-0.01784318,-0.00427949
135,510768290,true,0,Left,0.987926,7,0.53674333,0.29731318,-0.17177029,1030,321,-0.05208200,-0.03310063,-0.01267283
135,510768290,true,0,Left,0.987926,8,0.49514880,0.20742568,-0.20162200,950,224,-0.06730748,-0.03959800,-0.04263124
135,510768290,true,0,Left,0.987926,9,0.71467341,0.49275185,-0.08639368,1372,532,-0.00558078,-0.00312822,0.00609118
135,510768290,true,0,Left,0.987926,10,0.67551944,0.29297727,-0.13465733,1296,316,-0.01641420,-0.03662276,-0.00677298
135,510768290,true,0,Left,0.987926,11,0.64637660,0.16769137,-0.17213484,1241,181,-0.02818137,-0.05235124,-0.02999793
135,510768290,true,0,Left,0.987926,12,0.61576530,0.04639365,-0.20017600,1182,50,-0.03821646,-0.06973666,-0.04980381
135,510768290,true,0,Left,0.987926,13,0.78698948,0.50075550,-0.10187364,1511,540,0.01782300,-0.00646722,-0.00345403
135,510768290,true,0,Left,0.987926,14,0.76439361,0.31822184,-0.15462621,1467,343,0.00965360,-0.03157491,-0.01625016
135,510768290,true,0,Left,0.987926,15,0.74175002,0.20620278,-0.18713538,1424,222,0.00012262,-0.04751409,-0.03458639
135,510768290,true,0,Left,0.987926,16,0.71252393,0.09209038,-0.20893354,1368,99,-0.01037870,-0.06359422,-0.05425931
135,510768290,true,0,Left,0.987926,17,0.86004423,0.54808126,-0.12148535,1651,591,0.03517766,0.00549180,-0.00890708
135,510768290,true,0,Left,0.987926,18,0.86673196,0.40101358,-0.16880476,1664,433,0.03713513,-0.01731854,-0.01351208
135,510768290,true,0,Left,0.987926,19,0.86471815,0.30048585,-0.19039353,1660,324,0.03327728,-0.03573296,-0.02617370
135,510768290,true,0,Left,0.987926,20,0.85432796,0.19565726,-0.20514468,1640,211,0.02615123,-0.04866381,-0.04106045
135,510768290,true,1,Right,0.943388,0,-0.03649133,0.92173967,0.00000065,-70,995,-0.05160552,0.07345897,-0.00442568
135,510768290,true,1,Right,0.943388,1,0.07802254,0.91946152,-0.04171798,149,993,-0.01321362,0.06987189,-0.00845644
135,510768290,true,1,Right,0.943388,2,0.19179565,0.85050058,-0.05515216,368,918,0.01792936,0.06429202,-0.00329456
135,510768290,true,1,Right,0.943388,3,0.28549485,0.76668010,-0.06784811,548,828,0.04858328,0.05371520,0.00166271
135,510768290,true,1,Right,0.943388,4,0.36529930,0.69885469,-0.07908875,701,754,0.07309378,0.03815590,0.01146891
135,510768290,true,1,Right,0.943388,5,0.18663163,0.52633662,0.00450092,358,568,0.02147377,0.01038581,0.00807604
135,510768290,true,1,Right,0.943388,6,0.25478641,0.37959234,-0.01363479,489,409,0.03938175,-0.00946721,0.00252187
135,510768290,true,1,Right,0.943388,7,0.29408945,0.28672233,-0.03716527,564,309,0.04994786,-0.02447007,-0.00618337
135,510768290,true,1,Right,0.943388,8,0.33011501,0.20478975,-0.05748976,633,221,0.05891198,-0.03316980,-0.03267574
135,510768290,true,1,Right,0.943388,9,0.12997717,0.44763009,-0.00158456,249,483,0.00282906,-0.00440530,0.00585025
135,510768290,true,1,Right,0.943388,10,0.19204183,0.25665651,-0.01828237,368,277,0.02410873,-0.03331713,-0.00263142
135,510768290,true,1,Right,0.943388,11,0.23351591,0.13081879,-0.04471474,448,141,0.03451815,-0.04981191,-0.02029496
135,510768290,true,1,Right,0.943388,12,0.26990278,0.02342391,-0.06614030,518,25,0.04786286,-0.06431247,-0.03805765
135,510768290,true,1,Right,0.943388,13,0.06476742,0.41516859,-0.01633473,124,448,-0.01395000,-0.00778862,-0.00458705
135,510768290,true,1,Right,0.943388,14,0.11877871,0.22415056,-0.04206993,228,242,0.00187278,-0.03455149,-0.01497803
135,510768290,true,1,Right,0.943388,15,0.15999304,0.10471074,-0.06882370,307,113,0.01521001,-0.05025432,-0.02705849
135,510768290,true,1,Right,0.943388,16,0.20004739,-0.00404092,-0.08869339,384,-4,0.02629284,-0.06594286,-0.04325870
135,510768290,true,1,Right,0.943388,17,-0.00585822,0.41975234,-0.03561107,-11,453,-0.03427151,-0.00292722,-0.01372726
135,510768290,true,1,Right,0.943388,18,0.01481229,0.26088076,-0.06570739,28,281,-0.02664299,-0.02459715,-0.01774609
135,510768290,true,1,Right,0.943388,19,0.02943175,0.15578165,-0.08339454,56,168,-0.01856834,-0.04361395,-0.02692834
135,510768290,true,1,Right,0.943388,20,0.04768828,0.05275029,-0.09560017,91,56,-0.01076121,-0.05830803,-0.04061910
136,510768367,true,0,Left,0.986216,0,0.81274720,0.94789214,0.00000064,1560,1023,0.03165126,0.07717407,0.03535858
136,510768367,true,0,Left,0.986216,1,0.71049976,0.93828704,-0.05712077,1364,1013,-0.00155351,0.06696285,0.01795112
136,510768367,true,0,Left,0.986216,2,0.61318546,0.87768973,-0.09857904,1177,947,-0.02800538,0.05935874,0.00696285
136,510768367,true,0,Left,0.986216,3,0.53513757,0.84365226,-0.13499466,1027,911,-0.05363277,0.05009665,-0.00660105
136,510768367,true,0,Left,0.986216,4,0.45959232,0.83107092,-0.17339949,882,897,-0.07790171,0.03697564,-0.01536272
136,510768367,true,0,Left,0.986216,5,0.64296706,0.56532384,-0.07577335,1234,610,-0.02931543,0.00669289,0.00443212
136,510768367,true,0,Left,0.986216,6,0.57994099,0.41535552,-0.12618909,1113,448,-0.04218610,-0.01763103,-0.00526421
136,510768367,true,0,Left,0.986216,7,0.53675923,0.32854564,-0.16368362,1030,354,-0.05264556,-0.03262119,-0.01309942
136,510768367,true,0,Left,0.986216,8,0.49544493,0.24318851,-0.19136426,951,262,-0.06789241,-0.03856100,-0.04312430
136,510768367,true,0,Left,0.986216,9,0.71150776,0.51220732,-0.08421158,1366,553,-0.00569517,-0.00316079,0.00579667
136,510768367,true,0,Left,0.986216,10,0.67330971,0.32198549,-0.12971843,1292,347,-0.01664475,-0.03668641,-0.00796031
136,510768367,true,0,Left,0.986216,11,0.64470973,0.20706482,-0.16414733,1237,223,-0.02840606,-0.05168782,-0.03186056
136,510768367,true,0,Left,0.986216,12,0.61396089,0.09445859,-0.19025185,1178,102,-0.03850356,-0.06823589,-0.05126825
136,510768367,true,0,Left,0.986216,13,0.78178767,0.51818063,-0.09925882,1501,559,0.01772957,-0.00647755,-0.00314790
136,510768367,true,0,Left,0.986216,14,0.75831894,0.34057104,-0.14987636,1455,367,0.00939897,-0.03145874,-0.01672114
136,510768367,true,0,Left,0.986216,15,0.73487298,0.23609632,-0.18067497,1410,254,-0.00008863,-0.04653837,-0.03550988
136,510768367,true,0,Left,0.986216,16,0.70455693,0.12783330,-0.20158323,1352,138,-0.01146106,-0.06168612,-0.05486147
136,510768367,true,0,Left,0.986216,17,0.85265537,0.56326001,-0.11851211,1637,608,0.03565094,0.00535352,-0.00748318
136,510768367,true,0,Left,0.986216,18,0.85777349,0.42310339,-0.16388610,1646,456,0.03709152,-0.01699774,-0.01311470
136,510768367,true,0,Left,0.986216,19,0.85530864,0.32858544,-0.18416773,1642,354,0.03330177,-0.03499080,-0.02595270
136,510768367,true,0,Left,0.986216,20,0.84457425,0.22822750,-0.19811903,1621,246,0.02572970,-0.04659889,-0.04086774
136,510768367,true,1,Right,0.960989,0,-0.03448447,0.91903385,0.00000068,-66,992,-0.05166783,0.07537847,-0.00602990
136,510768367,true,1,Right,0.960989,1,0.08191878,0.91797730,-0.04220683,157,991,-0.01261541,0.07031618,-0.01017880
136,510768367,true,1,Right,0.960989,2,0.19949912,0.84076310,-0.05682934,383,908,0.01866092,0.06327570,-0.00625618
136,510768367,true,1,Right,0.960989,3,0.29022459,0.75112728,-0.07037707,557,811,0.04912143,0.05048956,-0.00288499
136,510768367,true,1,Right,0.960989,4,0.36663639,0.68177708,-0.08296584,703,736,0.07260488,0.03397645,0.00708998
136,510768367,true,1,Right,0.960989,5,0.19082222,0.52843975,-0.00190420,366,570,0.02189657,0.01052990,0.00751097
136,510768367,true,1,Right,0.960989,6,0.25853861,0.38374959,-0.02351320,496,414,0.03961904,-0.00947913,0.00131567
136,510768367,true,1,Right,0.960989,7,0.29846124,0.29255332,-0.04914362,573,315,0.05040200,-0.02413538,-0.00790539
136,510768367,true,1,Right,0.960989,8,0.33512381,0.21026462,-0.07023043,643,227,0.05917065,-0.03299796,-0.03650948
136,510768367,true,1,Right,0.960989,9,0.13637762,0.45239780,-0.00714586,261,488,0.00269693,-0.00413564,0.00625752
136,510768367,true,1,Right,0.960989,10,0.19640857,0.26256356,-0.02791423,377,283,0.02409982,-0.03349866,-0.00268402
136,510768367,true,1,Right,0.960989,11,0.23870425,0.13547104,-0.05568884,458,146,0.03423726,-0.05036007,-0.02070272
136,510768367,true,1,Right,0.960989,12,0.27654113,0.02523855,-0.07753840,530,27,0.04771395,-0.06575176,-0.03956618
136,510768367,true,1,Right,0.960989,13,0.07127555,0.42199921,-0.02081903,136,455,-0.01442100,-0.00833423,-0.00432015
136,510768367,true,1,Right,0.960989,14,0.12643276,0.23051760,-0.04968585,242,248,0.00158616,-0.03472855,-0.01382255
136,510768367,true,1,Right,0.960989,15,0.16971890,0.11220264,-0.07732834,325,121,0.01486559,-0.05122564,-0.02692603
136,510768367,true,1,Right,0.960989,16,0.21207154,0.00579765,-0.09714134,407,6,0.02712197,-0.06663851,-0.04340798
136,510768367,true,1,Right,0.960989,17,-0.00198228,0.42514372,-0.03912907,-3,459,-0.03444737,-0.00338796,-0.01355223
136,510768367,true,1,Right,0.960989,18,0.01705078,0.26916688,-0.07135382,32,290,-0.02805876,-0.02469251,-0.01766780
136,510768367,true,1,Right,0.960989,19,0.03272580,0.16492854,-0.09032592,62,178,-0.02062310,-0.04417442,-0.02664965
136,510768367,true,1,Right,0.960989,20,0.05298157,0.06229301,-0.10294330,101,67,-0.01336410,-0.05860574,-0.04053802
137,510768423,true,0,Left,0.985859,0,0.80993559,0.94784329,0.00000064,1555,1023,0.03198473,0.07714695,0.03564353
137,510768423,true,0,Left,0.985859,1,0.70972698,0.94020117,-0.05547136,1362,1015,-0.00139876,0.06705358,0.01816378
137,510768423,true,0,Left,0.985859,2,0.61449123,0.88108297,-0.09558362,1179,951,-0.02792378,0.05979416,0.00795026
137,510768423,true,0,Left,0.985859,3,0.53780185,0.84631849,-0.13070458,1032,914,-0.05383719,0.05091075,-0.00596702
137,510768423,true,0,Left,0.985859,4,0.46218881,0.83261472,-0.16756418,887,899,-0.07855707,0.03835782,-0.01417866
137,510768423,true,0,Left,0.985859,5,0.64326506,0.57319626,-0.07326830,1235,619,-0.02934954,0.00684618,0.00431956
137,510768423,true,0,Left,0.985859,6,0.58225095,0.42869150,-0.12066045,1117,462,-0.04233672,-0.01753202,-0.00566024
137,510768423,true,0,Left,0.985859,7,0.54007190,0.34785976,-0.15627869,1036,375,-0.05309471,-0.03217844,-0.01335788
137,510768423,true,0,Left,0.985859,8,0.49883973,0.26815424,-0.18310676,957,289,-0.06830703,-0.03773483,-0.04319280
137,510768423,true,0,Left,0.985859,9,0.70994038,0.52192999,-0.08134336,1363,563,-0.00570400,-0.00326226,0.00559880
137,510768423,true,0,Left,0.985859,10,0.67283771,0.33853985,-0.12310999,1291,365,-0.01675283,-0.03661938,-0.00843761
137,510768423,true,0,Left,0.985859,11,0.64479666,0.23015488,-0.15555533,1238,248,-0.02838268,-0.05123005,-0.03267088
137,510768423,true,0,Left,0.985859,12,0.61401083,0.12265899,-0.18055960,1178,132,-0.03889305,-0.06721793,-0.05232908
137,510768423,true,0,Left,0.985859,13,0.77844848,0.52709799,-0.09559056,1494,569,0.01770292,-0.00649706,-0.00302160
137,510768423,true,0,Left,0.985859,14,0.75454498,0.35614191,-0.14249440,1448,384,0.00917519,-0.03113994,-0.01696918
137,510768423,true,0,Left,0.985859,15,0.73185569,0.25696337,-0.17072496,1405,277,-0.00018139,-0.04601635,-0.03656240
137,510768423,true,0,Left,0.985859,16,0.70236192,0.15353296,-0.19007744,1348,165,-0.01171661,-0.06086761,-0.05566180
137,510768423,true,0,Left,0.985859,17,0.84746065,0.57018682,-0.11369377,1627,615,0.03583215,0.00534282,-0.00725214
137,510768423,true,0,Left,0.985859,18,0.85128865,0.43519593,-0.15629313,1634,470,0.03701571,-0.01683499,-0.01315953
137,510768423,true,0,Left,0.985859,19,0.84934922,0.34408165,-0.17478165,1630,371,0.03337844,-0.03452112,-0.02615663
137,510768423,true,0,Left,0.985859,20,0.84003655,0.24750818,-0.18743247,1612,267,0.02591921,-0.04581130,-0.04160849
137,510768423,true,1,Right,0.941835,0,-0.03111806,0.91047484,0.00000070,-59,983,-0.05218697,0.07600717,-0.00327781
137,510768423,true,1,Right,0.941835,1,0.08666815,0.91344607,-0.04377208,166,986,-0.01292177,0.07045038,-0.00885660
137,510768423,true,1,Right,0.941835,2,0.20453640,0.83087225,-0.05940514,392,897,0.01858918,0.06274270,-0.00669020
137,510768423,true,1,Right,0.941835,3,0.29394271,0.74009862,-0.07366277,564,799,0.04915102,0.04928190,-0.00629283
137,510768423,true,1,Right,0.941835,4,0.36956057,0.67278177,-0.08714894,709,726,0.07229037,0.03261331,0.00217526
137,510768423,true,1,Right,0.941835,5,0.19710074,0.52572654,-0.00922677,378,567,0.02234892,0.01051344,0.00700703
137,510768423,true,1,Right,0.941835,6,0.26272743,0.38144495,-0.03527500,504,411,0.03963684,-0.00955862,-0.00009153
137,510768423,true,1,Right,0.941835,7,0.30164659,0.29069147,-0.06288193,579,313,0.05023336,-0.02397200,-0.00988022
137,510768423,true,1,Right,0.941835,8,0.33751255,0.20760088,-0.08534856,648,224,0.05868735,-0.03335701,-0.03923681
137,510768423,true,1,Right,0.941835,9,0.14339315,0.44930911,-0.01344374,275,485,0.00281371,-0.00402960,0.00625783
137,510768423,true,1,Right,0.941835,10,0.20240642,0.26008056,-0.03794375,388,280,0.02428349,-0.03360984,-0.00297429
137,510768423,true,1,Right,0.941835,11,0.24460337,0.13399592,-0.06701553,469,144,0.03393266,-0.05049123,-0.02134347
137,510768423,true,1,Right,0.941835,12,0.28326139,0.02357427,-0.08995961,543,25,0.04724182,-0.06639376,-0.04100391
137,510768423,true,1,Right,0.941835,13,0.07781095,0.41938038,-0.02600429,149,452,-0.01463785,-0.00850217,-0.00410372
137,510768423,true,1,Right,0.941835,14,0.13483891,0.23088252,-0.05754448,258,249,0.00148355,-0.03469213,-0.01328547
137,510768423,true,1,Right,0.941835,15,0.17746299,0.11394350,-0.08562643,340,123,0.01443804,-0.05128599,-0.02708064
137,510768423,true,1,Right,0.941835,16,0.21968619,0.00746977,-0.10564765,421,8,0.02712155,-0.06667803,-0.04386818
137,510768423,true,1,Right,0.941835,17,0.00271847,0.42311262,-0.04320131,5,456,-0.03491346,-0.00340545,-0.01297594
137,510768423,true,1,Right,0.941835,18,0.02296940,0.26937444,-0.07786221,44,290,-0.02891745,-0.02480501,-0.01729693
137,510768423,true,1,Right,0.941835,19,0.03909332,0.16742921,-0.09792883,75,180,-0.02168241,-0.04426118,-0.02615648
137,510768423,true,1,Right,0.941835,20,0.05993963,0.06527719,-0.11109967,115,70,-0.01502669,-0.05834810,-0.04034859
138,510768497,true,0,Left,0.983386,0,0.80828186,0.94601015,0.00000064,1551,1021,0.03248959,0.07692188,0.03623972
138,510768497,true,0,Left,0.983386,1,0.70974479,0.93742704,-0.05372782,1362,1012,-0.00126749,0.06716932,0.01849009
138,510768497,true,0,Left,0.983386,2,0.61701772,0.88098326,-0.09233485,1184,951,-0.02789154,0.06020524,0.00823324
138,510768497,true,0,Left,0.983386,3,0.54228123,0.84921666,-0.12604953,1041,917,-0.05390554,0.05184132,-0.00624926
138,510768497,true,0,Left,0.983386,4,0.46810877,0.83559751,-0.16120769,898,902,-0.07933281,0.04015410,-0.01386527
138,510768497,true,0,Left,0.983386,5,0.64458456,0.57714648,-0.06891773,1237,623,-0.02905298,0.00724366,0.00384323
138,510768497,true,0,Left,0.983386,6,0.58631480,0.43884161,-0.11240939,1125,473,-0.04236650,-0.01735474,-0.00648470
138,510768497,true,0,Left,0.983386,7,0.54625695,0.36094279,-0.14631028,1048,389,-0.05336246,-0.03178113,-0.01463648
138,510768497,true,0,Left,0.983386,8,0.50632493,0.28319063,-0.17250623,972,305,-0.06826340,-0.03725518,-0.04461170
138,510768497,true,0,Left,0.983386,9,0.70930677,0.52593283,-0.07621498,1361,568,-0.00564944,-0.00330209,0.00534845
138,510768497,true,0,Left,0.983386,10,0.67345033,0.34913623,-0.11360802,1293,377,-0.01698028,-0.03664122,-0.00915056
138,510768497,true,0,Left,0.983386,11,0.64643154,0.24448786,-0.14420761,1241,264,-0.02839861,-0.05081593,-0.03360074
138,510768497,true,0,Left,0.983386,12,0.61610625,0.14086945,-0.16839325,1182,152,-0.03919161,-0.06604521,-0.05463211
138,510768497,true,0,Left,0.983386,13,0.77628889,0.52991786,-0.08935678,1490,572,0.01776845,-0.00669500,-0.00265915
138,510768497,true,0,Left,0.983386,14,0.75236323,0.36507119,-0.13162645,1444,394,0.00895503,-0.03098921,-0.01703961
138,510768497,true,0,Left,0.983386,15,0.73107790,0.27098601,-0.15729480,1403,292,-0.00031264,-0.04561794,-0.03760396
138,510768497,true,0,Left,0.983386,16,0.70315810,0.17342744,-0.17538210,1350,187,-0.01192360,-0.05990028,-0.05700119
138,510768497,true,0,Left,0.983386,17,0.84345277,0.57192898,-0.10627131,1619,617,0.03605100,0.00515985,-0.00636349
138,510768497,true,0,Left,0.983386,18,0.84604184,0.44244856,-0.14551913,1624,477,0.03668538,-0.01683364,-0.01266122
138,510768497,true,0,Left,0.983386,19,0.84434746,0.35609239,-0.16234291,1621,384,0.03332066,-0.03397783,-0.02609314
138,510768497,true,0,Left,0.983386,20,0.83613104,0.26427814,-0.17395460,1605,285,0.02571819,-0.04507749,-0.04232425
138,510768497,true,1,Right,0.937769,0,-0.02881472,0.89263785,0.00000071,-55,964,-0.05268830,0.07611828,-0.00259347
138,510768497,true,1,Right,0.937769,1,0.09105034,0.89970491,-0.04436125,174,971,-0.01299850,0.07063547,-0.00927264
138,510768497,true,1,Right,0.937769,2,0.20779865,0.82081481,-0.05981157,398,886,0.01869902,0.06264772,-0.00803773
138,510768497,true,1,Right,0.937769,3,0.29651694,0.73341759,-0.07386423,569,792,0.04959970,0.04896601,-0.00887381
138,510768497,true,1,Right,0.937769,4,0.37105365,0.66707154,-0.08739458,712,720,0.07250538,0.03228028,-0.00063603
138,510768497,true,1,Right,0.937769,5,0.20215428,0.52239230,-0.00955636,388,564,0.02283298,0.01081857,0.00651179
138,510768497,true,1,Right,0.937769,6,0.26721204,0.38099750,-0.03546338,513,411,0.03996901,-0.00924632,-0.00093925
138,510768497,true,1,Right,0.937769,7,0.30605280,0.29077452,-0.06327540,587,314,0.05062861,-0.02344540,-0.01145572
138,510768497,true,1,Right,0.937769,8,0.34207770,0.20673662,-0.08623324,656,223,0.05893625,-0.03355277,-0.04125244
138,510768497,true,1,Right,0.937769,9,0.14863473,0.44600736,-0.01349750,285,481,0.00301752,-0.00384390,0.00635327
138,510768497,true,1,Right,0.937769,10,0.20839210,0.25963128,-0.03800227,400,280,0.02458589,-0.03353989,-0.00299755
138,510768497,true,1,Right,0.937769,11,0.25061350,0.13521343,-0.06774901,481,146,0.03403649,-0.05036059,-0.02232514
138,510768497,true,1,Right,0.937769,12,0.28933768,0.02621338,-0.09144626,555,28,0.04739676,-0.06668703,-0.04305609
138,510768497,true,1,Right,0.937769,13,0.08272700,0.41609455,-0.02594471,158,449,-0.01500954,-0.00880290,-0.00380814
138,510768497,true,1,Right,0.937769,14,0.14117609,0.23010454,-0.05802470,271,248,0.00126326,-0.03484859,-0.01288985
138,510768497,true,1,Right,0.937769,15,0.18294008,0.11328112,-0.08704939,351,122,0.01407928,-0.05149230,-0.02716072
138,510768497,true,1,Right,0.937769,16,0.22398522,0.00643505,-0.10774448,430,6,0.02722716,-0.06706015,-0.04456863
138,510768497,true,1,Right,0.937769,17,0.00697578,0.41852518,-0.04305684,13,452,-0.03587671,-0.00388665,-0.01269303
138,510768497,true,1,Right,0.937769,18,0.03034090,0.26814241,-0.07899197,58,289,-0.02965453,-0.02525864,-0.01702071
138,510768497,true,1,Right,0.937769,19,0.04757093,0.16603684,-0.10048982,91,179,-0.02225979,-0.04493729,-0.02591421
138,510768497,true,1,Right,0.937769,20,0.06915629,0.06232043,-0.11469624,132,67,-0.01563782,-0.05916947,-0.04023513
139,510768563,true,0,Left,0.984081,0,0.80618415,0.94598241,0.00000063,1547,1021,0.03261939,0.07705585,0.03634891
139,510768563,true,0,Left,0.984081,1,0.70961364,0.93641151,-0.05135101,1362,1011,-0.00144995,0.06745075,0.01830232
139,510768563,true,0,Left,0.984081,2,0.61916178,0.88033951,-0.08791118,1188,950,-0.02794334,0.06052854,0.00796272
139,510768563,true,0,Left,0.984081,3,0.54655020,0.84909290,-0.11983947,1049,917,-0.05399133,0.05243502,-0.00706170
139,510768563,true,0,Left,0.984081,4,0.47433667,0.83581589,-0.15302356,910,902,-0.07967380,0.04131264,-0.01439164
139,510768563,true,0,Left,0.984081,5,0.64566581,0.58049239,-0.06383380,1239,626,-0.02899920,0.00752016,0.00349540
139,510768563,true,0,Left,0.984081,6,0.58970302,0.44617286,-0.10412337,1132,481,-0.04232694,-0.01730249,-0.00700492
139,510768563,true,0,Left,0.984081,7,0.55122284,0.37117771,-0.13651625,1058,400,-0.05359457,-0.03157648,-0.01568143
139,510768563,true,0,Left,0.984081,8,0.51234291,0.29596831,-0.16188929,983,319,-0.06822114,-0.03696365,-0.04612883
139,510768563,true,0,Left,0.984081,9,0.70878298,0.53088542,-0.07088518,1360,573,-0.00564335,-0.00333741,0.00519298
139,510768563,true,0,Left,0.984081,10,0.67409688,0.35897016,-0.10500354,1294,387,-0.01701796,-0.03661930,-0.00976740
139,510768563,true,0,Left,0.984081,11,0.64826165,0.25803534,-0.13417152,1244,278,-0.02819775,-0.05051054,-0.03443126
139,510768563,true,0,Left,0.984081,12,0.61852848,0.15795378,-0.15752534,1187,170,-0.03933856,-0.06518354,-0.05657850
139,510768563,true,0,Left,0.984081,13,0.77452593,0.53524096,-0.08358578,1487,578,0.01789647,-0.00677360,-0.00234744
139,510768563,true,0,Left,0.984081,14,0.75091332,0.37477996,-0.12263826,1441,404,0.00905004,-0.03094383,-0.01724983
139,510768563,true,0,Left,0.984081,15,0.73087913,0.28338837,-0.14653347,1403,306,-0.00015790,-0.04551804,-0.03859308
139,510768563,true,0,Left,0.984081,16,0.70404474,0.18872742,-0.16359394,1351,203,-0.01190795,-0.05946382,-0.05841883
139,510768563,true,0,Left,0.984081,17,0.84025491,0.57695583,-0.10000951,1613,623,0.03635358,0.00513467,-0.00591629
139,510768563,true,0,Left,0.984081,18,0.84259269,0.45009999,-0.13657654,1617,486,0.03673697,-0.01685490,-0.01232675
139,510768563,true,0,Left,0.984081,19,0.84130409,0.36543108,-0.15204648,1615,394,0.03356917,-0.03373466,-0.02622181
139,510768563,true,0,Left,0.984081,20,0.83381805,0.27573048,-0.16280701,1600,297,0.02585985,-0.04490435,-0.04312407
139,510768563,true,1,Right,0.946170,0,-0.02513477,0.88489313,0.00000071,-48,955,-0.05286412,0.07648399,-0.00331682
139,510768563,true,1,Right,0.946170,1,0.09389794,0.88994935,-0.04391762,180,961,-0.01286070,0.07088477,-0.01023959
139,510768563,true,1,Right,0.946170,2,0.20914869,0.81404074,-0.05920428,401,879,0.01886984,0.06255183,-0.00892906
139,510768563,true,1,Right,0.946170,3,0.29742300,0.72939537,-0.07321315,571,787,0.04984902,0.04874149,-0.00982587
139,510768563,true,1,Right,0.946170,4,0.37189684,0.66487371,-0.08689593,714,718,0.07300161,0.03203709,-0.00151134
139,510768563,true,1,Right,0.946170,5,0.20417422,0.52013933,-0.00949773,392,561,0.02323328,0.01087039,0.00645027
139,510768563,true,1,Right,0.946170,6,0.26819454,0.38057171,-0.03524151,514,411,0.04014934,-0.00914876,-0.00125345
139,510768563,true,1,Right,0.946170,7,0.30662771,0.29098497,-0.06284126,588,314,0.05065363,-0.02313503,-0.01210941
139,510768563,true,1,Right,0.946170,8,0.34243543,0.20703295,-0.08575713,657,223,0.05884445,-0.03381527,-0.04192999
139,510768563,true,1,Right,0.946170,9,0.15128822,0.44449873,-0.01385613,290,480,0.00319175,-0.00376362,0.00642588
139,510768563,true,1,Right,0.946170,10,0.21043069,0.25953445,-0.03825892,404,280,0.02474224,-0.03352930,-0.00279325
139,510768563,true,1,Right,0.946170,11,0.25145261,0.13659313,-0.06784309,482,147,0.03380514,-0.05052374,-0.02275437
139,510768563,true,1,Right,0.946170,12,0.28888739,0.02918046,-0.09141394,554,31,0.04714743,-0.06709043,-0.04346677
139,510768563,true,1,Right,0.946170,13,0.08591284,0.41484547,-0.02665989,164,448,-0.01532444,-0.00890677,-0.00381328
139,510768563,true,1,Right,0.946170,14,0.14468976,0.22984991,-0.05894336,277,248,0.00121974,-0.03534840,-0.01242051
139,510768563,true,1,Right,0.946170,15,0.18585199,0.11334524,-0.08791381,356,122,0.01398480,-0.05188079,-0.02675031
139,510768563,true,1,Right,0.946170,16,0.22614265,0.00671502,-0.10855546,434,7,0.02752850,-0.06787275,-0.04425147
139,510768563,true,1,Right,0.946170,17,0.01066977,0.41730772,-0.04400344,20,450,-0.03645407,-0.00418770,-0.01283889
139,510768563,true,1,Right,0.946170,18,0.03376034,0.26885807,-0.08080094,64,290,-0.03025249,-0.02577527,-0.01708686
139,510768563,true,1,Right,0.946170,19,0.05133720,0.16634106,-0.10279696,98,179,-0.02266161,-0.04571405,-0.02584744
139,510768563,true,1,Right,0.946170,20,0.07289584,0.06188061,-0.11720047,139,66,-0.01596402,-0.06026388,-0.04003878
140,510768628,true,0,Left,0.985821,0,0.80489868,0.94648552,0.00000061,1545,1022,0.03261789,0.07706928,0.03712124
140,510768628,true,0,Left,0.985821,1,0.70979863,0.93705282,-0.04905116,1362,1012,-0.00151503,0.06763238,0.01861864
140,510768628,true,0,Left,0.985821,2,0.62125017,0.88167994,-0.08394956,1192,952,-0.02782551,0.06073695,0.00821960
140,510768628,true,0,Left,0.985821,3,0.55132916,0.85105642,-0.11451476,1058,919,-0.05376971,0.05297969,-0.00745778
140,510768628,true,0,Left,0.985821,4,0.48170593,0.83655621,-0.14632623,924,903,-0.07934797,0.04181932,-0.01502909
140,510768628,true,0,Left,0.985821,5,0.64642637,0.58688066,-0.06046379,1241,633,-0.02908477,0.00782285,0.00344419
140,510768628,true,0,Left,0.985821,6,0.59178022,0.45555286,-0.09958837,1136,491,-0.04222977,-0.01717957,-0.00735422
140,510768628,true,0,Left,0.985821,7,0.55407442,0.38359810,-0.13143936,1063,414,-0.05399531,-0.03138680,-0.01662303
140,510768628,true,0,Left,0.985821,8,0.51577924,0.31162958,-0.15631104,990,336,-0.06823360,-0.03624707,-0.04757093
140,510768628,true,0,Left,0.985821,9,0.70833128,0.53790772,-0.06761466,1359,580,-0.00573986,-0.00341408,0.00510521
140,510768628,true,0,Left,0.985821,10,0.67458216,0.36942062,-0.10053035,1295,398,-0.01700545,-0.03659497,-0.01028431
140,510768628,true,0,Left,0.985821,11,0.64979784,0.27166768,-0.12916451,1247,293,-0.02807384,-0.05025612,-0.03539541
140,510768628,true,0,Left,0.985821,12,0.62072933,0.17442906,-0.15205627,1191,188,-0.03929768,-0.06452228,-0.05790533
140,510768628,true,0,Left,0.985821,13,0.77314962,0.54193022,-0.08027185,1484,585,0.01806774,-0.00679789,-0.00216937
140,510768628,true,0,Left,0.985821,14,0.74982502,0.38391715,-0.11795892,1439,414,0.00903917,-0.03107132,-0.01746451
140,510768628,true,0,Left,0.985821,15,0.73043074,0.29396809,-0.14145728,1402,317,0.00024902,-0.04545264,-0.03917990
140,510768628,true,0,Left,0.985821,16,0.70421265,0.20073442,-0.15834335,1352,216,-0.01192716,-0.05915397,-0.05937905
140,510768628,true,0,Left,0.985821,17,0.83797896,0.58308490,-0.09652619,1608,629,0.03667653,0.00513721,-0.00574593
140,510768628,true,0,Left,0.985821,18,0.84030376,0.45814964,-0.13194477,1613,494,0.03683469,-0.01685145,-0.01223523
140,510768628,true,0,Left,0.985821,19,0.83904782,0.37516792,-0.14708162,1610,405,0.03384992,-0.03354067,-0.02652963
140,510768628,true,0,Left,0.985821,20,0.83167033,0.28733744,-0.15762963,1596,310,0.02598761,-0.04469662,-0.04375239
140,510768628,true,1,Right,0.951687,0,-0.02380964,0.88088380,0.00000070,-45,951,-0.05307518,0.07677413,-0.00466428
140,510768628,true,1,Right,0.951687,1,0.09433157,0.88650272,-0.04293504,181,957,-0.01270082,0.07119417,-0.01180668
140,510768628,true,1,Right,0.951687,2,0.20936580,0.81083650,-0.05699832,401,875,0.01920014,0.06247570,-0.01018465
140,510768628,true,1,Right,0.951687,3,0.29775341,0.72845414,-0.06980463,571,786,0.05041592,0.04879475,-0.01072700
140,510768628,true,1,Right,0.951687,4,0.37170750,0.66572608,-0.08234435,713,718,0.07365430,0.03187208,-0.00201171
140,510768628,true,1,Right,0.951687,5,0.20499233,0.51914709,-0.00765000,393,560,0.02369064,0.01099015,0.00637516
140,510768628,true,1,Right,0.951687,6,0.26833707,0.38137708,-0.03200191,515,411,0.04037757,-0.00901393,-0.00149523
140,510768628,true,1,Right,0.951687,7,0.30595998,0.29304762,-0.05876250,587,316,0.05072978,-0.02297938,-0.01272543
140,510768628,true,1,Right,0.951687,8,0.34101009,0.20990013,-0.08135752,654,226,0.05875077,-0.03371941,-0.04276012
140,510768628,true,1,Right,0.951687,9,0.15197776,0.44436576,-0.01211059,291,479,0.00325686,-0.00370208,0.00655222
140,510768628,true,1,Right,0.951687,10,0.21057174,0.26199532,-0.03525221,404,282,0.02486728,-0.03355257,-0.00253493
140,510768628,true,1,Right,0.951687,11,0.25110295,0.14159620,-0.06434754,482,152,0.03370573,-0.05058239,-0.02319847
140,510768628,true,1,Right,0.951687,12,0.28773519,0.03740796,-0.08764090,552,40,0.04698781,-0.06706471,-0.04435891
140,510768628,true,1,Right,0.951687,13,0.08676874,0.41502794,-0.02500829,166,448,-0.01554377,-0.00902422,-0.00369574
140,510768628,true,1,Right,0.951687,14,0.14484592,0.23125147,-0.05628953,278,249,0.00107572,-0.03584216,-0.01206652
140,510768628,true,1,Right,0.951687,15,0.18591918,0.11606968,-0.08513999,356,125,0.01395154,-0.05224278,-0.02643495
140,510768628,true,1,Right,0.951687,16,0.22622613,0.01065336,-0.10585378,434,11,0.02770915,-0.06844743,-0.04428543
140,510768628,true,1,Right,0.951687,17,0.01191443,0.41769958,-0.04240943,22,451,-0.03704037,-0.00439713,-0.01288943
140,510768628,true,1,Right,0.951687,18,0.03477143,0.27125843,-0.07861668,66,292,-0.03066651,-0.02623358,-0.01690725
140,510768628,true,1,Right,0.951687,19,0.05223202,0.16849624,-0.10057024,100,181,-0.02299269,-0.04644634,-0.02547896
140,510768628,true,1,Right,0.951687,20,0.07407499,0.06339680,-0.11507933,142,68,-0.01616957,-0.06126704,-0.03953235
141,510768693,true,0,Left,0.987659,0,0.80293023,0.94651497,0.00000061,1541,1022,0.03258867,0.07698037,0.03774004
141,510768693,true,0,Left,0.987659,1,0.70986795,0.93693637,-0.04827224,1362,1011,-0.00148639,0.06770888,0.01888652
141,510768693,true,0,Left,0.987659,2,0.62337005,0.88317766,-0.08319032,1196,953,-0.02765664,0.06080591,0.00844065
141,510768693,true,0,Left,0.987659,3,0.55488591,0.85323754,-0.11395906,1065,921,-0.05360505,0.05333972,-0.00783270
141,510768693,true,0,Left,0.987659,4,0.48698085,0.83701262,-0.14600329,935,903,-0.07898094,0.04189992,-0.01542195
141,510768693,true,0,Left,0.987659,5,0.64686985,0.59178685,-0.05919419,1241,639,-0.02920601,0.00811354,0.00348122
141,510768693,true,0,Left,0.987659,6,0.59291593,0.46314658,-0.09807320,1138,500,-0.04224347,-0.01699210,-0.00758288
141,510768693,true,0,Left,0.987659,7,0.55613678,0.39305715,-0.12995433,1067,424,-0.05442063,-0.03128949,-0.01732259
141,510768693,true,0,Left,0.987659,8,0.51881531,0.32210616,-0.15492441,996,347,-0.06808072,-0.03568849,-0.04832666
141,510768693,true,0,Left,0.987659,9,0.70779772,0.54313327,-0.06634247,1358,586,-0.00581490,-0.00348598,0.00505247
141,510768693,true,0,Left,0.987659,10,0.67456842,0.37730958,-0.09925436,1295,407,-0.01709461,-0.03660852,-0.01060655
141,510768693,true,0,Left,0.987659,11,0.65011884,0.28165160,-0.12816006,1248,304,-0.02825698,-0.05016964,-0.03607875
141,510768693,true,0,Left,0.987659,12,0.62131983,0.18695732,-0.15123402,1192,201,-0.03948063,-0.06386040,-0.05875119
141,510768693,true,0,Left,0.987659,13,0.77193998,0.54735516,-0.07894261,1482,591,0.01821599,-0.00679560,-0.00207127
141,510768693,true,0,Left,0.987659,14,0.74859795,0.38979362,-0.11630727,1437,420,0.00876989,-0.03130568,-0.01768888
141,510768693,true,0,Left,0.987659,15,0.72930184,0.30105000,-0.13971160,1400,325,0.00046942,-0.04553124,-0.03952589
141,510768693,true,0,Left,0.987659,16,0.70340649,0.20887047,-0.15663737,1350,225,-0.01225986,-0.05892815,-0.05996580
141,510768693,true,0,Left,0.987659,17,0.83626614,0.58836661,-0.09512530,1605,635,0.03692788,0.00512988,-0.00571176
141,510768693,true,0,Left,0.987659,18,0.83832087,0.46464322,-0.13027338,1609,501,0.03681332,-0.01695909,-0.01235064
141,510768693,true,0,Left,0.987659,19,0.83688953,0.38195097,-0.14532556,1606,412,0.03407451,-0.03349060,-0.02695411
141,510768693,true,0,Left,0.987659,20,0.82949621,0.29425164,-0.15584213,1592,317,0.02596386,-0.04466103,-0.04425120
141,510768693,true,1,Right,0.951820,0,-0.02017558,0.87930266,0.00000069,-38,949,-0.05270531,0.07664612,-0.00428639
141,510768693,true,1,Right,0.951820,1,0.09678322,0.88516135,-0.04187234,185,955,-0.01253022,0.07115554,-0.01191230
141,510768693,true,1,Right,0.951820,2,0.21060509,0.81179401,-0.05487753,404,876,0.01956458,0.06240908,-0.01064154
141,510768693,true,1,Right,0.951820,3,0.29847730,0.73220767,-0.06687233,573,790,0.05050532,0.04897078,-0.01131969
141,510768693,true,1,Right,0.951820,4,0.37164985,0.67093088,-0.07872038,713,724,0.07374534,0.03216935,-0.00282548
141,510768693,true,1,Right,0.951820,5,0.20663001,0.52091842,-0.00536264,396,562,0.02382819,0.01102404,0.00614523
141,510768693,true,1,Right,0.951820,6,0.26851368,0.38559120,-0.02818051,515,416,0.04033368,-0.00890708,-0.00204557
141,510768693,true,1,Right,0.951820,7,0.30540189,0.30066808,-0.05409135,586,324,0.05052344,-0.02264471,-0.01377178
141,510768693,true,1,Right,0.951820,8,0.34006894,0.22050738,-0.07625287,652,238,0.05847548,-0.03336338,-0.04448574
141,510768693,true,1,Right,0.951820,9,0.15382525,0.44736826,-0.01012596,295,483,0.00323186,-0.00364065,0.00660070
141,510768693,true,1,Right,0.951820,10,0.21111954,0.26869248,-0.03211999,405,290,0.02487371,-0.03358479,-0.00233452
141,510768693,true,1,Right,0.951820,11,0.25115501,0.14958478,-0.06097023,482,161,0.03347149,-0.05071280,-0.02352924
141,510768693,true,1,Right,0.951820,12,0.28726708,0.04607910,-0.08424131,551,49,0.04678335,-0.06750690,-0.04527113
141,510768693,true,1,Right,0.951820,13,0.08893638,0.41930219,-0.02333141,170,452,-0.01559025,-0.00911423,-0.00355720
141,510768693,true,1,Right,0.951820,14,0.14542280,0.23791664,-0.05414370,279,256,0.00095740,-0.03608814,-0.01194873
141,510768693,true,1,Right,0.951820,15,0.18560915,0.12464356,-0.08348864,356,134,0.01372130,-0.05239085,-0.02676968
141,510768693,true,1,Right,0.951820,16,0.22525878,0.01965690,-0.10452722,432,21,0.02737764,-0.06873099,-0.04505252
141,510768693,true,1,Right,0.951820,17,0.01437485,0.42267626,-0.04087848,27,456,-0.03738392,-0.00437986,-0.01258796
141,510768693,true,1,Right,0.951820,18,0.03672679,0.27958974,-0.07723350,70,301,-0.03085140,-0.02631163,-0.01651469
141,510768693,true,1,Right,0.951820,19,0.05388743,0.17706971,-0.09946728,103,191,-0.02318903,-0.04672295,-0.02543032
141,510768693,true,1,Right,0.951820,20,0.07567073,0.07074096,-0.11425270,145,76,-0.01631297,-0.06177853,-0.03929981
142,510768768,true,0,Left,0.988690,0,0.79968631,0.94357302,0.00000061,1535,1019,0.03250998,0.07681649,0.03839307
142,510768768,true,0,Left,0.988690,1,0.70902832,0.93420689,-0.04707977,1361,1008,-0.00148661,0.06787377,0.01953956
142,510768768,true,0,Left,0.988690,2,0.62417038,0.88089851,-0.08167275,1198,951,-0.02758148,0.06072804,0.00906038
142,510768768,true,0,Left,0.988690,3,0.55700366,0.85147651,-0.11232383,1069,919,-0.05323722,0.05347902,-0.00798367
142,510768768,true,0,Left,0.988690,4,0.48986733,0.83513764,-0.14438946,940,901,-0.07880469,0.04199221,-0.01523566
142,510768768,true,0,Left,0.988690,5,0.64705309,0.59160361,-0.05825485,1242,638,-0.02926114,0.00825524,0.00357122
142,510768768,true,0,Left,0.988690,6,0.59317967,0.46556995,-0.09664538,1138,502,-0.04246709,-0.01683855,-0.00765654
142,510768768,true,0,Left,0.988690,7,0.55674252,0.39597458,-0.12818903,1068,427,-0.05487389,-0.03121731,-0.01760812
142,510768768,true,0,Left,0.988690,8,0.51983344,0.32486633,-0.15296480,998,350,-0.06822063,-0.03562478,-0.04840963
142,510768768,true,0,Left,0.988690,9,0.70697070,0.54345291,-0.06572319,1357,586,-0.00581516,-0.00355999,0.00494071
142,510768768,true,0,Left,0.988690,10,0.67397265,0.37726350,-0.09848467,1294,407,-0.01727174,-0.03685800,-0.01088699
142,510768768,true,0,Left,0.988690,11,0.64931770,0.28023560,-0.12757092,1246,302,-0.02852124,-0.05055374,-0.03614640
142,510768768,true,0,Left,0.988690,12,0.62053302,0.18541257,-0.15074606,1191,200,-0.03980561,-0.06400717,-0.05883555
142,510768768,true,0,Left,0.988690,13,0.77033410,0.54809726,-0.07846546,1479,591,0.01830531,-0.00674247,-0.00209845
142,510768768,true,0,Left,0.988690,14,0.74675912,0.39040135,-0.11559053,1433,421,0.00860669,-0.03155228,-0.01792400
142,510768768,true,0,Left,0.988690,15,0.72666541,0.30197208,-0.13923304,1395,326,0.00032900,-0.04572748,-0.03989770
142,510768768,true,0,Left,0.988690,16,0.70058682,0.21040907,-0.15636432,1345,227,-0.01298550,-0.05891026,-0.06012508
142,510768768,true,0,Left,0.988690,17,0.83389567,0.58957884,-0.09467155,1601,636,0.03710616,0.00526850,-0.00569365
142,510768768,true,0,Left,0.988690,18,0.83532035,0.46706613,-0.12953735,1603,504,0.03677173,-0.01682066,-0.01264885
142,510768768,true,0,Left,0.988690,19,0.83348702,0.38513650,-0.14445907,1600,415,0.03410333,-0.03323633,-0.02759733
142,510768768,true,0,Left,0.988690,20,0.82592349,0.29866474,-0.15490154,1585,322,0.02583573,-0.04448573,-0.04485409
142,510768768,true,1,Right,0.973724,0,-0.01698590,0.87791871,0.00000067,-32,948,-0.05279627,0.07624261,-0.00359623
142,510768768,true,1,Right,0.973724,1,0.09902147,0.88579958,-0.04106855,190,956,-0.01260000,0.07076764,-0.01160352
142,510768768,true,1,Right,0.973724,2,0.21242908,0.81438037,-0.05357973,407,879,0.01997327,0.06231175,-0.01054367
142,510768768,true,1,Right,0.973724,3,0.30073535,0.73614844,-0.06525984,577,795,0.05092289,0.04910307,-0.01160320
142,510768768,true,1,Right,0.973724,4,0.37338332,0.67878316,-0.07715883,716,733,0.07409396,0.03277352,-0.00400813
142,510768768,true,1,Right,0.973724,5,0.20910699,0.52553208,-0.00528715,401,567,0.02402396,0.01115209,0.00622313
142,510768768,true,1,Right,0.973724,6,0.27074235,0.39305049,-0.02808116,519,424,0.04049568,-0.00883841,-0.00209336
142,510768768,true,1,Right,0.973724,7,0.30720656,0.31077865,-0.05406686,589,335,0.05072021,-0.02246747,-0.01409376
142,510768768,true,1,Right,0.973724,8,0.34166294,0.23207241,-0.07623790,655,250,0.05866137,-0.03334918,-0.04531481
142,510768768,true,1,Right,0.973724,9,0.15710197,0.45452343,-0.01024664,301,490,0.00322321,-0.00356799,0.00668254
142,510768768,true,1,Right,0.973724,10,0.21362810,0.28023922,-0.03243050,410,302,0.02496692,-0.03338962,-0.00251835
142,510768768,true,1,Right,0.973724,11,0.25305439,0.16313458,-0.06159666,485,176,0.03341521,-0.05056457,-0.02425236
142,510768768,true,1,Right,0.973724,12,0.28883683,0.05887674,-0.08505847,554,63,0.04682527,-0.06788747,-0.04645654
142,510768768,true,1,Right,0.973724,13,0.09259672,0.42808302,-0.02349486,177,462,-0.01571301,-0.00917137,-0.00354908
142,510768768,true,1,Right,0.973724,14,0.14809590,0.25236356,-0.05444258,284,272,0.00088114,-0.03583397,-0.01216787
142,510768768,true,1,Right,0.973724,15,0.18815994,0.14035601,-0.08396974,361,151,0.01376830,-0.05224997,-0.02727626
142,510768768,true,1,Right,0.973724,16,0.22782182,0.03463709,-0.10512674,437,37,0.02760146,-0.06882604,-0.04592289
142,510768768,true,1,Right,0.973724,17,0.01735221,0.43181114,-0.04096329,33,466,-0.03774015,-0.00444188,-0.01257936
142,510768768,true,1,Right,0.973724,18,0.04064598,0.29070803,-0.07725284,78,313,-0.03091975,-0.02636340,-0.01651104
142,510768768,true,1,Right,0.973724,19,0.05869336,0.19109940,-0.09942437,112,206,-0.02304431,-0.04660947,-0.02561786
142,510768768,true,1,Right,0.973724,20,0.08140078,0.08686965,-0.11418438,156,93,-0.01596108,-0.06192246,-0.03965949
143,510768826,true,0,Left,0.989894,0,0.79713099,0.93493331,0.00000061,1530,1009,0.03268224,0.07681398,0.03810463
143,510768826,true,0,Left,0.989894,1,0.70781522,0.92573240,-0.04644369,1359,999,-0.00123067,0.06792011,0.01954598
143,510768826,true,0,Left,0.989894,2,0.62405859,0.87467415,-0.08120838,1198,944,-0.02733997,0.06063403,0.00907514
143,510768826,true,0,Left,0.989894,3,0.55716897,0.84707947,-0.11221520,1069,914,-0.05280723,0.05328773,-0.00834468
143,510768826,true,0,Left,0.989894,4,0.49011950,0.83197949,-0.14474711,941,898,-0.07861679,0.04196906,-0.01507797
143,510768826,true,0,Left,0.989894,5,0.64625543,0.58806712,-0.05838271,1240,635,-0.02924964,0.00824023,0.00368530
143,510768826,true,0,Left,0.989894,6,0.59203430,0.46244655,-0.09682561,1136,499,-0.04274672,-0.01681438,-0.00746385
143,510768826,true,0,Left,0.989894,7,0.55538242,0.39301555,-0.12834204,1066,424,-0.05541598,-0.03122846,-0.01729703
143,510768826,true,0,Left,0.989894,8,0.51825853,0.32184811,-0.15312748,995,347,-0.06857008,-0.03585625,-0.04777997
143,510768826,true,0,Left,0.989894,9,0.70492172,0.54034585,-0.06601616,1353,583,-0.00585458,-0.00353040,0.00492741
143,510768826,true,0,Left,0.989894,10,0.67196854,0.37491777,-0.09925659,1290,404,-0.01735667,-0.03680312,-0.01116963
143,510768826,true,0,Left,0.989894,11,0.64715330,0.27856544,-0.12866658,1242,300,-0.02869560,-0.05061492,-0.03603509
143,510768826,true,0,Left,0.989894,12,0.61806991,0.18415289,-0.15201862,1186,198,-0.04013844,-0.06378896,-0.05868712
143,510768826,true,0,Left,0.989894,13,0.76743335,0.54511915,-0.07878321,1473,588,0.01841759,-0.00670562,-0.00220024
143,510768826,true,0,Left,0.989894,14,0.74413593,0.38809735,-0.11614633,1428,419,0.00858371,-0.03160442,-0.01825670
143,510768826,true,0,Left,0.989894,15,0.72350577,0.30015277,-0.13998829,1389,324,0.00023800,-0.04581643,-0.03989802
143,510768826,true,0,Left,0.989894,16,0.69686730,0.20876236,-0.15716730,1337,225,-0.01343871,-0.05889121,-0.05961349
143,510768826,true,0,Left,0.989894,17,0.83016131,0.58633203,-0.09493783,1593,633,0.03724501,0.00529739,-0.00581058
143,510768826,true,0,Left,0.989894,18,0.83089645,0.46259177,-0.12967485,1595,499,0.03665460,-0.01682081,-0.01290607
143,510768826,true,0,Left,0.989894,19,0.82799726,0.38015748,-0.14454229,1589,410,0.03393342,-0.03334669,-0.02762057
143,510768826,true,0,Left,0.989894,20,0.81904738,0.29337969,-0.15494566,1572,316,0.02542538,-0.04480865,-0.04453270
143,510768826,true,1,Right,0.971059,0,-0.01536693,0.87918997,0.00000068,-29,949,-0.05323366,0.07619340,-0.00341439
143,510768826,true,1,Right,0.971059,1,0.09929998,0.88776317,-0.04105716,190,958,-0.01278940,0.07057479,-0.01182617
143,510768826,true,1,Right,0.971059,2,0.21269159,0.81738549,-0.05394771,408,882,0.02013150,0.06219749,-0.01086937
143,510768826,true,1,Right,0.971059,3,0.30126665,0.74230870,-0.06602147,578,801,0.05113575,0.04921865,-0.01237532
143,510768826,true,1,Right,0.971059,4,0.37441815,0.68919089,-0.07830614,718,744,0.07415858,0.03321502,-0.00601312
143,510768826,true,1,Right,0.971059,5,0.21101166,0.52914908,-0.00587432,405,571,0.02429903,0.01113718,0.00628664
143,510768826,true,1,Right,0.971059,6,0.27353409,0.39815632,-0.02876324,525,430,0.04077184,-0.00888472,-0.00228364
143,510768826,true,1,Right,0.971059,7,0.31012268,0.31719299,-0.05486273,595,342,0.05104683,-0.02239512,-0.01444975
143,510768826,true,1,Right,0.971059,8,0.34512235,0.23933888,-0.07710014,662,258,0.05908885,-0.03351371,-0.04555605
143,510768826,true,1,Right,0.971059,9,0.15903733,0.45913148,-0.01080556,305,495,0.00328391,-0.00361012,0.00661418
143,510768826,true,1,Right,0.971059,10,0.21545153,0.28807672,-0.03311398,413,311,0.02499627,-0.03322897,-0.00275273
143,510768826,true,1,Right,0.971059,11,0.25436785,0.17215929,-0.06247736,488,185,0.03326998,-0.05027427,-0.02516360
143,510768826,true,1,Right,0.971059,12,0.28996047,0.06742979,-0.08618074,556,72,0.04667611,-0.06777812,-0.04769320
143,510768826,true,1,Right,0.971059,13,0.09451798,0.43335906,-0.02395784,181,468,-0.01582168,-0.00908069,-0.00346635
143,510768826,true,1,Right,0.971059,14,0.14902972,0.26137068,-0.05483137,286,282,0.00074294,-0.03573251,-0.01214572
143,510768826,true,1,Right,0.971059,15,0.18905370,0.15058048,-0.08429689,362,162,0.01357627,-0.05211155,-0.02725942
143,510768826,true,1,Right,0.971059,16,0.22850269,0.04570685,-0.10539431,438,49,0.02775913,-0.06880358,-0.04601753
143,510768826,true,1,Right,0.971059,17,0.01920629,0.43726672,-0.04133431,36,472,-0.03789852,-0.00446201,-0.01266263
143,510768826,true,1,Right,0.971059,18,0.04432794,0.29635619,-0.07730841,85,320,-0.03079404,-0.02665021,-0.01636268
143,510768826,true,1,Right,0.971059,19,0.06316723,0.19740426,-0.09929050,121,213,-0.02259227,-0.04663629,-0.02523493
143,510768826,true,1,Right,0.971059,20,0.08645834,0.09411308,-0.11392581,166,101,-0.01524466,-0.06203454,-0.03950423
144,510768895,true,0,Left,0.987118,0,0.79375036,0.92480862,0.00000061,1524,998,0.03290545,0.07688348,0.03780033
144,510768895,true,0,Left,0.987118,1,0.70491170,0.91537098,-0.04639117,1353,988,-0.00087862,0.06806921,0.01937055
144,510768895,true,0,Left,0.987118,2,0.62162345,0.86588369,-0.08132998,1193,935,-0.02718874,0.06053498,0.00942427
144,510768895,true,0,Left,0.987118,3,0.55436551,0.83742383,-0.11241932,1064,904,-0.05272089,0.05307577,-0.00782263
144,510768895,true,0,Left,0.987118,4,0.48756007,0.82123897,-0.14496966,936,886,-0.07869906,0.04177624,-0.01383131
144,510768895,true,0,Left,0.987118,5,0.64312384,0.58469978,-0.05894774,1234,631,-0.02916842,0.00826153,0.00384929
144,510768895,true,0,Left,0.987118,6,0.58920774,0.45889475,-0.09740437,1131,495,-0.04298233,-0.01675177,-0.00735263
144,510768895,true,0,Left,0.987118,7,0.55272065,0.38932552,-0.12875537,1061,420,-0.05578663,-0.03103048,-0.01717244
144,510768895,true,0,Left,0.987118,8,0.51550887,0.31836539,-0.15339812,989,343,-0.06894798,-0.03569726,-0.04740415
144,510768895,true,0,Left,0.987118,9,0.70047617,0.53649850,-0.06643780,1344,579,-0.00583917,-0.00354149,0.00481075
144,510768895,true,0,Left,0.987118,10,0.66721465,0.37060725,-0.09998816,1281,400,-0.01756801,-0.03679895,-0.01109626
144,510768895,true,0,Left,0.987118,11,0.64205468,0.27359657,-0.12953312,1232,295,-0.02915171,-0.05071465,-0.03594064
144,510768895,true,0,Left,0.987118,12,0.61257262,0.17921781,-0.15290967,1176,193,-0.04081658,-0.06362835,-0.05870817
144,510768895,true,0,Left,0.987118,13,0.76234455,0.54065978,-0.07897468,1463,583,0.01850129,-0.00670608,-0.00224351
144,510768895,true,0,Left,0.987118,14,0.73915814,0.38403576,-0.11657132,1419,414,0.00838914,-0.03180265,-0.01851626
144,510768895,true,0,Left,0.987118,15,0.71803313,0.29651847,-0.14070398,1378,320,-0.00004380,-0.04566357,-0.04014695
144,510768895,true,0,Left,0.987118,16,0.69102788,0.20574590,-0.15799345,1326,222,-0.01398650,-0.05850914,-0.05986924
144,510768895,true,0,Left,0.987118,17,0.82470611,0.58090638,-0.09482342,1583,627,0.03726802,0.00515943,-0.00594970
144,510768895,true,0,Left,0.987118,18,0.82447430,0.45783082,-0.12971799,1582,494,0.03622878,-0.01706351,-0.01316209
144,510768895,true,0,Left,0.987118,19,0.82061498,0.37528088,-0.14479526,1575,405,0.03360383,-0.03346764,-0.02789664
144,510768895,true,0,Left,0.987118,20,0.81073100,0.28857930,-0.15527731,1556,311,0.02489425,-0.04490752,-0.04474726
144,510768895,true,1,Right,0.971428,0,-0.01560129,0.87707950,0.00000068,-29,947,-0.05403190,0.07599809,-0.00268257
144,510768895,true,1,Right,0.971428,1,0.09976642,0.88914303,-0.04061654,191,960,-0.01318181,0.07037876,-0.01164495
144,510768895,true,1,Right,0.971428,2,0.21390336,0.82031512,-0.05288358,410,885,0.02011946,0.06213418,-0.01064558
144,510768895,true,1,Right,0.971428,3,0.30307135,0.74660917,-0.06439597,581,806,0.05117197,0.04945311,-0.01247595
144,510768895,true,1,Right,0.971428,4,0.37645915,0.69553323,-0.07612884,722,751,0.07407354,0.03397513,-0.00668697
144,510768895,true,1,Right,0.971428,5,0.21327178,0.53119605,-0.00509093,409,573,0.02442327,0.01120626,0.00629466
144,510768895,true,1,Right,0.971428,6,0.27646411,0.39997515,-0.02711407,530,431,0.04093108,-0.00887617,-0.00235118
144,510768895,true,1,Right,0.971428,7,0.31337296,0.31985013,-0.05255955,601,345,0.05126617,-0.02228974,-0.01456338
144,510768895,true,1,Right,0.971428,8,0.34909557,0.24341504,-0.07434975,670,262,0.05942770,-0.03353579,-0.04583650
144,510768895,true,1,Right,0.971428,9,0.16170829,0.46144485,-0.01011811,310,498,0.00339239,-0.00358733,0.00655456
144,510768895,true,1,Right,0.971428,10,0.21847539,0.29056456,-0.03166387,419,313,0.02492462,-0.03316624,-0.00293995
144,510768895,true,1,Right,0.971428,11,0.25734628,0.17505984,-0.06065639,494,189,0.03304525,-0.05004703,-0.02567564
144,510768895,true,1,Right,0.971428,12,0.29289995,0.07109024,-0.08413702,562,76,0.04662200,-0.06775452,-0.04840638
144,510768895,true,1,Right,0.971428,13,0.09766005,0.43596353,-0.02337345,187,470,-0.01587899,-0.00898570,-0.00338039
144,510768895,true,1,Right,0.971428,14,0.15147806,0.26605475,-0.05376012,290,287,0.00055160,-0.03543550,-0.01220449
144,510768895,true,1,Right,0.971428,15,0.19153930,0.15569120,-0.08309682,367,168,0.01334218,-0.05200556,-0.02767812
144,510768895,true,1,Right,0.971428,16,0.23079273,0.05145680,-0.10405345,443,55,0.02791790,-0.06873809,-0.04642924
144,510768895,true,1,Right,0.971428,17,0.02274785,0.44002746,-0.04085163,43,475,-0.03799006,-0.00454168,-0.01277539
144,510768895,true,1,Right,0.971428,18,0.04922431,0.29911604,-0.07641517,94,323,-0.03074803,-0.02664699,-0.01621642
144,510768895,true,1,Right,0.971428,19,0.06840378,0.20065420,-0.09836076,131,216,-0.02225140,-0.04659678,-0.02511567
144,510768895,true,1,Right,0.971428,20,0.09159636,0.09781610,-0.11301015,175,105,-0.01470632,-0.06211179,-0.03984458
145,510768963,true,0,Left,0.987503,0,0.78851828,0.91855088,0.00000060,1513,992,0.03319614,0.07691926,0.03777564
145,510768963,true,0,Left,0.987503,1,0.69977292,0.90987187,-0.04547406,1343,982,-0.00045620,0.06811325,0.01949461
145,510768963,true,0,Left,0.987503,2,0.61649553,0.86012930,-0.07967489,1183,928,-0.02696987,0.06052180,0.00963551
145,510768963,true,0,Left,0.987503,3,0.55048502,0.83052698,-0.11007324,1056,896,-0.05229087,0.05304621,-0.00766546
145,510768963,true,0,Left,0.987503,4,0.48482979,0.81462632,-0.14189163,930,879,-0.07830772,0.04174427,-0.01396062
145,510768963,true,0,Left,0.987503,5,0.63691737,0.58153037,-0.05827868,1222,628,-0.02920214,0.00830577,0.00408302
145,510768963,true,0,Left,0.987503,6,0.58260506,0.45663859,-0.09632914,1118,493,-0.04314239,-0.01662610,-0.00719850
145,510768963,true,0,Left,0.987503,7,0.54600486,0.38697359,-0.12715524,1048,417,-0.05627232,-0.03099333,-0.01700126
145,510768963,true,0,Left,0.987503,8,0.50848983,0.31654617,-0.15126377,976,341,-0.06931148,-0.03541172,-0.04688037
145,510768963,true,0,Left,0.987503,9,0.69370202,0.53326101,-0.06586861,1331,575,-0.00593114,-0.00353473,0.00469991
145,510768963,true,0,Left,0.987503,10,0.65997619,0.36857858,-0.09923113,1267,398,-0.01776834,-0.03670809,-0.01099616
145,510768963,true,0,Left,0.987503,11,0.63452633,0.27195452,-0.12851538,1218,293,-0.02955043,-0.05056395,-0.03586791
145,510768963,true,0,Left,0.987503,12,0.60433178,0.17867910,-0.15155965,1160,192,-0.04135370,-0.06310207,-0.05830581
145,510768963,true,0,Left,0.987503,13,0.75539803,0.53659060,-0.07838993,1450,579,0.01854486,-0.00675659,-0.00236990
145,510768963,true,0,Left,0.987503,14,0.73219182,0.38152616,-0.11559968,1405,412,0.00820274,-0.03189082,-0.01872718
145,510768963,true,0,Left,0.987503,15,0.71076963,0.29472154,-0.13941592,1364,318,-0.00016824,-0.04542759,-0.04030581
145,510768963,true,0,Left,0.987503,16,0.68321236,0.20509355,-0.15635746,1311,221,-0.01428545,-0.05786787,-0.06008726
145,510768963,true,0,Left,0.987503,17,0.81764965,0.57525529,-0.09413126,1569,621,0.03742239,0.00502242,-0.00614944
145,510768963,true,0,Left,0.987503,18,0.81641993,0.45131584,-0.12838035,1567,487,0.03595285,-0.01733893,-0.01336631
145,510768963,true,0,Left,0.987503,19,0.81140735,0.36979776,-0.14299855,1557,399,0.03331823,-0.03374205,-0.02788059
145,510768963,true,0,Left,0.987503,20,0.79994498,0.28442806,-0.15307246,1535,307,0.02413724,-0.04495780,-0.04464204
145,510768963,true,1,Right,0.971602,0,-0.01503822,0.87334871,0.00000069,-28,943,-0.05469249,0.07577379,-0.00306046
145,510768963,true,1,Right,0.971602,1,0.10288755,0.88858860,-0.03947285,197,959,-0.01327797,0.07010461,-0.01137293
145,510768963,true,1,Right,0.971602,2,0.21697222,0.82347261,-0.05049985,416,889,0.02029276,0.06206333,-0.00949904
145,510768963,true,1,Right,0.971602,3,0.30653841,0.75097930,-0.06118583,588,811,0.05150087,0.04981519,-0.01086658
145,510768963,true,1,Right,0.971602,4,0.37990274,0.69921859,-0.07216358,729,755,0.07402038,0.03486175,-0.00457789
145,510768963,true,1,Right,0.971602,5,0.21560717,0.53374918,-0.00099681,413,576,0.02467724,0.01112199,0.00687671
145,510768963,true,1,Right,0.971602,6,0.27929350,0.40313265,-0.02067874,536,435,0.04109976,-0.00900595,-0.00168590
145,510768963,true,1,Right,0.971602,7,0.31654426,0.32286999,-0.04448132,607,348,0.05162983,-0.02251171,-0.01327085
145,510768963,true,1,Right,0.971602,8,0.35294180,0.24682090,-0.06521821,677,266,0.06014118,-0.03384937,-0.04405797
145,510768963,true,1,Right,0.971602,9,0.16447621,0.46387710,-0.00669450,315,500,0.00346703,-0.00362784,0.00666339
145,510768963,true,1,Right,0.971602,10,0.22212325,0.29274179,-0.02628979,426,316,0.02493193,-0.03332705,-0.00296634
145,510768963,true,1,Right,0.971602,11,0.26133329,0.17701067,-0.05425162,501,191,0.03319458,-0.05025419,-0.02516059
145,510768963,true,1,Right,0.971602,12,0.29704340,0.07389018,-0.07693482,570,79,0.04699881,-0.06805672,-0.04721310
145,510768963,true,1,Right,0.971602,13,0.10103363,0.43884667,-0.02075263,193,473,-0.01606914,-0.00894613,-0.00368366
145,510768963,true,1,Right,0.971602,14,0.15437864,0.26912816,-0.05042741,296,290,0.00041259,-0.03533127,-0.01273511
145,510768963,true,1,Right,0.971602,15,0.19420156,0.15958876,-0.07937731,372,172,0.01314898,-0.05214435,-0.02813763
145,510768963,true,1,Right,0.971602,16,0.23301756,0.05594238,-0.09985021,447,60,0.02785357,-0.06878474,-0.04644436
145,510768963,true,1,Right,0.971602,17,0.02659037,0.44359286,-0.03895805,51,479,-0.03817759,-0.00454477,-0.01372853
145,510768963,true,1,Right,0.971602,18,0.05359119,0.30215867,-0.07433361,102,326,-0.03072190,-0.02690710,-0.01728758
145,510768963,true,1,Right,0.971602,19,0.07367634,0.20503744,-0.09630236,141,221,-0.02166614,-0.04633549,-0.02604578
145,510768963,true,1,Right,0.971602,20,0.09763653,0.10338900,-0.11094302,187,111,-0.01396050,-0.06222474,-0.04073218
146,510769028,true,0,Left,0.988953,0,0.78360434,0.91706433,0.00000059,1504,990,0.03368210,0.07696511,0.03799096
146,510769028,true,0,Left,0.988953,1,0.69489229,0.90906584,-0.04433556,1334,981,0.00012347,0.06818285,0.01972927
146,510769028,true,0,Left,0.988953,2,0.61106659,0.85732955,-0.07733163,1173,925,-0.02660671,0.06057911,0.00963761
146,510769028,true,0,Left,0.988953,3,0.54522321,0.82644331,-0.10655624,1046,892,-0.05187166,0.05303992,-0.00782135
146,510769028,true,0,Left,0.988953,4,0.47979907,0.81187755,-0.13709449,921,876,-0.07791698,0.04189813,-0.01449346
146,510769028,true,0,Left,0.988953,5,0.63011695,0.58005271,-0.05666069,1209,626,-0.02925048,0.00837795,0.00422054
146,510769028,true,0,Left,0.988953,6,0.57517433,0.45590808,-0.09393474,1104,492,-0.04328414,-0.01637320,-0.00710244
146,510769028,true,0,Left,0.988953,7,0.53812858,0.38657410,-0.12411027,1033,417,-0.05661465,-0.03071770,-0.01684542
146,510769028,true,0,Left,0.988953,8,0.50043068,0.31664915,-0.14771829,960,341,-0.06958881,-0.03497495,-0.04645868
146,510769028,true,0,Left,0.988953,9,0.68663659,0.53174197,-0.06443918,1318,574,-0.00604729,-0.00355661,0.00462871
146,510769028,true,0,Left,0.988953,10,0.65150470,0.36821252,-0.09723281,1250,397,-0.01802541,-0.03649065,-0.01092663
146,510769028,true,0,Left,0.988953,11,0.62576788,0.27201103,-0.12603701,1201,293,-0.02994013,-0.05026975,-0.03595190
146,510769028,true,0,Left,0.988953,12,0.59530102,0.17908837,-0.14864745,1142,193,-0.04187308,-0.06267776,-0.05812676
146,510769028,true,0,Left,0.988953,13,0.74831636,0.53418755,-0.07706125,1436,576,0.01856992,-0.00685835,-0.00247189
146,510769028,true,0,Left,0.988953,14,0.72382986,0.38015257,-0.11369738,1389,410,0.00792730,-0.03188536,-0.01875716
146,510769028,true,0,Left,0.988953,15,0.70171167,0.29397839,-0.13723632,1347,317,-0.00055304,-0.04534781,-0.04037038
146,510769028,true,0,Left,0.988953,16,0.67320622,0.20487380,-0.15396343,1292,221,-0.01479620,-0.05762022,-0.06010651
146,510769028,true,0,Left,0.988953,17,0.81082487,0.57142593,-0.09281206,1556,617,0.03756851,0.00485155,-0.00630917
146,510769028,true,0,Left,0.988953,18,0.80836747,0.44707299,-0.12651991,1552,482,0.03586686,-0.01753420,-0.01351184
146,510769028,true,0,Left,0.988953,19,0.80201739,0.36599741,-0.14094572,1539,395,0.03297447,-0.03400575,-0.02792812
146,510769028,true,0,Left,0.988953,20,0.78878222,0.28148322,-0.15089864,1514,304,0.02339852,-0.04503611,-0.04478206
146,510769028,true,1,Right,0.977232,0,-0.01272460,0.87503136,0.00000068,-24,945,-0.05512058,0.07561039,-0.00337374
146,510769028,true,1,Right,0.977232,1,0.10423354,0.89057736,-0.04047720,200,961,-0.01355207,0.07015771,-0.01155850
146,510769028,true,1,Right,0.977232,2,0.21814139,0.82886327,-0.05291057,418,895,0.01996857,0.06223351,-0.00996713
146,510769028,true,1,Right,0.977232,3,0.30788620,0.75807548,-0.06510591,591,818,0.05144818,0.05004827,-0.01165327
146,510769028,true,1,Right,0.977232,4,0.38239508,0.70669147,-0.07783487,734,763,0.07396653,0.03532006,-0.00615268
146,510769028,true,1,Right,0.977232,5,0.21775781,0.53983626,-0.00470505,418,583,0.02476277,0.01127586,0.00705032
146,510769028,true,1,Right,0.977232,6,0.28065517,0.41020382,-0.02661816,538,443,0.04094214,-0.00896096,-0.00195100
146,510769028,true,1,Right,0.977232,7,0.31774924,0.33009164,-0.05173575,610,356,0.05139975,-0.02260670,-0.01363540
146,510769028,true,1,Right,0.977232,8,0.35487111,0.25320317,-0.07337278,681,273,0.06008565,-0.03391136,-0.04414898
146,510769028,true,1,Right,0.977232,9,0.16752646,0.46888083,-0.01030026,321,506,0.00355223,-0.00371385,0.00673503
146,510769028,true,1,Right,0.977232,10,0.22472739,0.29871386,-0.03201620,431,322,0.02484282,-0.03334010,-0.00304871
146,510769028,true,1,Right,0.977232,11,0.26403717,0.18456869,-0.06086983,506,199,0.03321269,-0.05039976,-0.02536176
146,510769028,true,1,Right,0.977232,12,0.30072373,0.08040523,-0.08418252,577,86,0.04731960,-0.06835161,-0.04691982
146,510769028,true,1,Right,0.977232,13,0.10477201,0.44313793,-0.02410485,201,478,-0.01613882,-0.00902981,-0.00369777
146,510769028,true,1,Right,0.977232,14,0.15703503,0.27333608,-0.05509488,301,295,0.00033899,-0.03569110,-0.01265135
146,510769028,true,1,Right,0.977232,15,0.19611301,0.16390254,-0.08366783,376,177,0.01293352,-0.05250024,-0.02774265
146,510769028,true,1,Right,0.977232,16,0.23452211,0.05907881,-0.10383618,450,63,0.02776350,-0.06922511,-0.04606876
146,510769028,true,1,Right,0.977232,17,0.03110096,0.44795026,-0.04212707,59,483,-0.03831087,-0.00483779,-0.01403174
146,510769028,true,1,Right,0.977232,18,0.05811337,0.30637415,-0.07786664,111,330,-0.03059580,-0.02756397,-0.01752677
146,510769028,true,1,Right,0.977232,19,0.07921582,0.21058271,-0.09952057,152,227,-0.02101911,-0.04623548,-0.02610770
146,510769028,true,1,Right,0.977232,20,0.10369174,0.10998164,-0.11397827,199,118,-0.01323897,-0.06217754,-0.04070078
147,510769094,true,0,Left,0.990700,0,0.77935560,0.91777052,0.00000058,1496,991,0.03408517,0.07707438,0.03799339
147,510769094,true,0,Left,0.990700,1,0.68966958,0.91069390,-0.04400967,1324,983,0.00039340,0.06836692,0.02005244
147,510769094,true,0,Left,0.990700,2,0.60556920,0.85887301,-0.07659960,1162,927,-0.02635250,0.06091442,0.00966219
147,510769094,true,0,Left,0.990700,3,0.54030777,0.82777988,-0.10544518,1037,894,-0.05154885,0.05330207,-0.00788447
147,510769094,true,0,Left,0.990700,4,0.47534626,0.81420718,-0.13562652,912,879,-0.07723222,0.04239985,-0.01509881
147,510769094,true,0,Left,0.990700,5,0.62459171,0.57917761,-0.05552192,1199,625,-0.02927707,0.00846054,0.00435790
147,510769094,true,0,Left,0.990700,6,0.56925468,0.45591471,-0.09241023,1092,492,-0.04339732,-0.01614805,-0.00694003
147,510769094,true,0,Left,0.990700,7,0.53173664,0.38709144,-0.12254575,1020,418,-0.05684174,-0.03046885,-0.01684725
147,510769094,true,0,Left,0.990700,8,0.49350669,0.31831665,-0.14616239,947,343,-0.06982721,-0.03446528,-0.04644575
147,510769094,true,0,Left,0.990700,9,0.68127197,0.53097809,-0.06337214,1308,573,-0.00609254,-0.00357224,0.00465478
147,510769094,true,0,Left,0.990700,10,0.64570134,0.36840543,-0.09583217,1239,397,-0.01814921,-0.03633141,-0.01093669
147,510769094,true,0,Left,0.990700,11,0.61890172,0.27298382,-0.12465462,1188,294,-0.03031456,-0.04991916,-0.03607710
147,510769094,true,0,Left,0.990700,12,0.58704217,0.18156336,-0.14727123,1127,196,-0.04262372,-0.06214052,-0.05819338
147,510769094,true,0,Left,0.990700,13,0.74299945,0.53326087,-0.07611064,1426,575,0.01863106,-0.00697060,-0.00259381
147,510769094,true,0,Left,0.990700,14,0.71817673,0.37925211,-0.11250562,1378,409,0.00780566,-0.03182527,-0.01890256
147,510769094,true,0,Left,0.990700,15,0.69506688,0.29351508,-0.13627163,1334,316,-0.00088701,-0.04530862,-0.04073322
147,510769094,true,0,Left,0.990700,16,0.66528930,0.20517998,-0.15314456,1277,221,-0.01529556,-0.05733173,-0.06084064
147,510769094,true,0,Left,0.990700,17,0.80542070,0.57022212,-0.09197149,1546,615,0.03758768,0.00487205,-0.00655248
147,510769094,true,0,Left,0.990700,18,0.80264351,0.44514973,-0.12548813,1541,480,0.03581840,-0.01768241,-0.01372479
147,510769094,true,0,Left,0.990700,19,0.79585205,0.36420443,-0.14004362,1528,393,0.03266918,-0.03411777,-0.02820054
147,510769094,true,0,Left,0.990700,20,0.78211673,0.28036685,-0.15011493,1501,302,0.02282330,-0.04502188,-0.04542759
147,510769094,true,1,Right,0.970909,0,-0.01403958,0.87601343,0.00000068,-26,946,-0.05612413,0.07539919,-0.00217411
147,510769094,true,1,Right,0.970909,1,0.10278001,0.89565075,-0.04204660,197,967,-0.01422115,0.07018778,-0.01079781
147,510769094,true,1,Right,0.970909,2,0.21670692,0.83818978,-0.05663593,416,905,0.01915898,0.06255796,-0.00952988
147,510769094,true,1,Right,0.970909,3,0.30670686,0.76870912,-0.07078208,588,830,0.05096158,0.05055238,-0.01208299
147,510769094,true,1,Right,0.970909,4,0.38199973,0.71455278,-0.08547954,733,771,0.07355917,0.03594856,-0.00733562
147,510769094,true,1,Right,0.970909,5,0.21824525,0.54485674,-0.00897633,419,588,0.02476542,0.01137149,0.00707838
147,510769094,true,1,Right,0.970909,6,0.28135739,0.41551412,-0.03263528,540,448,0.04084927,-0.00881517,-0.00210496
147,510769094,true,1,Right,0.970909,7,0.31873589,0.33534414,-0.05865601,611,362,0.05130048,-0.02250046,-0.01366421
147,510769094,true,1,Right,0.970909,8,0.35620725,0.25820515,-0.08086175,683,278,0.06009758,-0.03383743,-0.04387562
147,510769094,true,1,Right,0.970909,9,0.16845383,0.47306433,-0.01387725,323,510,0.00363564,-0.00369355,0.00672628
147,510769094,true,1,Right,0.970909,10,0.22633144,0.30307604,-0.03662444,434,327,0.02488445,-0.03329960,-0.00311260
147,510769094,true,1,Right,0.970909,11,0.26576033,0.19018946,-0.06553732,510,205,0.03329769,-0.05023269,-0.02557994
147,510769094,true,1,Right,0.970909,12,0.30243889,0.08682742,-0.08892072,580,93,0.04758470,-0.06818875,-0.04685480
147,510769094,true,1,Right,0.970909,13,0.10584620,0.44664132,-0.02695978,203,482,-0.01604895,-0.00904463,-0.00365709
147,510769094,true,1,Right,0.970909,14,0.15842407,0.27711778,-0.05842640,304,299,0.00035847,-0.03581502,-0.01257946
147,510769094,true,1,Right,0.970909,15,0.19694671,0.16774176,-0.08653516,378,181,0.01290940,-0.05249937,-0.02762972
147,510769094,true,1,Right,0.970909,16,0.23470497,0.06228941,-0.10642104,450,67,0.02754162,-0.06940213,-0.04622057
147,510769094,true,1,Right,0.970909,17,0.03228767,0.45161574,-0.04444335,61,487,-0.03830860,-0.00503767,-0.01395825
147,510769094,true,1,Right,0.970909,18,0.05967452,0.31023135,-0.08047182,114,335,-0.03063020,-0.02777978,-0.01750341
147,510769094,true,1,Right,0.970909,19,0.08065502,0.21455752,-0.10200719,154,231,-0.02063665,-0.04595920,-0.02584227
147,510769094,true,1,Right,0.970909,20,0.10437845,0.11377580,-0.11631289,200,122,-0.01295458,-0.06213374,-0.04070161
148,510769165,true,0,Left,0.990660,0,0.77693394,0.91982614,0.00000058,1491,993,0.03463091,0.07723189,0.03705111
148,510769165,true,0,Left,0.990660,1,0.68709943,0.91248042,-0.04440898,1319,985,0.00064746,0.06858287,0.01938741
148,510769165,true,0,Left,0.990660,2,0.60316075,0.86093441,-0.07720008,1158,929,-0.02607487,0.06135507,0.00906311
148,510769165,true,0,Left,0.990660,3,0.53763657,0.83055968,-0.10620883,1032,897,-0.05142074,0.05370182,-0.00809974
148,510769165,true,0,Left,0.990660,4,0.47224014,0.81744130,-0.13650029,906,882,-0.07701171,0.04297932,-0.01506825
148,510769165,true,0,Left,0.990660,5,0.62158147,0.58033729,-0.05539941,1193,626,-0.02936430,0.00865823,0.00449374
148,510769165,true,0,Left,0.990660,6,0.56606582,0.45675988,-0.09218243,1086,493,-0.04346271,-0.01609942,-0.00670434
148,510769165,true,0,Left,0.990660,7,0.52856307,0.38801314,-0.12227097,1014,419,-0.05696386,-0.03048961,-0.01658400
148,510769165,true,0,Left,0.990660,8,0.49026713,0.31923707,-0.14590635,941,344,-0.06998132,-0.03448696,-0.04604958
148,510769165,true,0,Left,0.990660,9,0.67814162,0.53188170,-0.06295973,1302,574,-0.00614042,-0.00355135,0.00476166
148,510769165,true,0,Left,0.990660,10,0.64200230,0.36959301,-0.09531357,1232,399,-0.01835672,-0.03636594,-0.01087660
148,510769165,true,0,Left,0.990660,11,0.61475427,0.27364555,-0.12404877,1180,295,-0.03061927,-0.05005211,-0.03607079
148,510769165,true,0,Left,0.990660,12,0.58257630,0.18206173,-0.14660093,1118,196,-0.04331963,-0.06241651,-0.05823241
148,510769165,true,0,Left,0.990660,13,0.73991538,0.53392047,-0.07552457,1420,576,0.01871121,-0.00706840,-0.00267750
148,510769165,true,0,Left,0.990660,14,0.71453565,0.37963520,-0.11205504,1371,410,0.00772736,-0.03187914,-0.01899811
148,510769165,true,0,Left,0.990660,15,0.69095811,0.29382491,-0.13607302,1326,317,-0.00123134,-0.04551202,-0.04079673
148,510769165,true,0,Left,0.990660,16,0.66068158,0.20583486,-0.15304196,1268,222,-0.01575185,-0.05744033,-0.06107728
148,510769165,true,0,Left,0.990660,17,0.80275670,0.57054409,-0.09126355,1541,616,0.03766952,0.00482956,-0.00686816
148,510769165,true,0,Left,0.990660,18,0.80039069,0.44569448,-0.12499313,1536,481,0.03605281,-0.01788666,-0.01411800
148,510769165,true,0,Left,0.990660,19,0.79363249,0.36450096,-0.13991457,1523,393,0.03273750,-0.03443016,-0.02866470
148,510769165,true,0,Left,0.990660,20,0.77995239,0.28070894,-0.15024159,1497,303,0.02278666,-0.04521428,-0.04588992
148,510769165,true,1,Right,0.961804,0,-0.01692290,0.87925951,0.00000068,-32,949,-0.05655533,0.07501567,-0.00192649
148,510769165,true,1,Right,0.961804,1,0.10059117,0.89975690,-0.04139829,193,971,-0.01464655,0.07009078,-0.01062050
148,510769165,true,1,Right,0.961804,2,0.21458301,0.84276201,-0.05606868,411,910,0.01867377,0.06250256,-0.00921690
148,510769165,true,1,Right,0.961804,3,0.30514216,0.77478746,-0.07032286,585,836,0.05051435,0.05077976,-0.01179596
148,510769165,true,1,Right,0.961804,4,0.38071047,0.71993608,-0.08506800,730,777,0.07314576,0.03618181,-0.00729453
148,510769165,true,1,Right,0.961804,5,0.21707271,0.54876626,-0.00875477,416,592,0.02461640,0.01139748,0.00713893
148,510769165,true,1,Right,0.961804,6,0.28060056,0.41808163,-0.03172385,538,451,0.04088633,-0.00861849,-0.00198589
148,510769165,true,1,Right,0.961804,7,0.31751503,0.33838497,-0.05731728,609,365,0.05119918,-0.02240620,-0.01350409
148,510769165,true,1,Right,0.961804,8,0.35448546,0.26152163,-0.07925595,680,282,0.05982160,-0.03362595,-0.04370065
148,510769165,true,1,Right,0.961804,9,0.16690581,0.47612441,-0.01407129,320,514,0.00372314,-0.00356291,0.00657610
148,510769165,true,1,Right,0.961804,10,0.22571570,0.30518141,-0.03618094,433,329,0.02500773,-0.03308243,-0.00298339
148,510769165,true,1,Right,0.961804,11,0.26487939,0.19347518,-0.06505220,508,208,0.03352370,-0.04987644,-0.02533173
148,510769165,true,1,Right,0.961804,12,0.30120357,0.09179338,-0.08848962,578,99,0.04799529,-0.06759757,-0.04636880
148,510769165,true,1,Right,0.961804,13,0.10368189,0.44858007,-0.02730789,199,484,-0.01596754,-0.00902356,-0.00371027
148,510769165,true,1,Right,0.961804,14,0.15746835,0.27866298,-0.05813426,302,300,0.00056754,-0.03584714,-0.01217294
148,510769165,true,1,Right,0.961804,15,0.19589111,0.16941641,-0.08604491,376,182,0.01313253,-0.05209044,-0.02717502
148,510769165,true,1,Right,0.961804,16,0.23338236,0.06379947,-0.10590816,448,68,0.02764776,-0.06910736,-0.04572224
148,510769165,true,1,Right,0.961804,17,0.02951437,0.45277812,-0.04479357,56,489,-0.03827584,-0.00517479,-0.01407784
148,510769165,true,1,Right,0.961804,18,0.05862064,0.31009986,-0.08020508,112,334,-0.03034177,-0.02789829,-0.01735402
148,510769165,true,1,Right,0.961804,19,0.07903537,0.21457336,-0.10110713,151,231,-0.01989344,-0.04577955,-0.02536437
148,510769165,true,1,Right,0.961804,20,0.10162051,0.11387469,-0.11499467,195,122,-0.01268721,-0.06192361,-0.04005038
149,510769228,true,0,Left,0.991484,0,0.77587509,0.92146409,0.00000059,1489,995,0.03447426,0.07717119,0.03709885
149,510769228,true,0,Left,0.991484,1,0.68588234,0.91400759,-0.04476210,1316,987,0.00038367,0.06859174,0.01934815
149,510769228,true,0,Left,0.991484,2,0.60259389,0.86242240,-0.07796434,1156,931,-0.02603411,0.06141788,0.00881510
149,510769228,true,0,Left,0.991484,3,0.53714216,0.83160360,-0.10738175,1031,898,-0.05129097,0.05366423,-0.00837399
149,510769228,true,0,Left,0.991484,4,0.47080001,0.81813276,-0.13807470,903,883,-0.07673090,0.04311782,-0.01517486
149,510769228,true,0,Left,0.991484,5,0.62113392,0.58004362,-0.05567135,1192,626,-0.02924956,0.00884430,0.00444323
149,510769228,true,0,Left,0.991484,6,0.56621316,0.45677958,-0.09299980,1087,493,-0.04329665,-0.01608020,-0.00681200
149,510769228,true,0,Left,0.991484,7,0.52878743,0.38826341,-0.12363022,1015,419,-0.05680943,-0.03048308,-0.01692780
149,510769228,true,0,Left,0.991484,8,0.49060593,0.31934658,-0.14763943,941,344,-0.06975407,-0.03459861,-0.04641324
149,510769228,true,0,Left,0.991484,9,0.67773667,0.53184524,-0.06322565,1301,574,-0.00613226,-0.00358744,0.00476603
149,510769228,true,0,Left,0.991484,10,0.64204690,0.36951837,-0.09602168,1232,399,-0.01839627,-0.03640662,-0.01099996
149,510769228,true,0,Left,0.991484,11,0.61465706,0.27320370,-0.12502403,1180,295,-0.03065593,-0.05005031,-0.03620287
149,510769228,true,0,Left,0.991484,12,0.58257108,0.18101850,-0.14774028,1118,195,-0.04364852,-0.06266554,-0.05850480
149,510769228,true,0,Left,0.991484,13,0.73979651,0.53419369,-0.07586782,1420,576,0.01870697,-0.00712000,-0.00266296
149,510769228,true,0,Left,0.991484,14,0.71412089,0.37895461,-0.11277875,1371,409,0.00770639,-0.03177269,-0.01904897
149,510769228,true,0,Left,0.991484,15,0.69058889,0.29340637,-0.13676666,1325,316,-0.00137483,-0.04559266,-0.04090499
149,510769228,true,0,Left,0.991484,16,0.66051568,0.20558129,-0.15367118,1268,222,-0.01591966,-0.05761913,-0.06122685
149,510769228,true,0,Left,0.991484,17,0.80323417,0.57130454,-0.09175751,1542,617,0.03760847,0.00489573,-0.00685996
149,510769228,true,0,Left,0.991484,18,0.80109672,0.44627201,-0.12586980,1538,481,0.03617742,-0.01791655,-0.01418518
149,510769228,true,0,Left,0.991484,19,0.79432052,0.36457031,-0.14091218,1525,393,0.03270632,-0.03439176,-0.02887396
149,510769228,true,0,Left,0.991484,20,0.78082556,0.28012776,-0.15127299,1499,302,0.02268175,-0.04553739,-0.04618078
149,510769228,true,1,Right,0.958629,0,-0.02056234,0.88346295,0.00000068,-39,954,-0.05655315,0.07493302,-0.00225151
149,510769228,true,1,Right,0.958629,1,0.09689095,0.90288510,-0.04106629,186,975,-0.01475313,0.07009947,-0.01087935
149,510769228,true,1,Right,0.958629,2,0.21143619,0.84515508,-0.05573391,405,912,0.01855287,0.06259635,-0.00944262
149,510769228,true,1,Right,0.958629,3,0.30233373,0.77775167,-0.06989630,580,839,0.05046436,0.05099395,-0.01175812
149,510769228,true,1,Right,0.958629,4,0.37803659,0.72254589,-0.08443948,725,780,0.07295091,0.03635824,-0.00747349
149,510769228,true,1,Right,0.958629,5,0.21510676,0.55056821,-0.00854687,413,594,0.02460449,0.01148505,0.00720834
149,510769228,true,1,Right,0.958629,6,0.27862354,0.41965546,-0.03112783,534,453,0.04098179,-0.00848857,-0.00201544
149,510769228,true,1,Right,0.958629,7,0.31501016,0.34053105,-0.05649728,604,367,0.05114231,-0.02220827,-0.01372784
149,510769228,true,1,Right,0.958629,8,0.35143347,0.26471219,-0.07820652,674,285,0.05958285,-0.03328567,-0.04382560
149,510769228,true,1,Right,0.958629,9,0.16419342,0.47687863,-0.01390886,315,515,0.00376732,-0.00344615,0.00650741
149,510769228,true,1,Right,0.958629,10,0.22359479,0.30626959,-0.03538405,429,330,0.02521596,-0.03284454,-0.00297483
149,510769228,true,1,Right,0.958629,11,0.26230303,0.19510905,-0.06393221,503,210,0.03360914,-0.04954352,-0.02513999
149,510769228,true,1,Right,0.958629,12,0.29815452,0.09382331,-0.08715891,572,101,0.04807237,-0.06704138,-0.04579296
149,510769228,true,1,Right,0.958629,13,0.10028690,0.44853946,-0.02709538,192,484,-0.01597099,-0.00908045,-0.00378711
149,510769228,true,1,Right,0.958629,14,0.15530264,0.27921930,-0.05722921,298,301,0.00064019,-0.03579965,-0.01221803
149,510769228,true,1,Right,0.958629,15,0.19307097,0.16972796,-0.08478157,370,183,0.01316883,-0.05162956,-0.02697447
149,510769228,true,1,Right,0.958629,16,0.22983038,0.06332180,-0.10438794,441,68,0.02752938,-0.06873185,-0.04516182
149,510769228,true,1,Right,0.958629,17,0.02536850,0.45215889,-0.04449095,48,488,-0.03836881,-0.00523612,-0.01420245
149,510769228,true,1,Right,0.958629,18,0.05610653,0.30982458,-0.07921640,107,334,-0.03009503,-0.02787874,-0.01732231
149,510769228,true,1,Right,0.958629,19,0.07642699,0.21486405,-0.09931070,146,232,-0.01951166,-0.04566732,-0.02513911
149,510769228,true,1,Right,0.958629,20,0.09887751,0.11442565,-0.11245735,189,123,-0.01253845,-0.06161194,-0.03933502
150,510769291,true,0,Left,0.989403,0,0.77675650,0.92118684,0.00000058,1491,994,0.03451965,0.07719093,0.03650818
150,510769291,true,0,Left,0.989403,1,0.68665426,0.91239807,-0.04429386,1318,985,0.00024623,0.06848409,0.01891064
150,510769291,true,0,Left,0.989403,2,0.60322379,0.86036624,-0.07730406,1158,929,-0.02611828,0.06152975,0.00816801
150,510769291,true,0,Left,0.989403,3,0.53753583,0.83093214,-0.10665911,1032,897,-0.05144247,0.05360252,-0.00861222
150,510769291,true,0,Left,0.989403,4,0.47110310,0.81780431,-0.13731000,904,883,-0.07697758,0.04329087,-0.01484295
150,510769291,true,0,Left,0.989403,5,0.62238367,0.57824976,-0.05520848,1194,624,-0.02914748,0.00894368,0.00424178
150,510769291,true,0,Left,0.989403,6,0.56748325,0.45524263,-0.09262821,1089,491,-0.04334811,-0.01619112,-0.00692030
150,510769291,true,0,Left,0.989403,7,0.53010400,0.38681056,-0.12337202,1017,417,-0.05676209,-0.03056424,-0.01722090
150,510769291,true,0,Left,0.989403,8,0.49199993,0.31780908,-0.14742820,944,343,-0.06970987,-0.03479961,-0.04675502
150,510769291,true,0,Left,0.989403,9,0.67893922,0.53024636,-0.06297584,1303,572,-0.00618271,-0.00353550,0.00486772
150,510769291,true,0,Left,0.989403,10,0.64348295,0.36774363,-0.09578459,1235,397,-0.01830724,-0.03660562,-0.01116608
150,510769291,true,0,Left,0.989403,11,0.61627036,0.27109750,-0.12475438,1183,292,-0.03067207,-0.05019899,-0.03631348
150,510769291,true,0,Left,0.989403,12,0.58438395,0.17824408,-0.14740981,1122,192,-0.04359003,-0.06292454,-0.05875168
150,510769291,true,0,Left,0.989403,13,0.74107334,0.53259694,-0.07581509,1422,575,0.01870158,-0.00717807,-0.00261842
150,510769291,true,0,Left,0.989403,14,0.71514846,0.37675172,-0.11277894,1373,406,0.00762681,-0.03179407,-0.01903591
150,510769291,true,0,Left,0.989403,15,0.69190362,0.29120707,-0.13660929,1328,314,-0.00151689,-0.04574706,-0.04077954
150,510769291,true,0,Left,0.989403,16,0.66224536,0.20328732,-0.15331491,1271,219,-0.01592106,-0.05788085,-0.06109315
150,510769291,true,0,Left,0.989403,17,0.80455659,0.56971485,-0.09187629,1544,615,0.03763261,0.00484838,-0.00668763
150,510769291,true,0,Left,0.989403,18,0.80213794,0.44404612,-0.12604771,1540,479,0.03624543,-0.01798705,-0.01411172
150,510769291,true,0,Left,0.989403,19,0.79569238,0.36156904,-0.14094584,1527,390,0.03258693,-0.03460927,-0.02876947
150,510769291,true,0,Left,0.989403,20,0.78275233,0.27602259,-0.15113532,1502,298,0.02269857,-0.04616233,-0.04585694
150,510769291,true,1,Right,0.946178,0,-0.02304341,0.88848679,0.00000067,-44,959,-0.05621239,0.07476076,-0.00253336
150,510769291,true,1,Right,0.946178,1,0.09448166,0.90532643,-0.04020464,181,977,-0.01460098,0.07004592,-0.01076633
150,510769291,true,1,Right,0.946178,2,0.20800048,0.84788933,-0.05512547,399,915,0.01846009,0.06267220,-0.00902518
150,510769291,true,1,Right,0.946178,3,0.29855409,0.78068880,-0.06955869,573,843,0.05021970,0.05120121,-0.01083879
150,510769291,true,1,Right,0.946178,4,0.37370122,0.72377740,-0.08430912,717,781,0.07272965,0.03665093,-0.00672028
150,510769291,true,1,Right,0.946178,5,0.21203781,0.55190362,-0.00786532,407,596,0.02436628,0.01138422,0.00739728
150,510769291,true,1,Right,0.946178,6,0.27462632,0.42132599,-0.03035549,527,455,0.04071174,-0.00848372,-0.00192474
150,510769291,true,1,Right,0.946178,7,0.30951590,0.34231380,-0.05569682,594,369,0.05064673,-0.02201815,-0.01366879
150,510769291,true,1,Right,0.946178,8,0.34452338,0.26634846,-0.07740914,661,287,0.05853274,-0.03299249,-0.04362860
150,510769291,true,1,Right,0.946178,9,0.16096511,0.47776849,-0.01373350,309,515,0.00379394,-0.00341404,0.00642778
150,510769291,true,1,Right,0.946178,10,0.22006752,0.30715552,-0.03506875,422,331,0.02516627,-0.03280242,-0.00281887
150,510769291,true,1,Right,0.946178,11,0.25779052,0.19576801,-0.06340282,494,211,0.03334527,-0.04946301,-0.02492984
150,510769291,true,1,Right,0.946178,12,0.29285987,0.09379234,-0.08650225,562,101,0.04773537,-0.06688495,-0.04531293
150,510769291,true,1,Right,0.946178,13,0.09681150,0.44919213,-0.02743221,185,485,-0.01597134,-0.00903450,-0.00394683
150,510769291,true,1,Right,0.946178,14,0.15166769,0.27916005,-0.05739212,291,301,0.00055652,-0.03587710,-0.01216302
150,510769291,true,1,Right,0.946178,15,0.18842072,0.16908119,-0.08467084,361,182,0.01288626,-0.05152740,-0.02653638
150,510769291,true,1,Right,0.946178,16,0.22423943,0.06198952,-0.10419076,430,66,0.02725321,-0.06876707,-0.04423383
150,510769291,true,1,Right,0.946178,17,0.02180662,0.45293838,-0.04529239,41,489,-0.03819974,-0.00519445,-0.01440162
150,510769291,true,1,Right,0.946178,18,0.05258715,0.31024454,-0.07989752,100,335,-0.02993489,-0.02785807,-0.01745647
150,510769291,true,1,Right,0.946178,19,0.07227800,0.21479021,-0.09977440,138,231,-0.01951003,-0.04571113,-0.02527917
150,510769291,true,1,Right,0.946178,20,0.09361713,0.11371505,-0.11285397,179,122,-0.01260210,-0.06158363,-0.03931835
151,510769363,true,0,Left,0.990611,0,0.77789779,0.91943434,0.00000059,1493,992,0.03436164,0.07722526,0.03655047
151,510769363,true,0,Left,0.990611,1,0.68766109,0.90883572,-0.04447656,1320,981,0.00006438,0.06858332,0.01881538
151,510769363,true,0,Left,0.990611,2,0.60440693,0.85708701,-0.07784582,1160,925,-0.02620307,0.06177720,0.00777711
151,510769363,true,0,Left,0.990611,3,0.53857404,0.82940685,-0.10756521,1034,895,-0.05150988,0.05385867,-0.00894055
151,510769363,true,0,Left,0.990611,4,0.47210713,0.81581260,-0.13864632,906,881,-0.07706925,0.04349393,-0.01477579
151,510769363,true,0,Left,0.990611,5,0.62388306,0.57312240,-0.05578775,1197,618,-0.02915591,0.00901917,0.00402712
151,510769363,true,0,Left,0.990611,6,0.56893202,0.45079127,-0.09368007,1092,486,-0.04339688,-0.01622640,-0.00712411
151,510769363,true,0,Left,0.990611,7,0.53151776,0.38235169,-0.12486201,1020,412,-0.05676456,-0.03057603,-0.01767317
151,510769363,true,0,Left,0.990611,8,0.49348756,0.31278151,-0.14923918,947,337,-0.06976353,-0.03503031,-0.04739258
151,510769363,true,0,Left,0.990611,9,0.68046554,0.52553326,-0.06357313,1306,567,-0.00624185,-0.00355906,0.00493109
151,510769363,true,0,Left,0.990611,10,0.64535365,0.36318163,-0.09699013,1239,392,-0.01824160,-0.03675651,-0.01141263
151,510769363,true,0,Left,0.990611,11,0.61828256,0.26610188,-0.12640139,1187,287,-0.03061754,-0.05020822,-0.03663261
151,510769363,true,0,Left,0.990611,12,0.58659528,0.17242387,-0.14934457,1126,186,-0.04345429,-0.06317418,-0.05919574
151,510769363,true,0,Left,0.990611,13,0.74266892,0.52840203,-0.07644350,1425,570,0.01867833,-0.00722367,-0.00257911
151,510769363,true,0,Left,0.990611,14,0.71689162,0.37264668,-0.11405501,1376,402,0.00765119,-0.03171868,-0.01928882
151,510769363,true,0,Left,0.990611,15,0.69402079,0.28765049,-0.13814092,1332,310,-0.00144561,-0.04558413,-0.04107606
151,510769363,true,0,Left,0.990611,16,0.66480408,0.20010994,-0.15487587,1276,216,-0.01571108,-0.05768070,-0.06141639
151,510769363,true,0,Left,0.990611,17,0.80615064,0.56637046,-0.09255451,1547,611,0.03770416,0.00495001,-0.00639592
151,510769363,true,0,Left,0.990611,18,0.80366689,0.44010040,-0.12732729,1543,475,0.03648667,-0.01788311,-0.01403141
151,510769363,true,0,Left,0.990611,19,0.79736209,0.35689216,-0.14252506,1530,385,0.03245061,-0.03463069,-0.02878527
151,510769363,true,0,Left,0.990611,20,0.78469573,0.27016854,-0.15282834,1506,291,0.02261105,-0.04661629,-0.04562068
151,510769363,true,1,Right,0.944021,0,-0.02367778,0.89424596,0.00000066,-45,965,-0.05571225,0.07504858,-0.00153792
151,510769363,true,1,Right,0.944021,1,0.09286412,0.90918848,-0.04031138,178,981,-0.01434536,0.07034794,-0.00980382
151,510769363,true,1,Right,0.944021,2,0.20494330,0.84882618,-0.05554158,393,916,0.01831947,0.06288936,-0.00800337
151,510769363,true,1,Right,0.944021,3,0.29467069,0.78084165,-0.07033116,565,843,0.04995591,0.05134647,-0.00973042
151,510769363,true,1,Right,0.944021,4,0.36948833,0.72319622,-0.08524327,709,781,0.07265749,0.03664629,-0.00556217
151,510769363,true,1,Right,0.944021,5,0.20872533,0.55232607,-0.00822122,400,596,0.02415079,0.01126998,0.00742624
151,510769363,true,1,Right,0.944021,6,0.27018568,0.42189621,-0.03066814,518,455,0.04033485,-0.00853722,-0.00203427
151,510769363,true,1,Right,0.944021,7,0.30402015,0.34230122,-0.05584672,583,369,0.05013497,-0.02182058,-0.01370661
151,510769363,true,1,Right,0.944021,8,0.33777557,0.26599121,-0.07750009,648,287,0.05763198,-0.03276569,-0.04332690
151,510769363,true,1,Right,0.944021,9,0.15782406,0.47784068,-0.01426663,303,516,0.00374411,-0.00343768,0.00631354
151,510769363,true,1,Right,0.944021,10,0.21580395,0.30656481,-0.03542983,414,331,0.02493293,-0.03290338,-0.00266196
151,510769363,true,1,Right,0.944021,11,0.25257361,0.19409330,-0.06336353,484,209,0.03294545,-0.04955507,-0.02449300
151,510769363,true,1,Right,0.944021,12,0.28662075,0.09136771,-0.08624754,550,98,0.04708844,-0.06716276,-0.04457786
151,510769363,true,1,Right,0.944021,13,0.09402730,0.44953720,-0.02819868,180,485,-0.01592831,-0.00894856,-0.00403808
151,510769363,true,1,Right,0.944021,14,0.14790666,0.27849095,-0.05814791,283,300,0.00042279,-0.03595527,-0.01206408
151,510769363,true,1,Right,0.944021,15,0.18356541,0.16826212,-0.08532724,352,181,0.01246726,-0.05171169,-0.02627853
151,510769363,true,1,Right,0.944021,16,0.21832769,0.06088185,-0.10490439,419,65,0.02660603,-0.06898005,-0.04368934
151,510769363,true,1,Right,0.944021,17,0.02002215,0.45402294,-0.04633128,38,490,-0.03794702,-0.00501803,-0.01423359
151,510769363,true,1,Right,0.944021,18,0.04897348,0.31104672,-0.08126616,94,335,-0.03004019,-0.02773502,-0.01744659
151,510769363,true,1,Right,0.944021,19,0.06701219,0.21499409,-0.10145142,128,232,-0.01994864,-0.04569471,-0.02545078
151,510769363,true,1,Right,0.944021,20,0.08654690,0.11334042,-0.11475657,166,122,-0.01318889,-0.06154569,-0.03965694
152,510769421,true,0,Left,0.990182,0,0.77840901,0.91717130,0.00000059,1494,990,0.03442990,0.07732701,0.03633186
152,510769421,true,0,Left,0.990182,1,0.68833792,0.90557474,-0.04457552,1321,978,0.00022225,0.06850792,0.01876364
152,510769421,true,0,Left,0.990182,2,0.60523066,0.85357146,-0.07814583,1162,921,-0.02595698,0.06179412,0.00762272
152,510769421,true,0,Left,0.990182,3,0.53918797,0.82670807,-0.10814555,1035,892,-0.05128800,0.05374711,-0.00923790
152,510769421,true,0,Left,0.990182,4,0.47246696,0.81321282,-0.13954571,907,878,-0.07693806,0.04343089,-0.01499602
152,510769421,true,0,Left,0.990182,5,0.62449499,0.56978830,-0.05602695,1199,615,-0.02916775,0.00891986,0.00407435
152,510769421,true,0,Left,0.990182,6,0.56941816,0.44681775,-0.09414675,1093,482,-0.04345339,-0.01636204,-0.00704345
152,510769421,true,0,Left,0.990182,7,0.53200976,0.37784445,-0.12544294,1021,408,-0.05670244,-0.03066707,-0.01743114
152,510769421,true,0,Left,0.990182,8,0.49407162,0.30732976,-0.14993866,948,331,-0.06961114,-0.03530629,-0.04696649
152,510769421,true,0,Left,0.990182,9,0.68097593,0.52248039,-0.06386673,1307,564,-0.00627598,-0.00352519,0.00497515
152,510769421,true,0,Left,0.990182,10,0.64573103,0.36008252,-0.09762014,1239,388,-0.01813601,-0.03681394,-0.01148180
152,510769421,true,0,Left,0.990182,11,0.61880974,0.26278744,-0.12734058,1188,283,-0.03051398,-0.05024607,-0.03656248
152,510769421,true,0,Left,0.990182,12,0.58741095,0.16866338,-0.15053118,1127,182,-0.04329690,-0.06314614,-0.05899726
152,510769421,true,0,Left,0.990182,13,0.74307645,0.52543606,-0.07680104,1426,567,0.01862919,-0.00718193,-0.00264398
152,510769421,true,0,Left,0.990182,14,0.71759631,0.36987814,-0.11479383,1377,399,0.00767211,-0.03162973,-0.01935343
152,510769421,true,0,Left,0.990182,15,0.69476708,0.28469781,-0.13928026,1333,307,-0.00146561,-0.04558169,-0.04105291
152,510769421,true,0,Left,0.990182,16,0.66557840,0.19672811,-0.15627589,1277,212,-0.01568263,-0.05765044,-0.06113019
152,510769421,true,0,Left,0.990182,17,0.80651719,0.56351782,-0.09296208,1548,608,0.03771315,0.00496717,-0.00646413
152,510769421,true,0,Left,0.990182,18,0.80434089,0.43692677,-0.12807504,1544,471,0.03652617,-0.01786023,-0.01417391
152,510769421,true,0,Left,0.990182,19,0.79817073,0.35349969,-0.14362664,1532,381,0.03253437,-0.03467945,-0.02872295
152,510769421,true,0,Left,0.990182,20,0.78556314,0.26660308,-0.15420446,1508,287,0.02265728,-0.04671526,-0.04535879
152,510769421,true,1,Right,0.943601,0,-0.02588127,0.89779221,0.00000066,-49,969,-0.05578301,0.07524659,-0.00202885
152,510769421,true,1,Right,0.943601,1,0.09050587,0.91138495,-0.04066448,173,984,-0.01436112,0.07064369,-0.01013511
152,510769421,true,1,Right,0.943601,2,0.20251783,0.84927145,-0.05610663,388,917,0.01813636,0.06316005,-0.00805192
152,510769421,true,1,Right,0.943601,3,0.29241614,0.78028258,-0.07107112,561,842,0.04988637,0.05142665,-0.00922442
152,510769421,true,1,Right,0.943601,4,0.36763996,0.72258008,-0.08583341,705,780,0.07289725,0.03661904,-0.00433827
152,510769421,true,1,Right,0.943601,5,0.20633367,0.55272442,-0.00708726,396,596,0.02397203,0.01136140,0.00741135
152,510769421,true,1,Right,0.943601,6,0.26680368,0.42250229,-0.02931002,512,456,0.04002477,-0.00839818,-0.00196302
152,510769421,true,1,Right,0.943601,7,0.30062836,0.34336460,-0.05455813,577,370,0.04987030,-0.02160183,-0.01365184
152,510769421,true,1,Right,0.943601,8,0.33453856,0.26733022,-0.07634592,642,288,0.05716701,-0.03249700,-0.04297004
152,510769421,true,1,Right,0.943601,9,0.15620244,0.47761438,-0.01291075,299,515,0.00373344,-0.00348917,0.00632708
152,510769421,true,1,Right,0.943601,10,0.21275970,0.30611314,-0.03375354,408,330,0.02474781,-0.03292357,-0.00244253
152,510769421,true,1,Right,0.943601,11,0.24906565,0.19333831,-0.06151025,478,208,0.03256438,-0.04968472,-0.02421442
152,510769421,true,1,Right,0.943601,12,0.28271070,0.09012981,-0.08427904,542,97,0.04663506,-0.06741788,-0.04414756
152,510769421,true,1,Right,0.943601,13,0.09306322,0.44857808,-0.02680136,178,484,-0.01587039,-0.00899447,-0.00408730
152,510769421,true,1,Right,0.943601,14,0.14586595,0.27734160,-0.05661066,280,299,0.00035393,-0.03614505,-0.01200956
152,510769421,true,1,Right,0.943601,15,0.18041949,0.16739527,-0.08377643,346,180,0.01219195,-0.05194925,-0.02602310
152,510769421,true,1,Right,0.943601,16,0.21421042,0.06004211,-0.10336462,411,64,0.02611006,-0.06919933,-0.04339937
152,510769421,true,1,Right,0.943601,17,0.01985165,0.45247787,-0.04497749,38,488,-0.03773245,-0.00510955,-0.01430263
152,510769421,true,1,Right,0.943601,18,0.04705015,0.30973315,-0.07985430,90,334,-0.03005332,-0.02784099,-0.01745948
152,510769421,true,1,Right,0.943601,19,0.06387826,0.21360177,-0.10023311,122,230,-0.02041352,-0.04595258,-0.02544838
152,510769421,true,1,Right,0.943601,20,0.08258961,0.11180019,-0.11367564,158,120,-0.01360932,-0.06183662,-0.03982554
153,510769494,true,0,Left,0.990142,0,0.77835870,0.91280409,0.00000059,1494,985,0.03443125,0.07717032,0.03671341
153,510769494,true,0,Left,0.990142,1,0.68844986,0.90242297,-0.04472698,1321,974,0.00038113,0.06836812,0.01908340
153,510769494,true,0,Left,0.990142,2,0.60539662,0.85030292,-0.07835458,1162,918,-0.02571789,0.06165355,0.00767414
153,510769494,true,0,Left,0.990142,3,0.53949270,0.82272796,-0.10839835,1035,888,-0.05083874,0.05355642,-0.00970393
153,510769494,true,0,Left,0.990142,4,0.47282817,0.80944899,-0.13988203,907,874,-0.07652374,0.04335157,-0.01578006
153,510769494,true,0,Left,0.990142,5,0.62421834,0.56672524,-0.05651034,1198,612,-0.02920554,0.00883743,0.00403931
153,510769494,true,0,Left,0.990142,6,0.56908399,0.44354823,-0.09475157,1092,479,-0.04348447,-0.01636713,-0.00716001
153,510769494,true,0,Left,0.990142,7,0.53176529,0.37433176,-0.12601656,1020,404,-0.05659253,-0.03056382,-0.01743661
153,510769494,true,0,Left,0.990142,8,0.49395285,0.30341014,-0.15053210,948,327,-0.06938180,-0.03544821,-0.04682542
153,510769494,true,0,Left,0.990142,9,0.68071704,0.51905079,-0.06435775,1306,560,-0.00626054,-0.00346114,0.00490220
153,510769494,true,0,Left,0.990142,10,0.64523814,0.35651945,-0.09833381,1238,385,-0.01804098,-0.03681709,-0.01159244
153,510769494,true,0,Left,0.990142,11,0.61847014,0.25943841,-0.12816458,1187,280,-0.03037062,-0.05026437,-0.03651304
153,510769494,true,0,Left,0.990142,12,0.58741271,0.16573274,-0.15144651,1127,178,-0.04318884,-0.06291193,-0.05898281
153,510769494,true,0,Left,0.990142,13,0.74283338,0.52197850,-0.07728914,1426,563,0.01858127,-0.00716566,-0.00260642
153,510769494,true,0,Left,0.990142,14,0.71752961,0.36627237,-0.11556060,1377,395,0.00778785,-0.03165760,-0.01936765
153,510769494,true,0,Left,0.990142,15,0.69482073,0.28070342,-0.14028803,1334,303,-0.00145143,-0.04570674,-0.04100305
153,510769494,true,0,Left,0.990142,16,0.66581273,0.19215901,-0.15746122,1278,207,-0.01563221,-0.05774514,-0.06098253
153,510769494,true,0,Left,0.990142,17,0.80626715,0.56022961,-0.09343148,1548,605,0.03770030,0.00491006,-0.00634311
153,510769494,true,0,Left,0.990142,18,0.80448385,0.43327532,-0.12884811,1544,467,0.03655740,-0.01796568,-0.01409450
153,510769494,true,0,Left,0.990142,19,0.79841039,0.34950559,-0.14468501,1532,377,0.03271015,-0.03479157,-0.02853109
153,510769494,true,0,Left,0.990142,20,0.78578259,0.26220840,-0.15549750,1508,283,0.02265875,-0.04681514,-0.04515440
153,510769494,true,1,Right,0.941845,0,-0.02800975,0.90022603,0.00000065,-53,972,-0.05563954,0.07538575,-0.00271746
153,510769494,true,1,Right,0.941845,1,0.08827534,0.91247164,-0.04004820,169,985,-0.01426358,0.07079246,-0.01044644
153,510769494,true,1,Right,0.941845,2,0.20052580,0.84936655,-0.05526042,385,917,0.01811271,0.06332001,-0.00760527
153,510769494,true,1,Right,0.941845,3,0.29023282,0.78004241,-0.07004158,557,842,0.04979771,0.05155629,-0.00799610
153,510769494,true,1,Right,0.941845,4,0.36543140,0.72205123,-0.08448793,701,779,0.07282882,0.03673500,-0.00202505
153,510769494,true,1,Right,0.941845,5,0.20362382,0.55223611,-0.00556904,390,596,0.02368308,0.01140435,0.00755862
153,510769494,true,1,Right,0.941845,6,0.26347270,0.42168218,-0.02719203,505,455,0.03964264,-0.00838729,-0.00174454
153,510769494,true,1,Right,0.941845,7,0.29695882,0.34284150,-0.05218632,570,370,0.04945089,-0.02151339,-0.01338388
153,510769494,true,1,Right,0.941845,8,0.33077889,0.26676422,-0.07382774,635,288,0.05654191,-0.03223085,-0.04248878
153,510769494,true,1,Right,0.941845,9,0.15410569,0.47706149,-0.01159363,295,515,0.00369565,-0.00344949,0.00632322
153,510769494,true,1,Right,0.941845,10,0.20972634,0.30532846,-0.03172803,402,329,0.02461928,-0.03286436,-0.00225401
153,510769494,true,1,Right,0.941845,11,0.24589044,0.19215660,-0.05905392,472,207,0.03225626,-0.04971991,-0.02384448
153,510769494,true,1,Right,0.941845,12,0.27932632,0.08801570,-0.08161060,536,95,0.04621924,-0.06747375,-0.04367973
153,510769494,true,1,Right,0.941845,13,0.09155630,0.44763025,-0.02569755,175,483,-0.01576953,-0.00903415,-0.00421514
153,510769494,true,1,Right,0.941845,14,0.14372719,0.27609961,-0.05482945,275,298,0.00035412,-0.03614917,-0.01200984
153,510769494,true,1,Right,0.941845,15,0.17789864,0.16658678,-0.08172073,341,179,0.01210967,-0.05183260,-0.02584949
153,510769494,true,1,Right,0.941845,16,0.21130924,0.05921371,-0.10127949,405,63,0.02590509,-0.06903653,-0.04298506
153,510769494,true,1,Right,0.941845,17,0.01895545,0.45067156,-0.04405649,36,486,-0.03731781,-0.00508853,-0.01454706
153,510769494,true,1,Right,0.941845,18,0.04491199,0.30763885,-0.07833016,86,332,-0.02988804,-0.02787286,-0.01762732
153,510769494,true,1,Right,0.941845,19,0.06106809,0.21160790,-0.09847017,117,228,-0.02053447,-0.04609218,-0.02560451
153,510769494,true,1,Right,0.941845,20,0.07932654,0.10990943,-0.11183671,152,118,-0.01377010,-0.06186188,-0.04013397
154,510769564,true,0,Left,0.991085,0,0.77794907,0.90975275,0.00000059,1493,982,0.03446574,0.07724127,0.03646358
154,510769564,true,0,Left,0.991085,1,0.68792122,0.89999291,-0.04506324,1320,971,0.00046091,0.06837578,0.01911481
154,510769564,true,0,Left,0.991085,2,0.60445540,0.84784092,-0.07878060,1160,915,-0.02576636,0.06171733,0.00762283
154,510769564,true,0,Left,0.991085,3,0.53837643,0.82069066,-0.10881359,1033,886,-0.05082616,0.05364443,-0.00969898
154,510769564,true,0,Left,0.991085,4,0.47200985,0.80767989,-0.14026589,906,872,-0.07648494,0.04348499,-0.01587548
154,510769564,true,0,Left,0.991085,5,0.62354367,0.56423764,-0.05691175,1197,609,-0.02922666,0.00877287,0.00414465
154,510769564,true,0,Left,0.991085,6,0.56828827,0.44123252,-0.09524879,1091,476,-0.04354286,-0.01629518,-0.00711070
154,510769564,true,0,Left,0.991085,7,0.53087558,0.37197062,-0.12651216,1019,401,-0.05664343,-0.03046903,-0.01728937
154,510769564,true,0,Left,0.991085,8,0.49296346,0.30118953,-0.15105206,946,325,-0.06948629,-0.03532897,-0.04673097
154,510769564,true,0,Left,0.991085,9,0.68024700,0.51634831,-0.06467303,1306,557,-0.00623574,-0.00342671,0.00488638
154,510769564,true,0,Left,0.991085,10,0.64453665,0.35421571,-0.09879971,1237,382,-0.01804881,-0.03674741,-0.01163482
154,510769564,true,0,Left,0.991085,11,0.61766993,0.25719705,-0.12869270,1185,277,-0.03044577,-0.05018165,-0.03653242
154,510769564,true,0,Left,0.991085,12,0.58661836,0.16380576,-0.15201179,1126,176,-0.04322701,-0.06269993,-0.05902739
154,510769564,true,0,Left,0.991085,13,0.74241888,0.51935619,-0.07756209,1425,560,0.01857917,-0.00717763,-0.00268651
154,510769564,true,0,Left,0.991085,14,0.71710161,0.36361075,-0.11602183,1376,392,0.00781139,-0.03166898,-0.01938959
154,510769564,true,0,Left,0.991085,15,0.69420330,0.27708288,-0.14095919,1332,299,-0.00154477,-0.04580213,-0.04098675
154,510769564,true,0,Left,0.991085,16,0.66513823,0.18727947,-0.15830241,1277,202,-0.01574933,-0.05793655,-0.06096393
154,510769564,true,0,Left,0.991085,17,0.80585125,0.55768488,-0.09367782,1547,602,0.03768552,0.00488845,-0.00647859
154,510769564,true,0,Left,0.991085,18,0.80414614,0.43059106,-0.12932442,1543,465,0.03653472,-0.01804107,-0.01418928
154,510769564,true,0,Left,0.991085,19,0.79800294,0.34621692,-0.14540354,1532,373,0.03278098,-0.03495193,-0.02859153
154,510769564,true,0,Left,0.991085,20,0.78524781,0.25815800,-0.15642514,1507,278,0.02263821,-0.04694563,-0.04524396
154,510769564,true,1,Right,0.940169,0,-0.02955496,0.90280354,0.00000065,-56,975,-0.05573002,0.07536431,-0.00222011
154,510769564,true,1,Right,0.940169,1,0.08680571,0.91366470,-0.03955102,166,986,-0.01435288,0.07066468,-0.00979023
154,510769564,true,1,Right,0.940169,2,0.19920590,0.84987784,-0.05502507,382,917,0.01789152,0.06332636,-0.00655734
154,510769564,true,1,Right,0.940169,3,0.28888240,0.78041006,-0.07015355,554,842,0.04953535,0.05143325,-0.00709342
154,510769564,true,1,Right,0.940169,4,0.36424934,0.72257658,-0.08489450,699,780,0.07252639,0.03679244,-0.00065667
154,510769564,true,1,Right,0.940169,5,0.20224718,0.55217575,-0.00562762,388,596,0.02350163,0.01136386,0.00759706
154,510769564,true,1,Right,0.940169,6,0.26210686,0.42145664,-0.02761070,503,455,0.03935961,-0.00840294,-0.00159352
154,510769564,true,1,Right,0.940169,7,0.29569396,0.34264568,-0.05264688,567,370,0.04925930,-0.02152486,-0.01307145
154,510769564,true,1,Right,0.940169,8,0.32956986,0.26680054,-0.07430716,632,288,0.05619217,-0.03205358,-0.04178528
154,510769564,true,1,Right,0.940169,9,0.15296542,0.47699769,-0.01204564,293,515,0.00364159,-0.00352733,0.00635574
154,510769564,true,1,Right,0.940169,10,0.20793872,0.30426023,-0.03267268,399,328,0.02444297,-0.03297375,-0.00239604
154,510769564,true,1,Right,0.940169,11,0.24393662,0.19110028,-0.05996933,468,206,0.03189311,-0.04972755,-0.02382029
154,510769564,true,1,Right,0.940169,12,0.27740971,0.08713697,-0.08237481,532,94,0.04576113,-0.06735628,-0.04332556
154,510769564,true,1,Right,0.940169,13,0.09065985,0.44754625,-0.02646175,174,483,-0.01569541,-0.00902884,-0.00426982
154,510769564,true,1,Right,0.940169,14,0.14234047,0.27496200,-0.05605429,273,296,0.00030442,-0.03602116,-0.01218366
154,510769564,true,1,Right,0.940169,15,0.17682252,0.16570985,-0.08294254,339,178,0.01203929,-0.05182186,-0.02588717
154,510769564,true,1,Right,0.940169,16,0.21068882,0.05880428,-0.10238691,404,63,0.02571123,-0.06890109,-0.04284124
154,510769564,true,1,Right,0.940169,17,0.01825468,0.45083077,-0.04511280,35,486,-0.03694503,-0.00496672,-0.01464493
154,510769564,true,1,Right,0.940169,18,0.04284477,0.30720195,-0.07973493,82,331,-0.02992069,-0.02770291,-0.01804081
154,510769564,true,1,Right,0.940169,19,0.05909606,0.21149226,-0.09996036,113,228,-0.02071625,-0.04577874,-0.02613132
154,510769564,true,1,Right,0.940169,20,0.07766557,0.11049894,-0.11329931,149,119,-0.01392689,-0.06146925,-0.04093193
155,510769628,true,0,Left,0.991694,0,0.77655769,0.90867271,0.00000059,1490,981,0.03430765,0.07733934,0.03623293
155,510769628,true,0,Left,0.991694,1,0.68641851,0.89954740,-0.04511643,1317,971,0.00030487,0.06847265,0.01909233
155,510769628,true,0,Left,0.991694,2,0.60277931,0.84685883,-0.07868645,1157,914,-0.02599254,0.06170148,0.00754342
155,510769628,true,0,Left,0.991694,3,0.53714984,0.81852347,-0.10853134,1031,884,-0.05085739,0.05350080,-0.00962046
155,510769628,true,0,Left,0.991694,4,0.47127020,0.80394219,-0.13978135,904,868,-0.07641125,0.04329935,-0.01580714
155,510769628,true,0,Left,0.991694,5,0.62256654,0.56279746,-0.05691235,1195,607,-0.02927884,0.00868525,0.00418724
155,510769628,true,0,Left,0.991694,6,0.56721457,0.43932103,-0.09525889,1089,474,-0.04356220,-0.01633239,-0.00695773
155,510769628,true,0,Left,0.991694,7,0.52968685,0.36997195,-0.12648964,1016,399,-0.05661228,-0.03056902,-0.01705848
155,510769628,true,0,Left,0.991694,8,0.49171717,0.29956966,-0.15096663,944,323,-0.06948298,-0.03548256,-0.04638010
155,510769628,true,0,Left,0.991694,9,0.67934691,0.51522681,-0.06461724,1304,556,-0.00622380,-0.00337696,0.00497171
155,510769628,true,0,Left,0.991694,10,0.64335173,0.35231033,-0.09881190,1235,380,-0.01803718,-0.03682411,-0.01164913
155,510769628,true,0,Left,0.991694,11,0.61624056,0.25503374,-0.12868573,1183,275,-0.03051738,-0.05036242,-0.03641279
155,510769628,true,0,Left,0.991694,12,0.58517656,0.16185173,-0.15191903,1123,174,-0.04325954,-0.06283230,-0.05899786
155,510769628,true,0,Left,0.991694,13,0.74151841,0.51834173,-0.07747508,1423,559,0.01862874,-0.00716668,-0.00270963
155,510769628,true,0,Left,0.991694,14,0.71589838,0.36158569,-0.11602137,1374,390,0.00784942,-0.03178471,-0.01936047
155,510769628,true,0,Left,0.991694,15,0.69256328,0.27448301,-0.14106199,1329,296,-0.00164285,-0.04610004,-0.04073353
155,510769628,true,0,Left,0.991694,16,0.66332298,0.18446957,-0.15842366,1273,199,-0.01595729,-0.05827407,-0.06062051
155,510769628,true,0,Left,0.991694,17,0.80497576,0.55668923,-0.09355204,1545,601,0.03771397,0.00496569,-0.00659398
155,510769628,true,0,Left,0.991694,18,0.80322329,0.42867230,-0.12928769,1542,462,0.03658731,-0.01808857,-0.01430464
155,510769628,true,0,Left,0.991694,19,0.79691161,0.34381154,-0.14546646,1530,371,0.03284032,-0.03513878,-0.02862871
155,510769628,true,0,Left,0.991694,20,0.78405014,0.25554019,-0.15652379,1505,275,0.02259828,-0.04715971,-0.04518578
155,510769628,true,1,Right,0.940487,0,-0.03010097,0.90289041,0.00000064,-57,975,-0.05570347,0.07525415,-0.00151458
155,510769628,true,1,Right,0.940487,1,0.08616749,0.91375870,-0.03950301,165,986,-0.01433500,0.07050172,-0.00908575
155,510769628,true,1,Right,0.940487,2,0.19861051,0.85088136,-0.05515692,381,918,0.01788851,0.06342201,-0.00568210
155,510769628,true,1,Right,0.940487,3,0.28841868,0.78153457,-0.07053257,553,844,0.04941672,0.05154521,-0.00636139
155,510769628,true,1,Right,0.940487,4,0.36375293,0.72402116,-0.08547688,698,781,0.07239484,0.03703134,0.00017070
155,510769628,true,1,Right,0.940487,5,0.20145354,0.55242541,-0.00546709,386,596,0.02335627,0.01137641,0.00761210
155,510769628,true,1,Right,0.940487,6,0.26186815,0.42183414,-0.02726384,502,455,0.03932314,-0.00834340,-0.00139396
155,510769628,true,1,Right,0.940487,7,0.29571363,0.34290593,-0.05201018,567,370,0.04931474,-0.02147571,-0.01269952
155,510769628,true,1,Right,0.940487,8,0.32959977,0.26728822,-0.07348615,632,288,0.05620146,-0.03183448,-0.04097025
155,510769628,true,1,Right,0.940487,9,0.15214310,0.47708680,-0.01195195,292,515,0.00360159,-0.00357740,0.00633807
155,510769628,true,1,Right,0.940487,10,0.20708586,0.30350371,-0.03251764,397,327,0.02435374,-0.03301831,-0.00249962
155,510769628,true,1,Right,0.940487,11,0.24288138,0.19030328,-0.05947134,466,205,0.03165962,-0.04975263,-0.02377836
155,510769628,true,1,Right,0.940487,12,0.27601234,0.08695301,-0.08155450,529,93,0.04537514,-0.06724980,-0.04293282
155,510769628,true,1,Right,0.940487,13,0.09000885,0.44758490,-0.02646258,172,483,-0.01565327,-0.00904100,-0.00428946
155,510769628,true,1,Right,0.940487,14,0.14170214,0.27417871,-0.05602088,272,296,0.00020712,-0.03595468,-0.01240993
155,510769628,true,1,Right,0.940487,15,0.17643479,0.16464116,-0.08279941,338,177,0.01193652,-0.05189074,-0.02600491
155,510769628,true,1,Right,0.940487,16,0.21058153,0.05787712,-0.10218095,404,62,0.02565359,-0.06889041,-0.04272910
155,510769628,true,1,Right,0.940487,17,0.01780960,0.45096264,-0.04518709,34,487,-0.03672238,-0.00495256,-0.01463109
155,510769628,true,1,Right,0.940487,18,0.04180181,0.30684867,-0.07984118,80,331,-0.02989931,-0.02762623,-0.01825675
155,510769628,true,1,Right,0.940487,19,0.05827167,0.21081391,-0.10017690,111,227,-0.02088935,-0.04574556,-0.02638558
155,510769628,true,1,Right,0.940487,20,0.07733879,0.10976899,-0.11360091,148,118,-0.01396496,-0.06143282,-0.04125257
156,510769681,true,0,Left,0.991689,0,0.77600036,0.90878245,0.00000059,1489,981,0.03433722,0.07747964,0.03623091
156,510769681,true,0,Left,0.991689,1,0.68563009,0.90019277,-0.04496725,1316,972,0.00033536,0.06865853,0.01920960
156,510769681,true,0,Left,0.991689,2,0.60168444,0.84717922,-0.07823065,1155,914,-0.02596064,0.06186683,0.00742416
156,510769681,true,0,Left,0.991689,3,0.53644509,0.81753156,-0.10773107,1029,882,-0.05068144,0.05357017,-0.00999443
156,510769681,true,0,Left,0.991689,4,0.47106359,0.80233601,-0.13858133,904,866,-0.07601230,0.04328823,-0.01639508
156,510769681,true,0,Left,0.991689,5,0.62137364,0.56216662,-0.05655221,1193,607,-0.02933997,0.00865408,0.00418858
156,510769681,true,0,Left,0.991689,6,0.56575173,0.43797601,-0.09471156,1086,473,-0.04360984,-0.01633118,-0.00691255
156,510769681,true,0,Left,0.991689,7,0.52801998,0.36835696,-0.12580422,1013,397,-0.05677576,-0.03061009,-0.01693648
156,510769681,true,0,Left,0.991689,8,0.48978663,0.29817980,-0.15015947,940,322,-0.06975179,-0.03549325,-0.04633342
156,510769681,true,0,Left,0.991689,9,0.67847155,0.51420680,-0.06425765,1302,555,-0.00622887,-0.00337457,0.00498544
156,510769681,true,0,Left,0.991689,10,0.64226393,0.35087963,-0.09821169,1233,378,-0.01807622,-0.03684077,-0.01172679
156,510769681,true,0,Left,0.991689,11,0.61505064,0.25373699,-0.12791597,1180,274,-0.03060868,-0.05040875,-0.03644378
156,510769681,true,0,Left,0.991689,12,0.58384167,0.16106973,-0.15099429,1120,173,-0.04327672,-0.06276126,-0.05901902
156,510769681,true,0,Left,0.991689,13,0.74084403,0.51714736,-0.07712609,1422,558,0.01865413,-0.00719698,-0.00274012
156,510769681,true,0,Left,0.991689,14,0.71521632,0.35995141,-0.11546397,1373,388,0.00790009,-0.03189721,-0.01943344
156,510769681,true,0,Left,0.991689,15,0.69180636,0.27224815,-0.14042770,1328,294,-0.00159443,-0.04620416,-0.04081048
156,510769681,true,0,Left,0.991689,16,0.66253758,0.18185207,-0.15774118,1272,196,-0.01589497,-0.05834218,-0.06077721
156,510769681,true,0,Left,0.991689,17,0.80431500,0.55559348,-0.09320969,1544,600,0.03774834,0.00502319,-0.00659117
156,510769681,true,0,Left,0.991689,18,0.80249741,0.42712166,-0.12881351,1540,461,0.03662060,-0.01811829,-0.01429673
156,510769681,true,0,Left,0.991689,19,0.79605201,0.34191763,-0.14491250,1528,369,0.03282902,-0.03524201,-0.02872765
156,510769681,true,0,Left,0.991689,20,0.78308724,0.25345109,-0.15589283,1503,273,0.02257725,-0.04727869,-0.04527589
156,510769681,true,1,Right,0.939084,0,-0.03219081,0.90166742,0.00000064,-61,973,-0.05571612,0.07490041,-0.00126229
156,510769681,true,1,Right,0.939084,1,0.08381794,0.91458087,-0.04019908,160,987,-0.01450475,0.07045064,-0.00899613
156,510769681,true,1,Right,0.939084,2,0.19754995,0.85085636,-0.05630424,379,918,0.01767137,0.06343033,-0.00539160
156,510769681,true,1,Right,0.939084,3,0.28758406,0.78150361,-0.07197358,552,844,0.04906261,0.05154416,-0.00590511
156,510769681,true,1,Right,0.939084,4,0.36315713,0.72361491,-0.08725375,697,781,0.07213150,0.03708360,0.00064482
156,510769681,true,1,Right,0.939084,5,0.20054904,0.55204855,-0.00740440,385,596,0.02305866,0.01142431,0.00760635
156,510769681,true,1,Right,0.939084,6,0.26057344,0.42114926,-0.03030564,500,454,0.03892922,-0.00808733,-0.00144325
156,510769681,true,1,Right,0.939084,7,0.29462990,0.34226775,-0.05573323,565,369,0.04890238,-0.02130200,-0.01271678
156,510769681,true,1,Right,0.939084,8,0.32847579,0.26634776,-0.07771944,630,287,0.05577629,-0.03157339,-0.04104467
156,510769681,true,1,Right,0.939084,9,0.15158335,0.47652577,-0.01391367,291,514,0.00354450,-0.00361510,0.00644130
156,510769681,true,1,Right,0.939084,10,0.20646081,0.30247373,-0.03584480,396,326,0.02430895,-0.03287180,-0.00251734
156,510769681,true,1,Right,0.939084,11,0.24257668,0.18926859,-0.06359445,465,204,0.03150739,-0.04958730,-0.02379076
156,510769681,true,1,Right,0.939084,12,0.27553146,0.08591748,-0.08622902,529,92,0.04518188,-0.06700270,-0.04324374
156,510769681,true,1,Right,0.939084,13,0.08945006,0.44638050,-0.02846161,171,482,-0.01550554,-0.00915092,-0.00427019
156,510769681,true,1,Right,0.939084,14,0.14158656,0.27286060,-0.05932389,271,294,0.00035059,-0.03574990,-0.01232884
156,510769681,true,1,Right,0.939084,15,0.17709379,0.16350640,-0.08710964,340,176,0.01218653,-0.05177060,-0.02593924
156,510769681,true,1,Right,0.939084,16,0.21176144,0.05675091,-0.10718776,406,61,0.02597766,-0.06867147,-0.04290883
156,510769681,true,1,Right,0.939084,17,0.01703916,0.44876372,-0.04717530,32,484,-0.03634978,-0.00502816,-0.01464100
156,510769681,true,1,Right,0.939084,18,0.04070266,0.30422575,-0.08289832,78,328,-0.02975601,-0.02763832,-0.01812042
156,510769681,true,1,Right,0.939084,19,0.05701789,0.20829257,-0.10408135,109,224,-0.02088894,-0.04574561,-0.02619122
156,510769681,true,1,Right,0.939084,20,0.07587625,0.10738528,-0.11815568,145,115,-0.01408170,-0.06129656,-0.04134002
157,510769722,true,0,Left,0.991366,0,0.77584408,0.90901514,0.00000058,1489,981,0.03436637,0.07751640,0.03615316
157,510769722,true,0,Left,0.991366,1,0.68509733,0.90066829,-0.04497791,1315,972,0.00033594,0.06870281,0.01913831
157,510769722,true,0,Left,0.991366,2,0.60080569,0.84729550,-0.07804081,1153,915,-0.02599464,0.06190143,0.00721509
157,510769722,true,0,Left,0.991366,3,0.53553761,0.81751557,-0.10729117,1028,882,-0.05065707,0.05358810,-0.01027477
157,510769722,true,0,Left,0.991366,4,0.47040211,0.80205451,-0.13784196,903,866,-0.07586265,0.04326555,-0.01679406
157,510769722,true,0,Left,0.991366,5,0.62061643,0.56157124,-0.05621002,1191,606,-0.02936286,0.00864853,0.00412969
157,510769722,true,0,Left,0.991366,6,0.56481342,0.43721668,-0.09412056,1084,472,-0.04361116,-0.01634425,-0.00692254
157,510769722,true,0,Left,0.991366,7,0.52702654,0.36743265,-0.12503283,1011,396,-0.05679595,-0.03062638,-0.01689591
157,510769722,true,0,Left,0.991366,8,0.48868094,0.29721766,-0.14929363,938,320,-0.06974635,-0.03541685,-0.04634700
157,510769722,true,0,Left,0.991366,9,0.67800668,0.51338302,-0.06387609,1301,554,-0.00624040,-0.00335437,0.00501097
157,510769722,true,0,Left,0.991366,10,0.64168978,0.34980342,-0.09759063,1232,377,-0.01804789,-0.03681408,-0.01176274
157,510769722,true,0,Left,0.991366,11,0.61440455,0.25274425,-0.12714581,1179,272,-0.03056734,-0.05037028,-0.03644242
157,510769722,true,0,Left,0.991366,12,0.58303633,0.16020194,-0.15012346,1119,173,-0.04323198,-0.06264710,-0.05906442
157,510769722,true,0,Left,0.991366,13,0.74052290,0.51638417,-0.07673818,1421,557,0.01869257,-0.00719654,-0.00270841
157,510769722,true,0,Left,0.991366,14,0.71480094,0.35867098,-0.11497538,1372,387,0.00797190,-0.03194048,-0.01939181
157,510769722,true,0,Left,0.991366,15,0.69117304,0.27071822,-0.13996917,1327,292,-0.00162865,-0.04630769,-0.04077712
157,510769722,true,0,Left,0.991366,16,0.66161719,0.17991326,-0.15731227,1270,194,-0.01596877,-0.05843363,-0.06070637
157,510769722,true,0,Left,0.991366,17,0.80403956,0.55502775,-0.09281491,1543,599,0.03775645,0.00500980,-0.00656907
157,510769722,true,0,Left,0.991366,18,0.80228166,0.42620382,-0.12842216,1540,460,0.03666848,-0.01813070,-0.01424306
157,510769722,true,0,Left,0.991366,19,0.79574492,0.34064117,-0.14458329,1527,367,0.03291732,-0.03528420,-0.02866577
157,510769722,true,0,Left,0.991366,20,0.78259183,0.25157469,-0.15561401,1502,271,0.02261373,-0.04739014,-0.04521894
157,510769722,true,1,Right,0.934371,0,-0.03319882,0.90119375,0.00000063,-63,973,-0.05565092,0.07470964,-0.00049038
157,510769722,true,1,Right,0.934371,1,0.08220047,0.91398229,-0.04031090,157,987,-0.01454946,0.07029756,-0.00858016
157,510769722,true,1,Right,0.934371,2,0.19638826,0.84984860,-0.05666244,377,917,0.01754407,0.06328473,-0.00494377
157,510769722,true,1,Right,0.934371,3,0.28662203,0.78026529,-0.07249582,550,842,0.04857111,0.05143385,-0.00593827
157,510769722,true,1,Right,0.934371,4,0.36263483,0.72227234,-0.08796800,696,780,0.07184866,0.03712646,0.00032281
157,510769722,true,1,Right,0.934371,5,0.19978290,0.55119744,-0.00870371,383,595,0.02288870,0.01141990,0.00751170
157,510769722,true,1,Right,0.934371,6,0.25997076,0.41909185,-0.03188496,499,452,0.03876525,-0.00794716,-0.00157907
157,510769722,true,1,Right,0.934371,7,0.29392588,0.34013068,-0.05721052,564,367,0.04858832,-0.02124869,-0.01272124
157,510769722,true,1,Right,0.934371,8,0.32714293,0.26391482,-0.07907333,628,285,0.05534511,-0.03128279,-0.04097497
157,510769722,true,1,Right,0.934371,9,0.15064077,0.47519730,-0.01534079,289,513,0.00349455,-0.00363555,0.00642941
157,510769722,true,1,Right,0.934371,10,0.20577039,0.29972470,-0.03756874,395,323,0.02426738,-0.03281563,-0.00261241
157,510769722,true,1,Right,0.934371,11,0.24168523,0.18651012,-0.06522610,464,201,0.03139111,-0.04945200,-0.02386603
157,510769722,true,1,Right,0.934371,12,0.27387567,0.08378620,-0.08778930,525,90,0.04489033,-0.06665495,-0.04328619
157,510769722,true,1,Right,0.934371,13,0.08841668,0.44430514,-0.02993646,169,479,-0.01539856,-0.00914563,-0.00419765
157,510769722,true,1,Right,0.934371,14,0.14118119,0.27004407,-0.06090149,271,291,0.00039067,-0.03557217,-0.01226329
157,510769722,true,1,Right,0.934371,15,0.17723404,0.16059464,-0.08878449,340,173,0.01242348,-0.05156905,-0.02603802
157,510769722,true,1,Right,0.934371,16,0.21214099,0.05432697,-0.10904508,407,58,0.02612714,-0.06838262,-0.04297857
157,510769722,true,1,Right,0.934371,17,0.01611627,0.44570502,-0.04863052,30,481,-0.03598661,-0.00502923,-0.01443294
157,510769722,true,1,Right,0.934371,18,0.03930413,0.29983050,-0.08442397,75,323,-0.02972593,-0.02764473,-0.01791140
157,510769722,true,1,Right,0.934371,19,0.05526043,0.20355225,-0.10562113,106,219,-0.02093212,-0.04581951,-0.02599426
157,510769722,true,1,Right,0.934371,20,0.07378062,0.10296438,-0.11973396,141,111,-0.01421786,-0.06109380,-0.04144758
158,510769799,true,0,Left,0.991214,0,0.77681818,0.91061704,0.00000059,1491,983,0.03458350,0.07765484,0.03639269
158,510769799,true,0,Left,0.991214,1,0.68548246,0.90144125,-0.04498470,1316,973,0.00042668,0.06876836,0.01927710
158,510769799,true,0,Left,0.991214,2,0.60091409,0.84769494,-0.07809474,1153,915,-0.02591482,0.06195907,0.00730590
158,510769799,true,0,Left,0.991214,3,0.53512037,0.81783302,-0.10741551,1027,883,-0.05061896,0.05361416,-0.01041258
158,510769799,true,0,Left,0.991214,4,0.46957712,0.80299473,-0.13804288,901,867,-0.07580322,0.04347306,-0.01689102
158,510769799,true,0,Left,0.991214,5,0.62037004,0.56056146,-0.05598390,1191,605,-0.02916651,0.00873624,0.00404454
158,510769799,true,0,Left,0.991214,6,0.56456446,0.43498730,-0.09390351,1083,469,-0.04357453,-0.01641900,-0.00702420
158,510769799,true,0,Left,0.991214,7,0.52655462,0.36470469,-0.12498585,1010,393,-0.05680687,-0.03064335,-0.01714506
158,510769799,true,0,Left,0.991214,8,0.48780669,0.29456284,-0.14932869,936,318,-0.06977466,-0.03544596,-0.04661632
158,510769799,true,0,Left,0.991214,9,0.67792368,0.51221600,-0.06372169,1301,553,-0.00627270,-0.00340790,0.00499756
158,510769799,true,0,Left,0.991214,10,0.64192980,0.34770845,-0.09720044,1232,375,-0.01799663,-0.03688909,-0.01183080
158,510769799,true,0,Left,0.991214,11,0.61446202,0.25007674,-0.12666261,1179,270,-0.03064260,-0.05036265,-0.03663416
158,510769799,true,0,Left,0.991214,12,0.58268484,0.15701046,-0.14954852,1118,169,-0.04326508,-0.06265139,-0.05941600
158,510769799,true,0,Left,0.991214,13,0.74074136,0.51519616,-0.07667990,1422,556,0.01871930,-0.00724266,-0.00270678
158,510769799,true,0,Left,0.991214,14,0.71491823,0.35542217,-0.11465114,1372,383,0.00787228,-0.03208323,-0.01933366
158,510769799,true,0,Left,0.991214,15,0.69110921,0.26646210,-0.13949855,1326,287,-0.00170191,-0.04648287,-0.04080453
158,510769799,true,0,Left,0.991214,16,0.66125889,0.17470638,-0.15673478,1269,188,-0.01610808,-0.05869396,-0.06083283
158,510769799,true,0,Left,0.991214,17,0.80452922,0.55392037,-0.09288199,1544,598,0.03774139,0.00497852,-0.00644994
158,510769799,true,0,Left,0.991214,18,0.80276953,0.42341767,-0.12830522,1541,457,0.03657580,-0.01819554,-0.01415138
158,510769799,true,0,Left,0.991214,19,0.79644715,0.33637918,-0.14427518,1529,363,0.03289643,-0.03542030,-0.02853336
158,510769799,true,0,Left,0.991214,20,0.78367303,0.24581028,-0.15511052,1504,265,0.02281220,-0.04791475,-0.04520174
158,510769799,true,1,Right,0.924784,0,-0.03582433,0.89735903,0.00000062,-68,969,-0.05551442,0.07473091,-0.00182203
158,510769799,true,1,Right,0.924784,1,0.07973778,0.91160899,-0.04001427,153,984,-0.01450520,0.07042598,-0.00956518
158,510769799,true,1,Right,0.924784,2,0.19393213,0.84628104,-0.05599315,372,913,0.01762454,0.06324969,-0.00580189
158,510769799,true,1,Right,0.924784,3,0.28428720,0.77471866,-0.07156477,545,836,0.04833768,0.05131203,-0.00619907
158,510769799,true,1,Right,0.924784,4,0.36067406,0.71527976,-0.08673802,692,772,0.07174161,0.03688788,0.00095252
158,510769799,true,1,Right,0.924784,5,0.19691620,0.54725301,-0.00740146,378,591,0.02266516,0.01161805,0.00744590
158,510769799,true,1,Right,0.924784,6,0.25698220,0.41514275,-0.02993438,493,448,0.03866413,-0.00762902,-0.00149599
158,510769799,true,1,Right,0.924784,7,0.29075706,0.33506583,-0.05497000,558,361,0.04826378,-0.02112126,-0.01270285
158,510769799,true,1,Right,0.924784,8,0.32356879,0.25756511,-0.07668557,621,278,0.05512867,-0.03101689,-0.04116448
158,510769799,true,1,Right,0.924784,9,0.14772615,0.46895360,-0.01396070,283,506,0.00341941,-0.00356011,0.00646214
158,510769799,true,1,Right,0.924784,10,0.20203230,0.29382879,-0.03549807,387,317,0.02408347,-0.03277096,-0.00249742
158,510769799,true,1,Right,0.924784,11,0.23797295,0.18014943,-0.06285822,456,194,0.03123763,-0.04941381,-0.02375744
158,510769799,true,1,Right,0.924784,12,0.26994619,0.07755423,-0.08526254,518,83,0.04462534,-0.06643401,-0.04368136
158,510769799,true,1,Right,0.924784,13,0.08614361,0.43606892,-0.02852324,165,470,-0.01520460,-0.00919453,-0.00415289
158,510769799,true,1,Right,0.924784,14,0.13856559,0.25919709,-0.05875317,266,279,0.00035740,-0.03580227,-0.01191117
158,510769799,true,1,Right,0.924784,15,0.17418565,0.14893717,-0.08624528,334,160,0.01239396,-0.05188922,-0.02586880
158,510769799,true,1,Right,0.924784,16,0.20866107,0.04277364,-0.10629134,400,46,0.02598125,-0.06875341,-0.04293579
158,510769799,true,1,Right,0.924784,17,0.01519673,0.43673797,-0.04724909,29,471,-0.03548713,-0.00518196,-0.01441765
158,510769799,true,1,Right,0.924784,18,0.03688337,0.28948317,-0.08259025,70,312,-0.02965635,-0.02781040,-0.01754740
158,510769799,true,1,Right,0.924784,19,0.05153422,0.19024945,-0.10369246,98,205,-0.02118732,-0.04643921,-0.02563036
158,510769799,true,1,Right,0.924784,20,0.06873233,0.08773787,-0.11772551,131,94,-0.01471943,-0.06169502,-0.04137635
159,510769861,true,0,Left,0.991681,0,0.77904741,0.91093743,0.00000059,1495,983,0.03434881,0.07749074,0.03718831
159,510769861,true,0,Left,0.991681,1,0.68701281,0.90103235,-0.04558065,1319,973,0.00003122,0.06881739,0.01921417
159,510769861,true,0,Left,0.991681,2,0.60205754,0.84603195,-0.07912595,1155,913,-0.02607154,0.06189512,0.00701160
159,510769861,true,0,Left,0.991681,3,0.53601660,0.81436352,-0.10879911,1029,879,-0.05088005,0.05310271,-0.01091991
159,510769861,true,0,Left,0.991681,4,0.47017900,0.79513147,-0.13974636,902,858,-0.07601620,0.04289538,-0.01721197
159,510769861,true,0,Left,0.991681,5,0.62228575,0.55732777,-0.05748455,1194,601,-0.02905878,0.00897954,0.00364258
159,510769861,true,0,Left,0.991681,6,0.56648421,0.43069834,-0.09598621,1087,465,-0.04344323,-0.01644696,-0.00725051
159,510769861,true,0,Left,0.991681,7,0.52863860,0.35852354,-0.12749099,1014,387,-0.05655135,-0.03085461,-0.01794820
159,510769861,true,0,Left,0.991681,8,0.49021774,0.28591868,-0.15226753,941,308,-0.06939469,-0.03602609,-0.04752156
159,510769861,true,0,Left,0.991681,9,0.68012665,0.50914463,-0.06517004,1305,549,-0.00628251,-0.00344031,0.00499811
159,510769861,true,0,Left,0.991681,10,0.64496811,0.34320286,-0.09945034,1238,370,-0.01792586,-0.03695649,-0.01192495
159,510769861,true,0,Left,0.991681,11,0.61766155,0.24496773,-0.12933640,1185,264,-0.03041661,-0.05033957,-0.03696284
159,510769861,true,0,Left,0.991681,12,0.58574043,0.15106587,-0.15261684,1124,163,-0.04302739,-0.06278473,-0.06045345
159,510769861,true,0,Left,0.991681,13,0.74336249,0.51258003,-0.07807313,1427,553,0.01872405,-0.00726134,-0.00234171
159,510769861,true,0,Left,0.991681,14,0.71806913,0.35162657,-0.11665104,1378,379,0.00809574,-0.03204455,-0.01924611
159,510769861,true,0,Left,0.991681,15,0.69534660,0.26286462,-0.14162274,1335,283,-0.00122434,-0.04645986,-0.04072778
159,510769861,true,0,Left,0.991681,16,0.66623214,0.17208460,-0.15900648,1279,185,-0.01550304,-0.05870783,-0.06137947
159,510769861,true,0,Left,0.991681,17,0.80776279,0.55184849,-0.09429060,1550,595,0.03786178,0.00501062,-0.00593304
159,510769861,true,0,Left,0.991681,18,0.80618949,0.41952544,-0.13045993,1547,453,0.03681104,-0.01828762,-0.01354801
159,510769861,true,0,Left,0.991681,19,0.80005985,0.33166991,-0.14691433,1536,358,0.03284412,-0.03550646,-0.02810742
159,510769861,true,0,Left,0.991681,20,0.78741542,0.24101641,-0.15811784,1511,260,0.02277712,-0.04825945,-0.04486409
159,510769861,true,1,Right,0.926329,0,-0.03857577,0.89318205,0.00000062,-74,964,-0.05529397,0.07504375,-0.00334173
159,510769861,true,1,Right,0.926329,1,0.07809819,0.90977930,-0.03924428,149,982,-0.01449817,0.07050971,-0.01046202
159,510769861,true,1,Right,0.926329,2,0.19327433,0.84046473,-0.05387280,371,907,0.01795047,0.06308349,-0.00604190
159,510769861,true,1,Right,0.926329,3,0.28373647,0.76540401,-0.06831418,544,826,0.04847740,0.05095360,-0.00516348
159,510769861,true,1,Right,0.926329,4,0.36017875,0.70400413,-0.08217248,691,760,0.07208102,0.03649594,0.00350076
159,510769861,true,1,Right,0.926329,5,0.19365075,0.54030774,-0.00284484,371,583,0.02237746,0.01163048,0.00765164
159,510769861,true,1,Right,0.926329,6,0.25299991,0.40753130,-0.02229844,485,440,0.03859899,-0.00756304,-0.00086239
159,510769861,true,1,Right,0.926329,7,0.28688824,0.32564984,-0.04485571,550,351,0.04797927,-0.02126374,-0.01224179
159,510769861,true,1,Right,0.926329,8,0.31907513,0.24986762,-0.06478250,612,269,0.05501423,-0.03088196,-0.04103910
159,510769861,true,1,Right,0.926329,9,0.14363890,0.46141126,-0.00918533,275,498,0.00321464,-0.00361871,0.00645004
159,510769861,true,1,Right,0.926329,10,0.19635020,0.28678731,-0.02764989,376,309,0.02362185,-0.03274492,-0.00247944
159,510769861,true,1,Right,0.926329,11,0.23206068,0.17201293,-0.05282228,445,185,0.03099216,-0.04915936,-0.02381161
159,510769861,true,1,Right,0.926329,12,0.26415670,0.07010662,-0.07358831,507,75,0.04423112,-0.06602667,-0.04409933
159,510769861,true,1,Right,0.926329,13,0.08260593,0.42796256,-0.02380451,158,462,-0.01503832,-0.00900496,-0.00426373
159,510769861,true,1,Right,0.926329,14,0.13491806,0.25171181,-0.05179429,259,271,0.00048394,-0.03555986,-0.01220600
159,510769861,true,1,Right,0.926329,15,0.17042566,0.14285753,-0.07822087,327,154,0.01247067,-0.05153752,-0.02650616
159,510769861,true,1,Right,0.926329,16,0.20449933,0.03884544,-0.09771788,392,41,0.02576000,-0.06815720,-0.04379322
159,510769861,true,1,Right,0.926329,17,0.01340099,0.42886309,-0.04267616,25,463,-0.03500014,-0.00491153,-0.01460268
159,510769861,true,1,Right,0.926329,18,0.03362162,0.28294209,-0.07690704,64,305,-0.02948705,-0.02730211,-0.01790203
159,510769861,true,1,Right,0.926329,19,0.04619906,0.18351609,-0.09790261,88,198,-0.02137442,-0.04611194,-0.02647237
159,510769861,true,1,Right,0.926329,20,0.06086432,0.08166326,-0.11187896,116,88,-0.01526323,-0.06132328,-0.04226366
160,510769929,true,0,Left,0.985211,0,0.78485260,0.90973207,0.00000059,1506,982,0.03355757,0.07770344,0.03758211
160,510769929,true,0,Left,0.985211,1,0.69136584,0.89641889,-0.04523439,1327,968,-0.00087750,0.06884859,0.01950666
160,510769929,true,0,Left,0.985211,2,0.60638249,0.83528816,-0.07884826,1164,902,-0.02695447,0.06137432,0.00710714
160,510769929,true,0,Left,0.985211,3,0.53953822,0.79668855,-0.10863780,1035,860,-0.05154392,0.05134225,-0.01079267
160,510769929,true,0,Left,0.985211,4,0.47337119,0.76965761,-0.13972451,908,831,-0.07649727,0.04099296,-0.01701076
160,510769929,true,0,Left,0.985211,5,0.62936245,0.54796857,-0.05862882,1208,591,-0.02908185,0.00885458,0.00342325
160,510769929,true,0,Left,0.985211,6,0.57388264,0.41517562,-0.09755171,1101,448,-0.04338840,-0.01711348,-0.00729144
160,510769929,true,0,Left,0.985211,7,0.53636869,0.33934690,-0.12913259,1029,366,-0.05606132,-0.03155665,-0.01834261
160,510769929,true,0,Left,0.985211,8,0.49840469,0.26451349,-0.15394454,956,285,-0.06922127,-0.03752987,-0.04812346
160,510769929,true,0,Left,0.985211,9,0.68841516,0.50088169,-0.06675433,1321,540,-0.00605982,-0.00358513,0.00500703
160,510769929,true,0,Left,0.985211,10,0.65550103,0.33008578,-0.10216302,1258,356,-0.01752491,-0.03724699,-0.01215745
160,510769929,true,0,Left,0.985211,11,0.62896877,0.23095420,-0.13256688,1207,249,-0.02979687,-0.05073177,-0.03668369
160,510769929,true,0,Left,0.985211,12,0.59721952,0.13713649,-0.15611092,1146,148,-0.04225601,-0.06296112,-0.06108646
160,510769929,true,0,Left,0.985211,13,0.75227266,0.50619275,-0.07991018,1444,546,0.01883511,-0.00708084,-0.00215014
160,510769929,true,0,Left,0.985211,14,0.72943724,0.34131150,-0.11962750,1400,368,0.00895790,-0.03204756,-0.01916090
160,510769929,true,0,Left,0.985211,15,0.70772204,0.25129170,-0.14516303,1358,271,-0.00077452,-0.04658148,-0.04051342
160,510769929,true,0,Left,0.985211,16,0.67911775,0.16225340,-0.16278856,1303,175,-0.01455043,-0.05895836,-0.06128647
160,510769929,true,0,Left,0.985211,17,0.81676151,0.54724292,-0.09620094,1568,591,0.03790445,0.00540819,-0.00552473
160,510769929,true,0,Left,0.985211,18,0.81615525,0.41047768,-0.13340147,1567,443,0.03714250,-0.01824869,-0.01306970
160,510769929,true,0,Left,0.985211,19,0.81078351,0.32043881,-0.15034989,1556,346,0.03274438,-0.03569179,-0.02743687
160,510769929,true,0,Left,0.985211,20,0.79895649,0.22956033,-0.16178528,1533,247,0.02313327,-0.04860617,-0.04386090
160,510769929,true,1,Right,0.929546,0,-0.03589176,0.89555653,0.00000061,-68,967,-0.05374671,0.07620264,-0.00639317
160,510769929,true,1,Right,0.929546,1,0.08110841,0.90932746,-0.03625772,155,982,-0.01324847,0.07077471,-0.01160866
160,510769929,true,1,Right,0.929546,2,0.19514066,0.83378334,-0.04768324,374,900,0.01915516,0.06264570,-0.00579098
160,510769929,true,1,Right,0.929546,3,0.28497364,0.75381506,-0.05953537,547,814,0.04912075,0.04974016,-0.00209334
160,510769929,true,1,Right,0.929546,4,0.36076002,0.69155420,-0.07073330,692,746,0.07275563,0.03496365,0.00897715
160,510769929,true,1,Right,0.929546,5,0.19004365,0.53449774,0.00519513,364,577,0.02213051,0.01122005,0.00857619
160,510769929,true,1,Right,0.929546,6,0.24812379,0.40041366,-0.01051468,476,432,0.03833209,-0.00818108,0.00057521
160,510769929,true,1,Right,0.929546,7,0.28166975,0.31696445,-0.03092293,540,342,0.04750504,-0.02209589,-0.01046613
160,510769929,true,1,Right,0.929546,8,0.31331324,0.24076821,-0.04969686,601,260,0.05476099,-0.03174360,-0.03891769
160,510769929,true,1,Right,0.929546,9,0.13969176,0.45824377,-0.00216622,268,494,0.00295369,-0.00371419,0.00658996
160,510769929,true,1,Right,0.929546,10,0.18987938,0.28319255,-0.01734263,364,305,0.02277590,-0.03283744,-0.00212199
160,510769929,true,1,Right,0.929546,11,0.22457643,0.16839393,-0.04079763,431,181,0.03010636,-0.04931057,-0.02307036
160,510769929,true,1,Right,0.929546,12,0.25598281,0.06697556,-0.06048794,491,72,0.04337123,-0.06617453,-0.04281471
160,510769929,true,1,Right,0.929546,13,0.07960671,0.42729258,-0.01786247,152,461,-0.01481305,-0.00857363,-0.00479152
160,510769929,true,1,Right,0.929546,14,0.12984926,0.25072322,-0.04341633,249,270,0.00033300,-0.03537512,-0.01258604
160,510769929,true,1,Right,0.929546,15,0.16518818,0.14009633,-0.06877791,317,151,0.01225776,-0.05160936,-0.02675615
160,510769929,true,1,Right,0.929546,16,0.19854461,0.03405118,-0.08777269,381,36,0.02525859,-0.06843885,-0.04357250
160,510769929,true,1,Right,0.929546,17,0.01250503,0.43103562,-0.03761858,24,465,-0.03424402,-0.00421492,-0.01588824
160,510769929,true,1,Right,0.929546,18,0.03156466,0.28400883,-0.07035440,60,306,-0.02912678,-0.02651409,-0.01912695
160,510769929,true,1,Right,0.929546,19,0.04257504,0.18524308,-0.09056171,81,200,-0.02129315,-0.04540681,-0.02824867
160,510769929,true,1,Right,0.929546,20,0.05499440,0.08382848,-0.10409353,105,90,-0.01559648,-0.06049618,-0.04363556
161,510769995,true,0,Left,0.984575,0,0.79805618,0.90987474,0.00000059,1532,982,0.03225175,0.07789843,0.03678143
161,510769995,true,0,Left,0.984575,1,0.70232241,0.89234827,-0.04515115,1348,963,-0.00192770,0.06869265,0.01890377
161,510769995,true,0,Left,0.984575,2,0.61548042,0.82638969,-0.07883307,1181,892,-0.02817415,0.06050143,0.00690073
161,510769995,true,0,Left,0.984575,3,0.54649186,0.78222698,-0.10862057,1049,844,-0.05247611,0.04988976,-0.01067074
161,510769995,true,0,Left,0.984575,4,0.48076965,0.74477120,-0.13960972,923,804,-0.07721874,0.03833042,-0.01682369
161,510769995,true,0,Left,0.984575,5,0.64499275,0.53809946,-0.05889220,1238,581,-0.02897616,0.00843215,0.00338406
161,510769995,true,0,Left,0.984575,6,0.59059952,0.39996941,-0.09769551,1133,431,-0.04289979,-0.01776963,-0.00721513
161,510769995,true,0,Left,0.984575,7,0.55408888,0.32104318,-0.12920973,1063,346,-0.05512352,-0.03208217,-0.01860646
161,510769995,true,0,Left,0.984575,8,0.51745837,0.24273567,-0.15403117,993,262,-0.06821952,-0.03862968,-0.04846492
161,510769995,true,0,Left,0.984575,9,0.70573600,0.49128642,-0.06699294,1355,530,-0.00581515,-0.00363989,0.00497728
161,510769995,true,0,Left,0.984575,10,0.67468408,0.31538661,-0.10237422,1295,340,-0.01688667,-0.03754350,-0.01185087
161,510769995,true,0,Left,0.984575,11,0.64884807,0.21175578,-0.13267382,1245,228,-0.02917348,-0.05128133,-0.03613028
161,510769995,true,0,Left,0.984575,12,0.61800283,0.11439402,-0.15620760,1186,123,-0.04121359,-0.06369984,-0.06119126
161,510769995,true,0,Left,0.984575,13,0.77024930,0.49848901,-0.08004925,1478,538,0.01879219,-0.00669171,-0.00207513
161,510769995,true,0,Left,0.984575,14,0.74928701,0.32995035,-0.11972992,1438,356,0.00932674,-0.03195518,-0.01867271
161,510769995,true,0,Left,0.984575,15,0.72764553,0.23624744,-0.14536357,1397,255,-0.00037894,-0.04667179,-0.04010185
161,510769995,true,0,Left,0.984575,16,0.69942717,0.14619578,-0.16316220,1342,157,-0.01373034,-0.05942119,-0.06109592
161,510769995,true,0,Left,0.984575,17,0.83481989,0.54214185,-0.09618100,1602,585,0.03764759,0.00583986,-0.00536807
161,510769995,true,0,Left,0.984575,18,0.83548203,0.40387211,-0.13362242,1604,436,0.03706839,-0.01796398,-0.01284228
161,510769995,true,0,Left,0.984575,19,0.83079393,0.31245737,-0.15075090,1595,337,0.03259187,-0.03551774,-0.02727448
161,510769995,true,0,Left,0.984575,20,0.82024445,0.22145197,-0.16230456,1574,239,0.02346070,-0.04844519,-0.04395254
161,510769995,true,1,Right,0.928362,0,-0.03279385,0.89774513,0.00000061,-62,969,-0.05135830,0.07785942,-0.01170222
161,510769995,true,1,Right,0.928362,1,0.08964705,0.90437860,-0.02871890,172,976,-0.01041199,0.07082638,-0.01464826
161,510769995,true,1,Right,0.928362,2,0.19956798,0.81944445,-0.03164564,383,885,0.02219314,0.06174864,-0.00605426
161,510769995,true,1,Right,0.928362,3,0.28627810,0.72892583,-0.03716732,549,787,0.05136532,0.04702095,0.00021848
161,510769995,true,1,Right,0.928362,4,0.36005138,0.66049486,-0.04204853,691,713,0.07412160,0.03163285,0.01385424
161,510769995,true,1,Right,0.928362,5,0.18589246,0.52886826,0.03234107,356,571,0.02232566,0.01074720,0.00962346
161,510769995,true,1,Right,0.928362,6,0.24152284,0.39272954,0.02598162,463,424,0.03833951,-0.00954706,0.00281006
161,510769995,true,1,Right,0.928362,7,0.27428577,0.30903841,0.00850075,526,333,0.04743235,-0.02415977,-0.00763321
161,510769995,true,1,Right,0.928362,8,0.30625623,0.23288654,-0.00873225,588,251,0.05500897,-0.03354131,-0.03567433
161,510769995,true,1,Right,0.928362,9,0.13479139,0.45801084,0.02170170,258,494,0.00261010,-0.00386606,0.00694384
161,510769995,true,1,Right,0.928362,10,0.18237076,0.28389112,0.01551649,350,306,0.02195458,-0.03323693,-0.00142308
161,510769995,true,1,Right,0.928362,11,0.21649010,0.16880772,-0.00719813,415,182,0.02975328,-0.04989656,-0.02167515
161,510769995,true,1,Right,0.928362,12,0.24886956,0.06725484,-0.02694759,477,72,0.04329922,-0.06675711,-0.04071036
161,510769995,true,1,Right,0.928362,13,0.07538370,0.43001744,0.00211729,144,464,-0.01478249,-0.00811839,-0.00516938
161,510769995,true,1,Right,0.928362,14,0.12253962,0.25562875,-0.01653415,235,276,-0.00002346,-0.03502703,-0.01262521
161,510769995,true,1,Right,0.928362,15,0.15919139,0.14498314,-0.04153236,305,156,0.01238926,-0.05167960,-0.02651045
161,510769995,true,1,Right,0.928362,16,0.19372587,0.03884703,-0.06074273,371,41,0.02546637,-0.06851702,-0.04291244
161,510769995,true,1,Right,0.928362,17,0.00981468,0.43501133,-0.02108493,18,469,-0.03372759,-0.00328885,-0.01771818
161,510769995,true,1,Right,0.928362,18,0.02934147,0.28884143,-0.04766836,56,311,-0.02885328,-0.02564327,-0.02043498
161,510769995,true,1,Right,0.928362,19,0.04201084,0.19295446,-0.06521899,80,208,-0.02059016,-0.04448843,-0.02932559
161,510769995,true,1,Right,0.928362,20,0.05610730,0.09624758,-0.07765220,107,103,-0.01458521,-0.05931412,-0.04483415
162,510770062,true,0,Left,0.983038,0,0.81478629,0.91662927,0.00000059,1564,989,0.03018822,0.07860953,0.03227570
162,510770062,true,0,Left,0.983038,1,0.71692461,0.89485315,-0.04594050,1376,966,-0.00356746,0.06876230,0.01576409
162,510770062,true,0,Left,0.983038,2,0.62844929,0.82412718,-0.07980447,1206,890,-0.02991108,0.05951912,0.00499919
162,510770062,true,0,Left,0.983038,3,0.55682259,0.77327864,-0.10965395,1069,835,-0.05389930,0.04828688,-0.01103762
162,510770062,true,0,Left,0.983038,4,0.48964119,0.73136047,-0.14048084,940,789,-0.07828693,0.03576517,-0.01616329
162,510770062,true,0,Left,0.983038,5,0.66478765,0.53107793,-0.05803438,1276,573,-0.02898833,0.00799275,0.00349916
162,510770062,true,0,Left,0.983038,6,0.61168163,0.38827383,-0.09665992,1174,419,-0.04248561,-0.01840949,-0.00679352
162,510770062,true,0,Left,0.983038,7,0.57540648,0.30502312,-0.12825227,1104,329,-0.05442659,-0.03284557,-0.01856115
162,510770062,true,0,Left,0.983038,8,0.53939919,0.22196000,-0.15322501,1035,239,-0.06717037,-0.03992679,-0.04884217
162,510770062,true,0,Left,0.983038,9,0.72766640,0.48450346,-0.06588002,1397,523,-0.00563728,-0.00367277,0.00517689
162,510770062,true,0,Left,0.983038,10,0.69841049,0.30407379,-0.10100354,1340,328,-0.01614680,-0.03777832,-0.01128326
162,510770062,true,0,Left,0.983038,11,0.67382260,0.19470222,-0.13128927,1293,210,-0.02823140,-0.05212367,-0.03532058
162,510770062,true,0,Left,0.983038,12,0.64432326,0.09057127,-0.15479568,1237,97,-0.03975903,-0.06501069,-0.06096139
162,510770062,true,0,Left,0.983038,13,0.79369087,0.49274687,-0.07884312,1523,532,0.01897371,-0.00627492,-0.00204732
162,510770062,true,0,Left,0.983038,14,0.77409473,0.31994657,-0.11838288,1486,345,0.00985568,-0.03210263,-0.01830807
162,510770062,true,0,Left,0.983038,15,0.75359243,0.22047158,-0.14411853,1446,238,0.00046540,-0.04723917,-0.03974544
162,510770062,true,0,Left,0.983038,16,0.72667357,0.12431247,-0.16197070,1395,134,-0.01246033,-0.06057464,-0.06104821
162,510770062,true,0,Left,0.983038,17,0.85938203,0.53768236,-0.09497787,1650,580,0.03736402,0.00618937,-0.00577351
162,510770062,true,0,Left,0.983038,18,0.86199846,0.39798947,-0.13241173,1655,429,0.03708055,-0.01771212,-0.01304274
162,510770062,true,0,Left,0.983038,19,0.85852290,0.30336203,-0.14965855,1648,327,0.03311093,-0.03539126,-0.02722158
162,510770062,true,0,Left,0.983038,20,0.84938366,0.20916277,-0.16126720,1630,225,0.02428793,-0.04865071,-0.04400090
162,510770062,true,1,Right,0.936798,0,-0.02089385,0.90041873,0.00000065,-40,972,-0.04703576,0.08118039,-0.01962689
162,510770062,true,1,Right,0.936798,1,0.10892299,0.88776205,-0.01992679,209,958,-0.00544806,0.07135829,-0.01910390
162,510770062,true,1,Right,0.936798,2,0.20997264,0.78561734,-0.01214999,403,848,0.02724694,0.06070987,-0.00727474
162,510770062,true,1,Right,0.936798,3,0.28875630,0.68834626,-0.00927276,554,743,0.05483416,0.04353326,0.00113461
162,510770062,true,1,Right,0.936798,4,0.35614062,0.60270513,-0.00560198,683,650,0.07473340,0.02621208,0.01636290
162,510770062,true,1,Right,0.936798,5,0.18386067,0.51626187,0.06712854,353,557,0.02283873,0.00992635,0.01066576
162,510770062,true,1,Right,0.936798,6,0.23422704,0.37428383,0.07560831,449,404,0.03805838,-0.01234488,0.00595153
162,510770062,true,1,Right,0.936798,7,0.26490873,0.29298898,0.06451420,508,316,0.04730934,-0.02762606,-0.00348917
162,510770062,true,1,Right,0.936798,8,0.29601387,0.22034579,0.05089022,568,237,0.05522169,-0.03788812,-0.03060804
162,510770062,true,1,Right,0.936798,9,0.13274099,0.45500392,0.05556160,254,491,0.00237817,-0.00398811,0.00746578
162,510770062,true,1,Right,0.936798,10,0.17522809,0.28257515,0.06425410,336,305,0.02117345,-0.03462197,0.00048417
162,510770062,true,1,Right,0.936798,11,0.20889042,0.16858456,0.04358547,401,182,0.02918381,-0.05187224,-0.01839079
162,510770062,true,1,Right,0.936798,12,0.24241549,0.06998635,0.02430916,465,75,0.04334310,-0.06902618,-0.03741145
162,510770062,true,1,Right,0.936798,13,0.07558894,0.43216607,0.03397469,145,466,-0.01494981,-0.00756340,-0.00579328
162,510770062,true,1,Right,0.936798,14,0.11474533,0.26037782,0.02852589,220,281,-0.00135336,-0.03531231,-0.01239518
162,510770062,true,1,Right,0.936798,15,0.14920206,0.15149759,0.00420583,286,163,0.01132528,-0.05282071,-0.02577332
162,510770062,true,1,Right,0.936798,16,0.18411870,0.04693417,-0.01605966,353,50,0.02482398,-0.06977754,-0.04129043
162,510770062,true,1,Right,0.936798,17,0.01201567,0.44318319,0.00867750,23,478,-0.03378370,-0.00187930,-0.01992517
162,510770062,true,1,Right,0.936798,18,0.02994747,0.29981344,-0.00761951,57,323,-0.02896973,-0.02488520,-0.02217810
162,510770062,true,1,Right,0.936798,19,0.04298050,0.20848634,-0.02325091,82,225,-0.02070394,-0.04464697,-0.03035794
162,510770062,true,1,Right,0.936798,20,0.05880584,0.11647673,-0.03581609,112,125,-0.01383569,-0.05980868,-0.04557882
163,510770128,true,0,Left,0.984017,0,0.83987291,0.92903586,0.00000061,1612,1003,0.02831560,0.07906671,0.03111498
163,510770128,true,0,Left,0.984017,1,0.73667935,0.90253205,-0.04664070,1414,974,-0.00512842,0.06864768,0.01472875
163,510770128,true,0,Left,0.984017,2,0.64391040,0.82523936,-0.08066065,1236,891,-0.03152258,0.05785868,0.00478216
163,510770128,true,0,Left,0.984017,3,0.57010175,0.76701070,-0.11062074,1094,828,-0.05533662,0.04553613,-0.01102913
163,510770128,true,0,Left,0.984017,4,0.50018904,0.71844905,-0.14147257,960,775,-0.07936818,0.03231774,-0.01516844
163,510770128,true,0,Left,0.984017,5,0.68696787,0.52726080,-0.05859177,1318,569,-0.02916971,0.00746001,0.00352082
163,510770128,true,0,Left,0.984017,6,0.63291322,0.37328418,-0.09752312,1215,403,-0.04229105,-0.01935469,-0.00604778
163,510770128,true,0,Left,0.984017,7,0.59679800,0.28261594,-0.12908109,1145,305,-0.05393086,-0.03456884,-0.01785821
163,510770128,true,0,Left,0.984017,8,0.56013693,0.19267154,-0.15410799,1075,208,-0.06668231,-0.04285088,-0.04780275
163,510770128,true,0,Left,0.984017,9,0.75411443,0.48259035,-0.06661628,1447,521,-0.00543715,-0.00375891,0.00513163
163,510770128,true,0,Left,0.984017,10,0.72563875,0.29162180,-0.10235391,1393,314,-0.01546201,-0.03822215,-0.01103498
163,510770128,true,0,Left,0.984017,11,0.70461047,0.17469695,-0.13314507,1352,188,-0.02666054,-0.05314152,-0.03434154
163,510770128,true,0,Left,0.984017,12,0.67815713,0.06131300,-0.15684735,1302,66,-0.03724620,-0.06688741,-0.06035685
163,510770128,true,0,Left,0.984017,13,0.82398720,0.49306175,-0.07986405,1582,532,0.01930997,-0.00583711,-0.00196941
163,510770128,true,0,Left,0.984017,14,0.80444835,0.31219060,-0.12080335,1544,337,0.01079713,-0.03222152,-0.01820413
163,510770128,true,0,Left,0.984017,15,0.78531007,0.20499213,-0.14811386,1507,221,0.00174486,-0.04798207,-0.03922168
163,510770128,true,0,Left,0.984017,16,0.75928520,0.09918228,-0.16677463,1457,107,-0.01089147,-0.06216435,-0.06033454
163,510770128,true,0,Left,0.984017,17,0.89343705,0.53960582,-0.09621502,1715,582,0.03753992,0.00677633,-0.00599868
163,510770128,true,0,Left,0.984017,18,0.89807323,0.39534874,-0.13514516,1724,426,0.03746321,-0.01747793,-0.01299871
163,510770128,true,0,Left,0.984017,19,0.89702577,0.29594127,-0.15350635,1722,319,0.03416532,-0.03521730,-0.02687447
163,510770128,true,0,Left,0.984017,20,0.88965659,0.19633816,-0.16571388,1708,212,0.02601115,-0.04892337,-0.04378716
163,510770128,true,1,Right,0.978369,0,0.00700952,0.90492689,0.00000067,13,977,-0.03934372,0.08383018,-0.02676080
163,510770128,true,1,Right,0.978369,1,0.13740051,0.85482497,-0.00863628,263,923,0.00206134,0.07122490,-0.02252486
163,510770128,true,1,Right,0.978369,2,0.22250005,0.73329076,0.00702237,427,791,0.03269627,0.05808590,-0.00851665
163,510770128,true,1,Right,0.978369,3,0.29024792,0.63223185,0.01457567,557,682,0.05816290,0.03744699,0.00307388
163,510770128,true,1,Right,0.978369,4,0.34538344,0.53867263,0.02196908,663,581,0.07522131,0.01700254,0.01864950
163,510770128,true,1,Right,0.978369,5,0.18059085,0.49946717,0.08465938,346,539,0.02299342,0.00856953,0.01202088
163,510770128,true,1,Right,0.978369,6,0.22428034,0.35436933,0.09017909,430,382,0.03717518,-0.01499534,0.00806458
163,510770128,true,1,Right,0.978369,7,0.25323855,0.28185906,0.07522289,486,304,0.04681953,-0.03099690,-0.00182198
163,510770128,true,1,Right,0.978369,8,0.28622647,0.21715599,0.05962391,549,234,0.05527221,-0.04030886,-0.02890524
163,510770128,true,1,Right,0.978369,9,0.13093488,0.45108152,0.07037756,251,487,0.00181433,-0.00402712,0.00787164
163,510770128,true,1,Right,0.978369,10,0.16867558,0.28412186,0.07288738,323,306,0.02031137,-0.03517560,0.00023646
163,510770128,true,1,Right,0.978369,11,0.20238129,0.17598133,0.04621142,388,190,0.02930369,-0.05182464,-0.01950139
163,510770128,true,1,Right,0.978369,12,0.24115976,0.09353337,0.02341703,463,101,0.04451283,-0.06801251,-0.03956199
163,510770128,true,1,Right,0.978369,13,0.07470362,0.43511836,0.04675303,143,469,-0.01512809,-0.00695616,-0.00682672
163,510770128,true,1,Right,0.978369,14,0.10977049,0.26903124,0.03799891,210,290,-0.00198734,-0.03492986,-0.01314986
163,510770128,true,1,Right,0.978369,15,0.14427809,0.16974178,0.01209794,277,183,0.01150387,-0.05225896,-0.02708916
163,510770128,true,1,Right,0.978369,16,0.18350724,0.08847865,-0.00828329,352,95,0.02574769,-0.06721378,-0.04262248
163,510770128,true,1,Right,0.978369,17,0.01147519,0.45504538,0.02043946,22,491,-0.03316179,-0.00014199,-0.02212414
163,510770128,true,1,Right,0.978369,18,0.03037064,0.31579642,0.00590189,58,341,-0.02824346,-0.02292944,-0.02493846
163,510770128,true,1,Right,0.978369,19,0.04761021,0.23505359,-0.00803179,91,253,-0.01866192,-0.04309573,-0.03390483
163,510770128,true,1,Right,0.978369,20,0.07621752,0.16472381,-0.01957729,146,177,-0.00842906,-0.05639528,-0.04888246
164,510770195,true,0,Left,0.985448,0,0.86487347,0.93742350,0.00000071,1660,1012,0.02630869,0.07906934,0.03038198
164,510770195,true,0,Left,0.985448,1,0.75825170,0.91244930,-0.05086261,1455,985,-0.00659567,0.06816296,0.01380947
164,510770195,true,0,Left,0.985448,2,0.66039002,0.82893937,-0.08930334,1267,895,-0.03208819,0.05692309,0.00415676
164,510770195,true,0,Left,0.985448,3,0.58277655,0.76654037,-0.12373048,1118,827,-0.05604866,0.04326642,-0.01002412
164,510770195,true,0,Left,0.985448,4,0.50896164,0.71317519,-0.15981381,977,770,-0.07979778,0.02906971,-0.01374666
164,510770195,true,0,Left,0.985448,5,0.70808476,0.52556830,-0.06835277,1359,567,-0.02923527,0.00712719,0.00364111
164,510770195,true,0,Left,0.985448,6,0.65437334,0.35924869,-0.11476469,1256,387,-0.04165100,-0.01985243,-0.00588611
164,510770195,true,0,Left,0.985448,7,0.61756604,0.25741716,-0.15070327,1185,278,-0.05294813,-0.03555462,-0.01800761
164,510770195,true,0,Left,0.985448,8,0.58084499,0.15771242,-0.17794710,1115,170,-0.06563033,-0.04420185,-0.04774206
164,510770195,true,0,Left,0.985448,9,0.77972770,0.47885686,-0.07680885,1497,517,-0.00535305,-0.00384159,0.00483459
164,510770195,true,0,Left,0.985448,10,0.75121803,0.25754840,-0.12077770,1442,278,-0.01479455,-0.03913377,-0.00923785
164,510770195,true,0,Left,0.985448,11,0.73253929,0.10097752,-0.15620812,1406,109,-0.02536863,-0.05654225,-0.03119968
164,510770195,true,0,Left,0.985448,12,0.71170649,-0.05066378,-0.18200381,1366,-54,-0.03582466,-0.07503491,-0.05554311
164,510770195,true,0,Left,0.985448,13,0.85262899,0.49069848,-0.09091112,1637,529,0.01929360,-0.00559537,-0.00192946
164,510770195,true,0,Left,0.985448,14,0.83362752,0.29445088,-0.14115558,1600,318,0.01120735,-0.03219155,-0.01765725
164,510770195,true,0,Left,0.985448,15,0.81736374,0.17229544,-0.17436886,1569,186,0.00196095,-0.04837333,-0.03855323
164,510770195,true,0,Left,0.985448,16,0.79687815,0.05065753,-0.19516824,1530,54,-0.00915810,-0.06368911,-0.05880611
164,510770195,true,0,Left,0.985448,17,0.92624911,0.53901271,-0.10818282,1778,582,0.03725817,0.00713921,-0.00589611
164,510770195,true,0,Left,0.985448,18,0.93594760,0.38648530,-0.15475734,1797,417,0.03773350,-0.01696608,-0.01229059
164,510770195,true,0,Left,0.985448,19,0.93964405,0.27865672,-0.17695710,1804,300,0.03529892,-0.03463814,-0.02603779
164,510770195,true,0,Left,0.985448,20,0.93754476,0.16902993,-0.19076792,1800,182,0.02879969,-0.04889484,-0.04304587
164,510770195,true,1,Right,0.977834,0,0.06760861,0.90323112,0.00000059,129,975,-0.02599442,0.08917991,-0.02541970
164,510770195,true,1,Right,0.977834,1,0.17471180,0.80670638,0.00148367,335,871,0.01091877,0.07210845,-0.01929274
164,510770195,true,1,Right,0.977834,2,0.23630645,0.67709104,0.01547948,453,731,0.03752388,0.05609056,-0.00530354
164,510770195,true,1,Right,0.977834,3,0.28920013,0.58440941,0.01917014,555,631,0.05869771,0.03235223,0.01010853
164,510770195,true,1,Right,0.977834,4,0.32847656,0.49394759,0.02195305,630,533,0.07342411,0.01047464,0.02860191
164,510770195,true,1,Right,0.977834,5,0.18123138,0.47950351,0.07192022,347,517,0.02205195,0.00698899,0.01450342
164,510770195,true,1,Right,0.977834,6,0.21748801,0.34681027,0.06804523,417,374,0.03504979,-0.01832466,0.00996936
164,510770195,true,1,Right,0.977834,7,0.24658668,0.28204352,0.05039988,473,304,0.04522081,-0.03451964,-0.00103863
164,510770195,true,1,Right,0.977834,8,0.28116788,0.22341709,0.03381122,539,241,0.05472698,-0.04218384,-0.02808207
164,510770195,true,1,Right,0.977834,9,0.13470159,0.44778036,0.05475882,258,483,0.00089240,-0.00406696,0.00840530
164,510770195,true,1,Right,0.977834,10,0.16940889,0.28774805,0.05121537,325,310,0.01856543,-0.03616211,-0.00057641
164,510770195,true,1,Right,0.977834,11,0.20266714,0.20208502,0.02575863,389,218,0.02835014,-0.05198063,-0.02053557
164,510770195,true,1,Right,0.977834,12,0.24372561,0.14212348,0.00407917,467,153,0.04458060,-0.06684374,-0.04192916
164,510770195,true,1,Right,0.977834,13,0.08585096,0.44150230,0.03046006,164,476,-0.01503454,-0.00599114,-0.00845406
164,510770195,true,1,Right,0.977834,14,0.11479963,0.28674796,0.01772774,220,309,-0.00275766,-0.03449445,-0.01488065
164,510770195,true,1,Right,0.977834,15,0.14902760,0.20356786,-0.00779074,286,219,0.01141710,-0.05166840,-0.02998913
164,510770195,true,1,Right,0.977834,16,0.18899027,0.14433303,-0.02747426,362,155,0.02725490,-0.06477260,-0.04529571
164,510770195,true,1,Right,0.977834,17,0.03681114,0.47174157,0.00477481,70,509,-0.03061411,0.00258365,-0.02569940
164,510770195,true,1,Right,0.977834,18,0.04715529,0.33936619,-0.01386262,90,366,-0.02632493,-0.02009465,-0.02834825
164,510770195,true,1,Right,0.977834,19,0.07261294,0.26836525,-0.02933572,139,289,-0.01612282,-0.04016351,-0.03851861
164,510770195,true,1,Right,0.977834,20,0.11324736,0.21952461,-0.04141698,217,237,-0.00235513,-0.05144994,-0.05247740
165,510770260,true,0,Left,0.988853,0,0.88816948,0.95326020,0.00000076,1705,1029,0.02542149,0.07864164,0.03026886
165,510770260,true,0,Left,0.988853,1,0.77715362,0.92613677,-0.05604200,1492,1000,-0.00777697,0.06695007,0.01461671
165,510770260,true,0,Left,0.988853,2,0.67546956,0.83475911,-0.09769896,1296,901,-0.03269056,0.05533577,0.00517682
165,510770260,true,0,Left,0.988853,3,0.59257248,0.76724565,-0.13420380,1137,828,-0.05743535,0.04058409,-0.00835309
165,510770260,true,0,Left,0.988853,4,0.51489693,0.70952334,-0.17284114,988,766,-0.08023831,0.02545153,-0.01137577
165,510770260,true,0,Left,0.988853,5,0.72717493,0.52401663,-0.07500211,1396,565,-0.02870322,0.00681989,0.00396593
165,510770260,true,0,Left,0.988853,6,0.67209337,0.34870685,-0.12538283,1290,376,-0.04097889,-0.02053451,-0.00439194
165,510770260,true,0,Left,0.988853,7,0.63111187,0.23755743,-0.16530339,1211,256,-0.05275572,-0.03739128,-0.01616723
165,510770260,true,0,Left,0.988853,8,0.59202096,0.13269801,-0.19559300,1136,143,-0.06564679,-0.04580638,-0.04552823
165,510770260,true,0,Left,0.988853,9,0.80409514,0.47747426,-0.08247696,1543,515,-0.00513990,-0.00381588,0.00480262
165,510770260,true,0,Left,0.988853,10,0.77952256,0.24975260,-0.13015420,1496,269,-0.01410438,-0.03869979,-0.00824142
165,510770260,true,0,Left,0.988853,11,0.75656852,0.09260732,-0.17018335,1452,100,-0.02503479,-0.05685962,-0.02977406
165,510770260,true,0,Left,0.988853,12,0.73212532,-0.05670935,-0.19967718,1405,-61,-0.03580566,-0.07573182,-0.05143419
165,510770260,true,0,Left,0.988853,13,0.88168800,0.49246316,-0.09579136,1692,531,0.01901798,-0.00531952,-0.00235288
165,510770260,true,0,Left,0.988853,14,0.86907016,0.28395920,-0.14829093,1668,306,0.01118688,-0.03210181,-0.01669521
165,510770260,true,0,Left,0.988853,15,0.85372304,0.13643799,-0.18457203,1639,147,0.00308332,-0.04930418,-0.03699890
165,510770260,true,0,Left,0.988853,16,0.83546843,-0.00766807,-0.20856891,1604,-8,-0.00748652,-0.06622850,-0.05668797
165,510770260,true,0,Left,0.988853,17,0.95694328,0.54574080,-0.11246035,1837,589,0.03572917,0.00796628,-0.00690270
165,510770260,true,0,Left,0.988853,18,0.97476274,0.39033041,-0.16072473,1871,421,0.03761460,-0.01540059,-0.01239107
165,510770260,true,0,Left,0.988853,19,0.98363114,0.27693271,-0.18333212,1888,299,0.03646630,-0.03247590,-0.02664508
165,510770260,true,0,Left,0.988853,20,0.98746614,0.16074028,-0.19780701,1895,173,0.03081634,-0.04758081,-0.04365426
165,510770260,true,1,Right,0.820783,0,0.11309019,0.87529284,0.00000046,217,945,-0.01573532,0.09236834,-0.02393054
165,510770260,true,1,Right,0.820783,1,0.20410363,0.75831930,0.04112506,391,818,0.01664253,0.07302865,-0.01331791
165,510770260,true,1,Right,0.820783,2,0.24482613,0.64375140,0.07968262,470,695,0.03919511,0.05447209,0.00501552
165,510770260,true,1,Right,0.820783,3,0.28409783,0.56076489,0.10218268,545,605,0.05665649,0.02813523,0.02691401
165,510770260,true,1,Right,0.820783,4,0.30582846,0.48973913,0.12441464,587,528,0.06721985,0.00623634,0.04616204
165,510770260,true,1,Right,0.820783,5,0.18387734,0.47355946,0.11015941,353,511,0.01966999,0.00570802,0.01758423
165,510770260,true,1,Right,0.820783,6,0.21566162,0.35147691,0.11840620,414,379,0.03158949,-0.02091243,0.01417883
165,510770260,true,1,Right,0.820783,7,0.24541136,0.28849911,0.10985997,471,311,0.04316206,-0.03681401,0.00578984
165,510770260,true,1,Right,0.820783,8,0.27759320,0.23824123,0.10147839,532,257,0.05332817,-0.04409708,-0.01671963
165,510770260,true,1,Right,0.820783,9,0.14536073,0.44811835,0.07690725,279,483,-0.00011604,-0.00382178,0.00826267
165,510770260,true,1,Right,0.820783,10,0.17235208,0.29431984,0.07982639,330,317,0.01585397,-0.03759312,0.00061255
165,510770260,true,1,Right,0.820783,11,0.20709770,0.22269389,0.06282717,397,240,0.02706944,-0.05321211,-0.01698654
165,510770260,true,1,Right,0.820783,12,0.24667378,0.18239018,0.04935916,473,196,0.04428105,-0.06710223,-0.03723627
165,510770260,true,1,Right,0.820783,13,0.11109020,0.44382239,0.04079675,213,479,-0.01452907,-0.00570151,-0.01101222
165,510770260,true,1,Right,0.820783,14,0.12541636,0.29607384,0.03560300,240,319,-0.00297735,-0.03489037,-0.01583315
165,510770260,true,1,Right,0.820783,15,0.16353341,0.23110523,0.01854003,313,249,0.01226557,-0.05144058,-0.02886505
165,510770260,true,1,Right,0.820783,16,0.20724850,0.19493678,0.00620329,397,210,0.03049917,-0.06258982,-0.04157893
165,510770260,true,1,Right,0.820783,17,0.08180965,0.46563400,0.00798230,157,502,-0.02594916,0.00411761,-0.02881876
165,510770260,true,1,Right,0.820783,18,0.08415716,0.33796757,-0.00429702,161,365,-0.02128909,-0.01874809,-0.03048286
165,510770260,true,1,Right,0.820783,19,0.11270035,0.27936660,-0.01507057,216,301,-0.01066019,-0.03941599,-0.03907479
165,510770260,true,1,Right,0.820783,20,0.15280348,0.24899848,-0.02298328,293,268,0.00492472,-0.04853809,-0.04980972
166,510770331,true,0,Left,0.961115,0,0.91157098,0.96336410,0.00000082,1750,1040,0.02437353,0.07857063,0.02639531
166,510770331,true,0,Left,0.961115,1,0.79427679,0.93343495,-0.06200467,1525,1008,-0.00833805,0.06609366,0.01253009
166,510770331,true,0,Left,0.961115,2,0.68779053,0.83951517,-0.10672127,1320,906,-0.03318160,0.05448217,0.00375525
166,510770331,true,0,Left,0.961115,3,0.59840675,0.76503045,-0.14505834,1148,826,-0.05888903,0.03884931,-0.00787080
166,510770331,true,0,Left,0.961115,4,0.51895407,0.69758022,-0.18482360,996,753,-0.08184079,0.02285788,-0.01035388
166,510770331,true,0,Left,0.961115,5,0.74399053,0.51620074,-0.07839204,1428,557,-0.02844846,0.00691951,0.00399962
166,510770331,true,0,Left,0.961115,6,0.68741156,0.32596762,-0.12926558,1319,352,-0.04045509,-0.02114327,-0.00335115
166,510770331,true,0,Left,0.961115,7,0.64550097,0.20099321,-0.17035275,1239,217,-0.05188352,-0.03862155,-0.01439423
166,510770331,true,0,Left,0.961115,8,0.60778327,0.08580844,-0.20136802,1166,92,-0.06491811,-0.04744834,-0.04373042
166,510770331,true,0,Left,0.961115,9,0.82420541,0.46482090,-0.08318722,1582,502,-0.00510402,-0.00356085,0.00490936
166,510770331,true,0,Left,0.961115,10,0.80212702,0.22679128,-0.12941374,1540,244,-0.01327715,-0.03843171,-0.00727525
166,510770331,true,0,Left,0.961115,11,0.77853440,0.06597110,-0.16866011,1494,71,-0.02403281,-0.05722728,-0.02796449
166,510770331,true,0,Left,0.961115,12,0.75490694,-0.08217197,-0.19807907,1449,-88,-0.03493378,-0.07569728,-0.04822333
166,510770331,true,0,Left,0.961115,13,0.90357753,0.47830755,-0.09449107,1734,516,0.01838164,-0.00523660,-0.00247158
166,510770331,true,0,Left,0.961115,14,0.89808749,0.24940780,-0.14390866,1724,269,0.01173886,-0.03251344,-0.01495734
166,510770331,true,0,Left,0.961115,15,0.88617104,0.09029502,-0.17782571,1701,97,0.00454808,-0.05101636,-0.03451611
166,510770331,true,0,Left,0.961115,16,0.87158090,-0.05506594,-0.20091071,1673,-59,-0.00502409,-0.06829693,-0.05351289
166,510770331,true,0,Left,0.961115,17,0.97932466,0.53467280,-0.10994726,1880,577,0.03455667,0.00774168,-0.00739206
166,510770331,true,0,Left,0.961115,18,1.00397594,0.36403095,-0.15533875,1927,393,0.03801562,-0.01517534,-0.01250803
166,510770331,true,0,Left,0.961115,19,1.01792357,0.24164703,-0.17595623,1954,260,0.03813383,-0.03222424,-0.02662378
166,510770331,true,0,Left,0.961115,20,1.02592680,0.12507505,-0.18929030,1969,135,0.03360935,-0.04687243,-0.04264816
166,510770331,true,1,Right,0.938413,0,0.14685747,0.83947568,0.00000036,281,906,-0.00849754,0.09326576,-0.02632793
166,510770331,true,1,Right,0.938413,1,0.21941078,0.74433006,0.04512946,421,803,0.01989362,0.07461978,-0.01013993
166,510770331,true,1,Right,0.938413,2,0.24908982,0.64168506,0.08035850,478,693,0.03927785,0.05402838,0.01111635
166,510770331,true,1,Right,0.938413,3,0.27514877,0.56406331,0.09938005,528,609,0.05147991,0.02668878,0.03562737
166,510770331,true,1,Right,0.938413,4,0.28948909,0.50305627,0.11769221,555,543,0.05594764,0.00534338,0.05658762
166,510770331,true,1,Right,0.938413,5,0.19104121,0.48264426,0.11336148,366,521,0.01678195,0.00644954,0.02112088
166,510770331,true,1,Right,0.938413,6,0.21658194,0.37222022,0.12491743,415,401,0.02726441,-0.02048422,0.01922697
166,510770331,true,1,Right,0.938413,7,0.24589437,0.32463950,0.12035254,472,350,0.03868368,-0.03608110,0.01457824
166,510770331,true,1,Right,0.938413,8,0.27598299,0.29390184,0.11600447,529,317,0.05114766,-0.04271608,-0.00295368
166,510770331,true,1,Right,0.938413,9,0.16457222,0.45327862,0.08180318,315,489,-0.00134974,-0.00376360,0.00820156
166,510770331,true,1,Right,0.938413,10,0.17893926,0.31885949,0.08912958,343,344,0.01277432,-0.03791557,0.00257875
166,510770331,true,1,Right,0.938413,11,0.21446784,0.26272617,0.07942837,411,283,0.02599993,-0.05297483,-0.01159890
166,510770331,true,1,Right,0.938413,12,0.25387352,0.24396446,0.07302986,487,263,0.04463007,-0.06550773,-0.02830857
166,510770331,true,1,Right,0.938413,13,0.14124279,0.44827733,0.04623936,271,484,-0.01311019,-0.00581295,-0.01312959
166,510770331,true,1,Right,0.938413,14,0.14804336,0.31174904,0.04736649,284,336,-0.00213931,-0.03563612,-0.01747447
166,510770331,true,1,Right,0.938413,15,0.18778991,0.26635214,0.03932232,360,287,0.01496090,-0.05064340,-0.02829129
166,510770331,true,1,Right,0.938413,16,0.23057081,0.25291134,0.03466112,442,273,0.03549459,-0.05922647,-0.03740851
166,510770331,true,1,Right,0.938413,17,0.12016181,0.46324650,0.01275701,230,500,-0.01992377,0.00388746,-0.03231874
166,510770331,true,1,Right,0.938413,18,0.12531293,0.34053529,0.00939208,240,367,-0.01491262,-0.01931726,-0.03331053
166,510770331,true,1,Right,0.938413,19,0.15529747,0.29297462,0.00699063,298,316,-0.00192550,-0.03900368,-0.04054055
166,510770331,true,1,Right,0.938413,20,0.19262421,0.27877399,0.00620488,369,301,0.01632677,-0.04732382,-0.04868886
167,510770390,true,0,Left,0.961929,0,0.93399323,0.96040777,0.00000087,1793,1037,0.02411118,0.07886411,0.02432890
167,510770390,true,0,Left,0.961929,1,0.80854538,0.93481567,-0.06933350,1552,1009,-0.00873716,0.06528005,0.01188140
167,510770390,true,0,Left,0.961929,2,0.69374983,0.83610789,-0.11510151,1331,902,-0.03360708,0.05414825,0.00449653
167,510770390,true,0,Left,0.961929,3,0.59721829,0.75021086,-0.15257422,1146,810,-0.06082889,0.03791510,-0.00471190
167,510770390,true,0,Left,0.961929,4,0.51514639,0.67059600,-0.19086206,989,724,-0.08426031,0.02166811,-0.00488745
167,510770390,true,0,Left,0.961929,5,0.75527324,0.49169062,-0.07966053,1450,531,-0.02806949,0.00672035,0.00429003
167,510770390,true,0,Left,0.961929,6,0.70299905,0.28010624,-0.13114139,1349,302,-0.03953080,-0.02205411,-0.00190950
167,510770390,true,0,Left,0.961929,7,0.66280360,0.14616223,-0.17364591,1272,157,-0.04987545,-0.03957186,-0.01284974
167,510770390,true,0,Left,0.961929,8,0.62718832,0.03158019,-0.20521523,1204,34,-0.06280977,-0.04842056,-0.04167357
167,510770390,true,0,Left,0.961929,9,0.83846939,0.43592112,-0.08142423,1609,470,-0.00494697,-0.00346681,0.00487508
167,510770390,true,0,Left,0.961929,10,0.81887482,0.18222231,-0.12632465,1572,196,-0.01266661,-0.03841737,-0.00654350
167,510770390,true,0,Left,0.961929,11,0.79379905,0.02276620,-0.16480100,1524,24,-0.02349043,-0.05691912,-0.02736313
167,510770390,true,0,Left,0.961929,12,0.77079169,-0.11263850,-0.19371572,1479,-121,-0.03430711,-0.07484921,-0.04686497
167,510770390,true,0,Left,0.961929,13,0.92059225,0.44872284,-0.09138805,1767,484,0.01790867,-0.00492932,-0.00288706
167,510770390,true,0,Left,0.961929,14,0.91704893,0.20373579,-0.13966017,1760,220,0.01179118,-0.03248430,-0.01395240
167,510770390,true,0,Left,0.961929,15,0.90627456,0.04896974,-0.17272798,1740,52,0.00540350,-0.05103170,-0.03369805
167,510770390,true,0,Left,0.961929,16,0.89374620,-0.08934935,-0.19561565,1715,-96,-0.00323064,-0.06802695,-0.05340123
167,510770390,true,0,Left,0.961929,17,0.99817328,0.51135221,-0.10477232,1916,552,0.03386356,0.00786219,-0.00785338
167,510770390,true,0,Left,0.961929,18,1.02940119,0.34149525,-0.15009353,1976,368,0.03824429,-0.01366693,-0.01348599
167,510770390,true,0,Left,0.961929,19,1.04979450,0.23145250,-0.16947103,2015,249,0.03929609,-0.02965172,-0.02786351
167,510770390,true,0,Left,0.961929,20,1.06424022,0.12641493,-0.18177444,2043,136,0.03638301,-0.04323857,-0.04367922
167,510770390,true,1,Right,0.914954,0,0.17039395,0.82072496,0.00000031,327,886,-0.00292109,0.09222291,-0.03383595
167,510770390,true,1,Right,0.914954,1,0.23008660,0.74690404,0.05192559,441,806,0.02246690,0.07499590,-0.01285238
167,510770390,true,1,Right,0.914954,2,0.25085042,0.66140739,0.09141855,481,714,0.03910410,0.05471428,0.01345767
167,510770390,true,1,Right,0.914954,3,0.26487137,0.58450796,0.11386503,508,631,0.04593587,0.02856248,0.04570580
167,510770390,true,1,Right,0.914954,4,0.26688731,0.53553073,0.13528767,512,578,0.04518676,0.00723401,0.07497619
167,510770390,true,1,Right,0.914954,5,0.19617895,0.51632985,0.12967884,376,557,0.01408729,0.00757837,0.02266256
167,510770390,true,1,Right,0.914954,6,0.21430967,0.43641877,0.15050945,411,471,0.02369412,-0.01909512,0.02433099
167,510770390,true,1,Right,0.914954,7,0.24335951,0.40082435,0.14990217,467,432,0.03509972,-0.03507982,0.02433858
167,510770390,true,1,Right,0.914954,8,0.26985603,0.38336829,0.14852289,518,414,0.04936518,-0.04171058,0.01370142
167,510770390,true,1,Right,0.914954,9,0.17527058,0.49039714,0.09904188,336,529,-0.00246797,-0.00368750,0.00824805
167,510770390,true,1,Right,0.914954,10,0.18459075,0.38112597,0.11881744,354,411,0.01135495,-0.03828961,0.00730815
167,510770390,true,1,Right,0.914954,11,0.22098307,0.33573966,0.11122588,424,362,0.02662620,-0.05317749,-0.00285194
167,510770390,true,1,Right,0.914954,12,0.25924382,0.32631935,0.10417711,497,352,0.04644561,-0.06502324,-0.01323589
167,510770390,true,1,Right,0.914954,13,0.15763651,0.47647032,0.06448254,302,514,-0.01153660,-0.00652942,-0.01408070
167,510770390,true,1,Right,0.914954,14,0.16193357,0.36375605,0.08017447,310,392,-0.00126884,-0.03694532,-0.01621426
167,510770390,true,1,Right,0.914954,15,0.20184862,0.33152659,0.07269582,387,358,0.01874498,-0.05097444,-0.02368245
167,510770390,true,1,Right,0.914954,16,0.24160793,0.32882630,0.06566467,463,355,0.04050114,-0.05836074,-0.02975097
167,510770390,true,1,Right,0.914954,17,0.14169504,0.47413461,0.03181011,272,512,-0.01511290,0.00279181,-0.03371909
167,510770390,true,1,Right,0.914954,18,0.14763672,0.36996864,0.04365880,283,399,-0.01062718,-0.02068959,-0.03354505
167,510770390,true,1,Right,0.914954,19,0.17754590,0.34051682,0.04512398,340,367,0.00375329,-0.04023419,-0.03844671
167,510770390,true,1,Right,0.914954,20,0.21183905,0.34269658,0.04479481,406,370,0.02402045,-0.04832806,-0.04358245
168,510770467,true,0,Left,0.955331,0,0.94926939,0.95596649,0.00000092,1822,1032,0.02346537,0.07887387,0.02247812
168,510770467,true,0,Left,0.955331,1,0.81558453,0.93606681,-0.07831798,1565,1010,-0.00960885,0.06466949,0.01140871
168,510770467,true,0,Left,0.955331,2,0.69252380,0.83253718,-0.12545948,1329,899,-0.03531764,0.05373441,0.00529966
168,510770467,true,0,Left,0.955331,3,0.59149405,0.73446386,-0.16275999,1135,793,-0.06325914,0.03747488,-0.00184444
168,510770467,true,0,Left,0.955331,4,0.50393092,0.64786474,-0.20024568,967,699,-0.08786461,0.02096134,-0.00036354
168,510770467,true,0,Left,0.955331,5,0.76231562,0.46122417,-0.08043075,1463,498,-0.02779652,0.00634200,0.00417664
168,510770467,true,0,Left,0.955331,6,0.71268431,0.23943674,-0.13172875,1368,258,-0.03882562,-0.02256674,-0.00087721
168,510770467,true,0,Left,0.955331,7,0.67068616,0.10389732,-0.17488670,1287,112,-0.04845000,-0.03999076,-0.01168599
168,510770467,true,0,Left,0.955331,8,0.63168868,-0.00768180,-0.20704265,1212,-8,-0.06170731,-0.04855218,-0.04056158
168,510770467,true,0,Left,0.955331,9,0.85054287,0.40319288,-0.07924389,1633,435,-0.00478767,-0.00334279,0.00494612
168,510770467,true,0,Left,0.955331,10,0.83507150,0.14049860,-0.12272722,1603,151,-0.01163492,-0.03834469,-0.00634403
168,510770467,true,0,Left,0.955331,11,0.81078864,-0.01457248,-0.16052944,1556,-15,-0.02271517,-0.05590605,-0.02775514
168,510770467,true,0,Left,0.955331,12,0.78994539,-0.14133864,-0.18940594,1516,-152,-0.03233035,-0.07286313,-0.04749584
168,510770467,true,0,Left,0.955331,13,0.93667529,0.41637352,-0.08567356,1798,449,0.01780141,-0.00489909,-0.00308723
168,510770467,true,0,Left,0.955331,14,0.93506886,0.15746177,-0.13174104,1795,170,0.01211552,-0.03250691,-0.01345285
168,510770467,true,0,Left,0.955331,15,0.92528542,0.00582898,-0.16181114,1776,6,0.00676320,-0.05059558,-0.03371610
168,510770467,true,0,Left,0.955331,16,0.91545571,-0.12894542,-0.18391037,1757,-139,-0.00096835,-0.06717447,-0.05451598
168,510770467,true,0,Left,0.955331,17,1.01720597,0.48319476,-0.09676421,1953,521,0.03333482,0.00800395,-0.00808106
168,510770467,true,0,Left,0.955331,18,1.05390003,0.30545526,-0.14145666,2023,329,0.03879243,-0.01299638,-0.01377158
168,510770467,true,0,Left,0.955331,19,1.07817267,0.19249650,-0.15919463,2070,207,0.04069649,-0.02868272,-0.02813724
168,510770467,true,0,Left,0.955331,20,1.09758937,0.08569764,-0.17047610,2107,92,0.03943414,-0.04159202,-0.04407332
168,510770467,true,1,Right,0.922036,0,0.18653551,0.81245023,0.00000025,358,877,0.00641285,0.08513848,-0.04750939
168,510770467,true,1,Right,0.922036,1,0.23193046,0.76423049,0.04772001,445,825,0.02648163,0.07325811,-0.02209739
168,510770467,true,1,Right,0.922036,2,0.24751245,0.70222661,0.08463454,475,758,0.03987244,0.05417432,0.00856766
168,510770467,true,1,Right,0.922036,3,0.25397933,0.66626770,0.10606052,487,719,0.04372186,0.03124293,0.04080024
168,510770467,true,1,Right,0.922036,4,0.25270452,0.63912389,0.12623304,485,690,0.04048813,0.01329361,0.06830175
168,510770467,true,1,Right,0.922036,5,0.19428336,0.58752653,0.12639032,373,634,0.01134406,0.01056849,0.02218089
168,510770467,true,1,Right,0.922036,6,0.20855253,0.53483398,0.15181461,400,577,0.02033665,-0.01410424,0.02697659
168,510770467,true,1,Right,0.922036,7,0.23528902,0.50136724,0.15440575,451,541,0.03184965,-0.03119299,0.02922431
168,510770467,true,1,Right,0.922036,8,0.25733162,0.48096992,0.15419205,494,519,0.04658504,-0.03946467,0.02292180
168,510770467,true,1,Right,0.922036,9,0.17558415,0.55790089,0.10147755,337,602,-0.00369665,-0.00267132,0.00844709
168,510770467,true,1,Right,0.922036,10,0.18494769,0.48183547,0.13007886,355,520,0.01005909,-0.03592097,0.00995566
168,510770467,true,1,Right,0.922036,11,0.21868688,0.44371023,0.12486067,419,479,0.02591120,-0.04990793,0.00242560
168,510770467,true,1,Right,0.922036,12,0.25523612,0.42531860,0.11687169,490,459,0.04589213,-0.06243872,-0.00539153
168,510770467,true,1,Right,0.922036,13,0.16142421,0.53143040,0.07321094,309,573,-0.01026818,-0.00852233,-0.01385569
168,510770467,true,1,Right,0.922036,14,0.16958760,0.45158205,0.09785226,325,487,0.00044631,-0.03719697,-0.01381028
168,510770467,true,1,Right,0.922036,15,0.20567483,0.42392647,0.08995224,394,457,0.02117274,-0.05055574,-0.01679680
168,510770467,true,1,Right,0.922036,16,0.24060051,0.41792975,0.07963001,461,451,0.04201996,-0.05831984,-0.02208480
168,510770467,true,1,Right,0.922036,17,0.15081603,0.50784373,0.04646636,289,548,-0.01043781,-0.00150705,-0.03365583
168,510770467,true,1,Right,0.922036,18,0.16096540,0.43638523,0.06563296,309,471,-0.00492046,-0.02555508,-0.03283348
168,510770467,true,1,Right,0.922036,19,0.18887128,0.41634076,0.06782923,362,449,0.00928817,-0.04338814,-0.03467112
168,510770467,true,1,Right,0.922036,20,0.21869875,0.41706061,0.06593384,419,450,0.02849013,-0.05113238,-0.03645629
169,510770524,true,0,Left,0.961879,0,0.95418801,0.95301169,0.00000096,1832,1029,0.02449924,0.07868646,0.02355194
169,510770524,true,0,Left,0.961879,1,0.81437766,0.93574867,-0.08631182,1563,1010,-0.00874928,0.06431962,0.01245382
169,510770524,true,0,Left,0.961879,2,0.68590765,0.82967056,-0.13712770,1316,896,-0.03500930,0.05380949,0.00689608
169,510770524,true,0,Left,0.961879,3,0.57421559,0.73026092,-0.17619443,1102,788,-0.06299329,0.03791755,0.00082345
169,510770524,true,0,Left,0.961879,4,0.47488962,0.64362481,-0.21515755,911,695,-0.08824394,0.02182221,0.00118505
169,510770524,true,0,Left,0.961879,5,0.75291076,0.43086186,-0.08735245,1445,465,-0.02736774,0.00595514,0.00434834
169,510770524,true,0,Left,0.961879,6,0.70034887,0.19902083,-0.14038726,1344,214,-0.03841686,-0.02272569,-0.00081469
169,510770524,true,0,Left,0.961879,7,0.65787754,0.05694355,-0.18495419,1263,61,-0.04765137,-0.03981738,-0.01144020
169,510770524,true,0,Left,0.961879,8,0.61907999,-0.06012534,-0.21786356,1188,-64,-0.06152512,-0.04838682,-0.03960658
169,510770524,true,0,Left,0.961879,9,0.84340213,0.36985247,-0.08146678,1619,399,-0.00456836,-0.00332621,0.00485573
169,510770524,true,0,Left,0.961879,10,0.82513276,0.09613690,-0.12403069,1584,103,-0.01178620,-0.03776977,-0.00645219
169,510770524,true,0,Left,0.961879,11,0.79987556,-0.06061167,-0.16125708,1535,-65,-0.02277316,-0.05464197,-0.02822317
169,510770524,true,0,Left,0.961879,12,0.77859968,-0.18687170,-0.19008539,1494,-201,-0.03256324,-0.07046040,-0.04773735
169,510770524,true,0,Left,0.961879,13,0.93404817,0.38075150,-0.08588731,1793,411,0.01754294,-0.00478302,-0.00329755
169,510770524,true,0,Left,0.961879,14,0.93034920,0.11102726,-0.13061680,1786,119,0.01180265,-0.03217665,-0.01309785
169,510770524,true,0,Left,0.961879,15,0.91863492,-0.04168040,-0.15928153,1763,-45,0.00609082,-0.04982683,-0.03371892
169,510770524,true,0,Left,0.961879,16,0.90773194,-0.17694804,-0.18113175,1742,-191,-0.00137339,-0.06580829,-0.05484402
169,510770524,true,0,Left,0.961879,17,1.02096043,0.44708800,-0.09579650,1960,482,0.03260046,0.00851340,-0.00810982
169,510770524,true,0,Left,0.961879,18,1.05377436,0.25645033,-0.13926502,2023,276,0.03835778,-0.01216054,-0.01390944
169,510770524,true,0,Left,0.961879,19,1.07505431,0.13620734,-0.15615891,2064,147,0.04008209,-0.02796877,-0.02826159
169,510770524,true,0,Left,0.961879,20,1.09238408,0.02359102,-0.16716524,2097,25,0.03837493,-0.04059333,-0.04402411
169,510770524,true,1,Left,0.564784,0,0.19164509,0.82281113,0.00000005,367,888,0.01301682,0.05607652,-0.06600828
169,510770524,true,1,Left,0.564784,1,0.23075898,0.83064401,0.04969095,443,897,0.03104658,0.06549183,-0.03776440
169,510770524,true,1,Left,0.564784,2,0.24686787,0.80607957,0.08720160,473,870,0.04459909,0.05691556,-0.00282195
169,510770524,true,1,Left,0.564784,3,0.25154757,0.78297257,0.11036585,482,845,0.04498978,0.04718640,0.03053504
169,510770524,true,1,Left,0.564784,4,0.25061315,0.75681841,0.13145384,481,817,0.04076771,0.03697603,0.05395861
169,510770524,true,1,Left,0.564784,5,0.19107276,0.68181121,0.12703876,366,736,0.00841444,0.02082635,0.01813244
169,510770524,true,1,Left,0.564784,6,0.20507841,0.64544123,0.15941456,393,697,0.01664255,0.00281705,0.02792274
169,510770524,true,1,Left,0.564784,7,0.22733267,0.61618245,0.16850309,436,665,0.02857916,-0.01251572,0.03345388
169,510770524,true,1,Left,0.564784,8,0.24190733,0.59652638,0.17297049,464,644,0.03750979,-0.02633830,0.03393870
169,510770524,true,1,Left,0.564784,9,0.17487648,0.64322519,0.10744681,335,694,-0.00615304,0.00046549,0.00944341
169,510770524,true,1,Left,0.564784,10,0.19451585,0.59433460,0.14757302,373,641,0.01120997,-0.02732704,0.01733045
169,510770524,true,1,Left,0.564784,11,0.22066227,0.56653053,0.14952441,423,611,0.02270262,-0.03417846,0.01626602
169,510770524,true,1,Left,0.564784,12,0.24635381,0.54710579,0.14565246,472,590,0.03538094,-0.04715474,0.01222414
169,510770524,true,1,Left,0.564784,13,0.16240025,0.60433346,0.08549073,311,652,-0.00804198,-0.01484320,-0.01089330
169,510770524,true,1,Left,0.564784,14,0.18100818,0.54926586,0.11956999,347,593,0.00341663,-0.03696038,-0.00446766
169,510770524,true,1,Left,0.564784,15,0.20860098,0.53058165,0.11723560,400,573,0.02208912,-0.04741778,-0.00148642
169,510770524,true,1,Left,0.564784,16,0.23256104,0.52095515,0.10946165,446,562,0.03595642,-0.05414264,-0.00368690
169,510770524,true,1,Left,0.564784,17,0.15350989,0.56536156,0.06492820,294,610,-0.00638872,-0.01655992,-0.02792689
169,510770524,true,1,Left,0.564784,18,0.17026791,0.52156425,0.09015347,326,563,-0.00037170,-0.03793931,-0.02577489
169,510770524,true,1,Left,0.564784,19,0.19320534,0.50733352,0.09524851,370,547,0.01192384,-0.04953546,-0.01804468
169,510770524,true,1,Left,0.564784,20,0.21355757,0.50409341,0.09513340,410,544,0.02312790,-0.05978629,-0.01551254
170,510770597,true,0,Left,0.966601,0,0.94122586,0.94564512,0.00000098,1807,1021,0.02551118,0.07656143,0.02003069
170,510770597,true,0,Left,0.966601,1,0.80493721,0.93276384,-0.08954628,1545,1007,-0.00727222,0.06337658,0.01026629
170,510770597,true,0,Left,0.966601,2,0.66357345,0.82989711,-0.14436191,1274,896,-0.03412471,0.05284745,0.00596411
170,510770597,true,0,Left,0.966601,3,0.54025885,0.73331175,-0.18810913,1037,791,-0.06216524,0.03823399,0.00202040
170,510770597,true,0,Left,0.966601,4,0.43321724,0.64905095,-0.23231984,831,700,-0.08783096,0.02254821,0.00194851
170,510770597,true,0,Left,0.966601,5,0.73348527,0.42755320,-0.09608760,1408,461,-0.02716274,0.00608152,0.00496981
170,510770597,true,0,Left,0.966601,6,0.66642588,0.19331546,-0.15516002,1279,208,-0.03826957,-0.02185751,-0.00067828
170,510770597,true,0,Left,0.966601,7,0.61804470,0.04391710,-0.20328135,1186,47,-0.04782768,-0.03898975,-0.01090121
170,510770597,true,0,Left,0.966601,8,0.57934694,-0.08593197,-0.23822193,1112,-92,-0.06103126,-0.04751467,-0.03839993
170,510770597,true,0,Left,0.966601,9,0.83198314,0.35953129,-0.08986386,1597,388,-0.00460483,-0.00312312,0.00515770
170,510770597,true,0,Left,0.966601,10,0.80160906,0.08168232,-0.13545537,1539,88,-0.01277144,-0.03664583,-0.00583585
170,510770597,true,0,Left,0.966601,11,0.77698579,-0.08582912,-0.17299220,1491,-92,-0.02348380,-0.05313733,-0.02762768
170,510770597,true,0,Left,0.966601,12,0.76231096,-0.22949616,-0.20285351,1463,-247,-0.03298198,-0.06837920,-0.04766144
170,510770597,true,0,Left,0.966601,13,0.92224012,0.36019650,-0.09356179,1770,389,0.01716158,-0.00495276,-0.00349493
170,510770597,true,0,Left,0.966601,14,0.91534639,0.08691411,-0.13876455,1757,93,0.01065047,-0.03196176,-0.01278886
170,510770597,true,0,Left,0.966601,15,0.90365000,-0.07842407,-0.16414901,1735,-84,0.00530302,-0.04921194,-0.03335841
170,510770597,true,0,Left,0.966601,16,0.89348463,-0.22770422,-0.18523634,1715,-245,-0.00165183,-0.06494245,-0.05509187
170,510770597,true,0,Left,0.966601,17,1.01252104,0.41460064,-0.10449328,1944,447,0.03206992,0.00796237,-0.00930838
170,510770597,true,0,Left,0.966601,18,1.03721340,0.20713778,-0.14591235,1991,223,0.03671822,-0.01328596,-0.01394720
170,510770597,true,0,Left,0.966601,19,1.05347720,0.06360824,-0.16098398,2022,68,0.03785469,-0.02946542,-0.02785016
170,510770597,true,0,Left,0.966601,20,1.06702614,-0.07111345,-0.17135933,2048,-76,0.03592063,-0.04202319,-0.04310489
170,510770597,true,1,Left,0.574724,0,0.19004649,0.83498995,0.00000005,364,901,0.01118831,0.05546746,-0.05746255
170,510770597,true,1,Left,0.574724,1,0.22996719,0.84904623,0.05087087,441,916,0.02969593,0.06611978,-0.02987062
170,510770597,true,1,Left,0.574724,2,0.24631189,0.83337522,0.08930933,472,900,0.04363980,0.05759607,0.00413576
170,510770597,true,1,Left,0.574724,3,0.25188986,0.81872868,0.11284629,483,884,0.04463989,0.04910359,0.03297667
170,510770597,true,1,Left,0.574724,4,0.25179974,0.80112714,0.13434326,483,865,0.04133681,0.04083718,0.05198791
170,510770597,true,1,Left,0.574724,5,0.19483030,0.71191779,0.13256098,374,768,0.00747608,0.02095212,0.01819068
170,510770597,true,1,Left,0.574724,6,0.20961130,0.68216435,0.16752260,402,736,0.01707743,0.00277459,0.02740114
170,510770597,true,1,Left,0.574724,7,0.23068417,0.65810578,0.17903497,442,710,0.02897654,-0.01189276,0.03375258
170,510770597,true,1,Left,0.574724,8,0.24453043,0.63802895,0.18554235,469,689,0.03784604,-0.02686280,0.03795196
170,510770597,true,1,Left,0.574724,9,0.17884888,0.67049366,0.11233996,343,724,-0.00632155,0.00053548,0.00903682
170,510770597,true,1,Left,0.574724,10,0.19796923,0.63159916,0.15588086,380,682,0.01139898,-0.02785635,0.01567730
170,510770597,true,1,Left,0.574724,11,0.22227815,0.60356113,0.16169883,426,651,0.02160145,-0.03371999,0.01557537
170,510770597,true,1,Left,0.574724,12,0.24663047,0.58057823,0.16149420,473,627,0.03320547,-0.04823959,0.01277932
170,510770597,true,1,Left,0.574724,13,0.16712338,0.62951898,0.08933910,320,679,-0.00733463,-0.01478156,-0.01088717
170,510770597,true,1,Left,0.574724,14,0.18360969,0.58139916,0.12644474,352,627,0.00302616,-0.03790947,-0.00556362
170,510770597,true,1,Left,0.574724,15,0.20940499,0.56284592,0.12844387,402,607,0.02105263,-0.04827572,-0.00175465
170,510770597,true,1,Left,0.574724,16,0.23265973,0.54805149,0.12453345,446,591,0.03413224,-0.05468184,-0.00288450
170,510770597,true,1,Left,0.574724,17,0.15841842,0.58889576,0.06748220,304,636,-0.00600068,-0.01664290,-0.02759894
170,510770597,true,1,Left,0.574724,18,0.17240039,0.54797141,0.09447613,331,591,-0.00094382,-0.03901089,-0.02578254
170,510770597,true,1,Left,0.574724,19,0.19400652,0.53296527,0.10164853,372,575,0.01095716,-0.05020224,-0.01732032
170,510770597,true,1,Left,0.574724,20,0.21387505,0.52606257,0.10381036,410,568,0.02057785,-0.06096285,-0.01380703
171,510770662,true,0,Left,0.978233,0,0.91140598,0.94589461,0.00000097,1749,1021,0.02605618,0.07436441,0.01682366
171,510770662,true,0,Left,0.978233,1,0.77378112,0.93546965,-0.09173729,1485,1010,-0.00639571,0.06233731,0.00735364
171,510770662,true,0,Left,0.978233,2,0.62832357,0.83951925,-0.14978967,1206,906,-0.03349434,0.05246533,0.00445226
171,510770662,true,0,Left,0.978233,3,0.49867709,0.75538605,-0.19775677,957,815,-0.06164217,0.03892526,0.00261279
171,510770662,true,0,Left,0.978233,4,0.38521003,0.67787989,-0.24679888,739,732,-0.08778652,0.02369882,0.00379197
171,510770662,true,0,Left,0.978233,5,0.69393048,0.43627842,-0.09597183,1332,471,-0.02707090,0.00617379,0.00525178
171,510770662,true,0,Left,0.978233,6,0.61843665,0.20922179,-0.15632795,1187,225,-0.03851952,-0.02090459,-0.00081524
171,510770662,true,0,Left,0.978233,7,0.56232168,0.06555004,-0.20692701,1079,70,-0.04843434,-0.03775592,-0.01104391
171,510770662,true,0,Left,0.978233,8,0.51572408,-0.05829262,-0.24419560,990,-62,-0.06207773,-0.04541250,-0.03911351
171,510770662,true,0,Left,0.978233,9,0.79241273,0.36847514,-0.09096465,1521,397,-0.00461269,-0.00287165,0.00562292
171,510770662,true,0,Left,0.978233,10,0.74915826,0.09355195,-0.13738552,1438,101,-0.01392871,-0.03615973,-0.00554594
171,510770662,true,0,Left,0.978233,11,0.72012512,-0.07492419,-0.17657475,1382,-80,-0.02473096,-0.05223801,-0.02770820
171,510770662,true,0,Left,0.978233,12,0.70161146,-0.21888207,-0.20885811,1347,-236,-0.03402553,-0.06713348,-0.04784342
171,510770662,true,0,Left,0.978233,13,0.89149111,0.36929874,-0.09613424,1711,398,0.01684393,-0.00511612,-0.00354552
171,510770662,true,0,Left,0.978233,14,0.87077632,0.09661730,-0.14216521,1671,104,0.00945164,-0.03172155,-0.01302473
171,510770662,true,0,Left,0.978233,15,0.85844524,-0.07312004,-0.16756214,1648,-78,0.00417931,-0.04900578,-0.03339889
171,510770662,true,0,Left,0.978233,16,0.85021701,-0.22658051,-0.18886796,1632,-244,-0.00255030,-0.06482181,-0.05518650
171,510770662,true,0,Left,0.978233,17,0.99095763,0.42371319,-0.10925993,1902,457,0.03159379,0.00733478,-0.01028471
171,510770662,true,0,Left,0.978233,18,1.00188012,0.21211102,-0.15033281,1923,229,0.03539330,-0.01412006,-0.01460593
171,510770662,true,0,Left,0.978233,19,1.01056073,0.07057166,-0.16394052,1940,76,0.03535513,-0.03056124,-0.02793691
171,510770662,true,0,Left,0.978233,20,1.01653305,-0.06067739,-0.17414315,1951,-65,0.03301363,-0.04256719,-0.04290585
171,510770662,true,1,Left,0.812146,0,0.18780497,0.85092872,0.00000007,360,919,0.00778541,0.04792381,-0.05614019
171,510770662,true,1,Left,0.812146,1,0.22360017,0.86989314,0.05004816,429,939,0.02616567,0.06112903,-0.02981377
171,510770662,true,1,Left,0.812146,2,0.23787144,0.85677982,0.08772835,456,925,0.03979856,0.05498359,0.00378388
171,510770662,true,1,Left,0.812146,3,0.24490412,0.84695938,0.11096900,470,914,0.04147995,0.04807780,0.03125004
171,510770662,true,1,Left,0.812146,4,0.24713552,0.83546102,0.13223536,474,902,0.04056064,0.04056263,0.05085135
171,510770662,true,1,Left,0.812146,5,0.20018335,0.75355045,0.12935459,384,813,0.00676352,0.02124334,0.01628380
171,510770662,true,1,Left,0.812146,6,0.21481416,0.72768699,0.16334504,412,785,0.01865239,0.00431542,0.02534004
171,510770662,true,1,Left,0.812146,7,0.23436827,0.70559164,0.17488588,449,762,0.03027655,-0.01105285,0.03238119
171,510770662,true,1,Left,0.812146,8,0.24690977,0.68736671,0.18136902,474,742,0.03835227,-0.02490174,0.03711326
171,510770662,true,1,Left,0.812146,9,0.18364265,0.70851888,0.11011600,352,765,-0.00599273,0.00084320,0.00866583
171,510770662,true,1,Left,0.812146,10,0.20210818,0.67313819,0.15277760,388,726,0.01287557,-0.02766281,0.01477192
171,510770662,true,1,Left,0.812146,11,0.22381811,0.64981276,0.15960155,429,701,0.02164604,-0.03300610,0.01446104
171,510770662,true,1,Left,0.812146,12,0.24624069,0.62871950,0.16093352,472,679,0.03240953,-0.04816189,0.01126475
171,510770662,true,1,Left,0.812146,13,0.17134843,0.66684217,0.08793994,328,720,-0.00687492,-0.01541125,-0.00983902
171,510770662,true,1,Left,0.812146,14,0.18563678,0.62630595,0.12469637,356,676,0.00236972,-0.03795305,-0.00503226
171,510770662,true,1,Left,0.812146,15,0.20873534,0.60791108,0.12907276,400,656,0.01983325,-0.04818485,-0.00032626
171,510770662,true,1,Left,0.812146,16,0.23042581,0.59055615,0.12773431,442,637,0.03170871,-0.05467015,-0.00098865
171,510770662,true,1,Left,0.812146,17,0.16124340,0.62765333,0.06686884,309,677,-0.00709852,-0.01823674,-0.02565813
171,510770662,true,1,Left,0.812146,18,0.17232531,0.59422870,0.09375586,330,641,-0.00291199,-0.03968289,-0.02312636
171,510770662,true,1,Left,0.812146,19,0.19113501,0.57752655,0.10195154,366,623,0.00657266,-0.05125619,-0.01521760
171,510770662,true,1,Left,0.812146,20,0.20873457,0.56710381,0.10532551,400,612,0.01574686,-0.06173156,-0.01172772
172,510770728,true,0,Left,0.966390,0,0.88876734,0.93415396,0.00000097,1706,1008,0.02626471,0.07102268,0.01464241
172,510770728,true,0,Left,0.966390,1,0.75149037,0.93507339,-0.09923130,1442,1009,-0.00607679,0.06009745,0.00594180
172,510770728,true,0,Left,0.966390,2,0.60541569,0.85205684,-0.16668009,1162,920,-0.03316253,0.05168872,0.00372496
172,510770728,true,0,Left,0.966390,3,0.47561734,0.78121279,-0.22373258,913,843,-0.06078373,0.03945321,0.00320978
172,510770728,true,0,Left,0.966390,4,0.35689795,0.70817128,-0.28306629,685,764,-0.08711704,0.02487151,0.00572570
172,510770728,true,0,Left,0.966390,5,0.66679213,0.44396304,-0.12103355,1280,479,-0.02729330,0.00631069,0.00539185
172,510770728,true,0,Left,0.966390,6,0.58543576,0.21744377,-0.19447444,1124,234,-0.03904211,-0.02035794,-0.00017279
172,510770728,true,0,Left,0.966390,7,0.52730716,0.07328757,-0.25222429,1012,79,-0.04903353,-0.03691654,-0.00996314
172,510770728,true,0,Left,0.966390,8,0.47954023,-0.05515485,-0.29459600,920,-59,-0.06289328,-0.04467576,-0.03869439
172,510770728,true,0,Left,0.966390,9,0.76616689,0.37675823,-0.11687904,1471,406,-0.00464307,-0.00272636,0.00590989
172,510770728,true,0,Left,0.966390,10,0.71758033,0.10433267,-0.17890835,1377,112,-0.01431493,-0.03541561,-0.00510842
172,510770728,true,0,Left,0.966390,11,0.69015677,-0.06810509,-0.22854687,1325,-73,-0.02530733,-0.05118231,-0.02738398
172,510770728,true,0,Left,0.966390,12,0.67261341,-0.22577746,-0.26856552,1291,-243,-0.03393253,-0.06660916,-0.04746800
172,510770728,true,0,Left,0.966390,13,0.86806731,0.37704997,-0.12296995,1666,407,0.01675599,-0.00532231,-0.00366281
172,510770728,true,0,Left,0.966390,14,0.84091383,0.10998497,-0.18310995,1614,118,0.00907083,-0.03088565,-0.01241517
172,510770728,true,0,Left,0.966390,15,0.82993511,-0.06735435,-0.21913181,1593,-72,0.00345377,-0.04833524,-0.03276056
172,510770728,true,0,Left,0.966390,16,0.82277066,-0.23506385,-0.24688624,1579,-253,-0.00265151,-0.06490847,-0.05332312
172,510770728,true,0,Left,0.966390,17,0.97242388,0.42733467,-0.13784385,1867,461,0.03170325,0.00618717,-0.01091343
172,510770728,true,0,Left,0.966390,18,0.97447631,0.21307812,-0.18973889,1870,230,0.03492613,-0.01497903,-0.01417459
172,510770728,true,0,Left,0.966390,19,0.97176811,0.05368773,-0.21268399,1865,57,0.03296896,-0.03219575,-0.02593781
172,510770728,true,0,Left,0.966390,20,0.96720175,-0.10576384,-0.23081786,1857,-114,0.02943666,-0.04548283,-0.03914230
172,510770728,true,1,Left,0.800963,0,0.17866275,0.86123491,0.00000004,343,930,0.00140252,0.04319716,-0.05096999
172,510770728,true,1,Left,0.800963,1,0.21093677,0.87404784,0.04631024,404,943,0.01956215,0.05761592,-0.02736867
172,510770728,true,1,Left,0.800963,2,0.22527970,0.85822567,0.07930691,432,926,0.03427258,0.05135257,0.00118582
172,510770728,true,1,Left,0.800963,3,0.23326990,0.84829111,0.09912302,447,916,0.03760075,0.04495377,0.01779177
172,510770728,true,1,Left,0.800963,4,0.23996154,0.83892897,0.11725937,460,906,0.04006857,0.03722938,0.03330759
172,510770728,true,1,Left,0.800963,5,0.19804015,0.77223075,0.11215200,380,834,0.00599175,0.02021823,0.01281966
172,510770728,true,1,Left,0.800963,6,0.22016992,0.75458311,0.13589501,422,814,0.02204138,0.00582980,0.02017852
172,510770728,true,1,Left,0.800963,7,0.23881205,0.75789841,0.14299976,458,818,0.03452178,-0.00517438,0.02564756
172,510770728,true,1,Left,0.800963,8,0.24928382,0.76959728,0.14944337,478,831,0.04110616,-0.00939132,0.02388502
172,510770728,true,1,Left,0.800963,9,0.18285770,0.73178318,0.09712641,351,790,-0.00569638,0.00089366,0.00784298
172,510770728,true,1,Left,0.800963,10,0.21009707,0.70922828,0.13035586,403,765,0.01733692,-0.02613035,0.01248135
172,510770728,true,1,Left,0.800963,11,0.23022858,0.71076077,0.13829576,442,767,0.02725835,-0.02672312,0.01091099
172,510770728,true,1,Left,0.800963,12,0.24871968,0.71318753,0.14295635,477,770,0.03679591,-0.03474327,0.00507068
172,510770728,true,1,Left,0.800963,13,0.17202689,0.69700722,0.07919292,330,752,-0.00668223,-0.01513287,-0.00821516
172,510770728,true,1,Left,0.800963,14,0.19294235,0.66563698,0.10965241,370,718,0.00629239,-0.03617550,-0.00468487
172,510770728,true,1,Left,0.800963,15,0.21293061,0.65826047,0.11781608,408,710,0.02271982,-0.04309472,-0.00041893
172,510770728,true,1,Left,0.800963,16,0.23161251,0.65405038,0.12081398,444,706,0.03332307,-0.04610816,-0.00228147
172,510770728,true,1,Left,0.800963,17,0.16317400,0.66653414,0.06176389,313,719,-0.00716920,-0.01795526,-0.02081781
172,510770728,true,1,Left,0.800963,18,0.17611520,0.63798473,0.08522251,338,689,-0.00179657,-0.03823717,-0.01854029
172,510770728,true,1,Left,0.800963,19,0.19301252,0.62559543,0.09464630,370,675,0.00760878,-0.04938971,-0.01338778
172,510770728,true,1,Left,0.800963,20,0.20934836,0.61920164,0.10016275,401,668,0.01653631,-0.05752826,-0.01108428
173,510770800,true,0,Left,0.972899,0,0.87838326,0.93778664,0.00000096,1686,1012,0.02716447,0.06958822,0.01613178
173,510770800,true,0,Left,0.972899,1,0.73862451,0.93909035,-0.09848168,1418,1014,-0.00548645,0.05917780,0.00665111
173,510770800,true,0,Left,0.972899,2,0.59254632,0.85811475,-0.16521842,1137,926,-0.03245797,0.05153520,0.00394523
173,510770800,true,0,Left,0.972899,3,0.46305496,0.78768116,-0.22151644,889,850,-0.06018246,0.03976584,0.00262461
173,510770800,true,0,Left,0.972899,4,0.34532689,0.71784162,-0.27995803,663,775,-0.08622201,0.02597700,0.00503148
173,510770800,true,0,Left,0.972899,5,0.65386350,0.44682725,-0.12485421,1255,482,-0.02727887,0.00646407,0.00536069
173,510770800,true,0,Left,0.972899,6,0.56747182,0.21718738,-0.19850735,1089,234,-0.03929927,-0.01989824,-0.00013686
173,510770800,true,0,Left,0.972899,7,0.50808205,0.07261907,-0.25549411,975,78,-0.04988669,-0.03612241,-0.01003963
173,510770800,true,0,Left,0.972899,8,0.45813287,-0.05806150,-0.29741930,879,-62,-0.06368881,-0.04333577,-0.03882089
173,510770800,true,0,Left,0.972899,9,0.75133160,0.37643263,-0.12380088,1442,406,-0.00469481,-0.00273786,0.00592734
173,510770800,true,0,Left,0.972899,10,0.70060525,0.09910714,-0.18906611,1345,107,-0.01465230,-0.03479310,-0.00533306
173,510770800,true,0,Left,0.972899,11,0.66568638,-0.07626701,-0.24009699,1278,-82,-0.02625540,-0.05039034,-0.02774086
173,510770800,true,0,Left,0.972899,12,0.63716251,-0.23304235,-0.28028791,1223,-251,-0.03544292,-0.06550552,-0.04830334
173,510770800,true,0,Left,0.972899,13,0.85152730,0.37328065,-0.13267570,1634,403,0.01660411,-0.00536389,-0.00370178
173,510770800,true,0,Left,0.972899,14,0.82458187,0.10186756,-0.19677143,1583,110,0.00887167,-0.03024612,-0.01242974
173,510770800,true,0,Left,0.972899,15,0.80804197,-0.08444310,-0.23636040,1551,-91,0.00266765,-0.04801682,-0.03287838
173,510770800,true,0,Left,0.972899,16,0.79177041,-0.25515898,-0.26581854,1520,-275,-0.00383780,-0.06474283,-0.05340800
173,510770800,true,0,Left,0.972899,17,0.95405387,0.41973180,-0.14964472,1831,453,0.03176181,0.00569005,-0.01101989
173,510770800,true,0,Left,0.972899,18,0.95931416,0.19390586,-0.20538933,1841,209,0.03467778,-0.01572828,-0.01366674
173,510770800,true,0,Left,0.972899,19,0.95565960,0.02448406,-0.23202857,1834,26,0.03198248,-0.03329160,-0.02491658
173,510770800,true,0,Left,0.972899,20,0.94843140,-0.14095601,-0.25256264,1820,-152,0.02740734,-0.04782777,-0.03800417
173,510770800,true,1,Right,0.520978,0,0.15915567,0.86984730,-0.00000016,305,939,-0.01337403,0.04997203,-0.05288162
173,510770800,true,1,Right,0.520978,1,0.19010125,0.85626256,0.03773782,364,924,0.00341427,0.05515284,-0.02447282
173,510770800,true,1,Right,0.520978,2,0.20620227,0.83249271,0.06170221,395,899,0.02191447,0.04207097,-0.00828850
173,510770800,true,1,Right,0.520978,3,0.21722880,0.80734754,0.07404519,417,871,0.03112545,0.02634612,0.00269923
173,510770800,true,1,Right,0.520978,4,0.22680447,0.78332162,0.08429135,435,845,0.03676638,0.01094042,0.01914833
173,510770800,true,1,Right,0.520978,5,0.18531403,0.77371621,0.08259112,355,835,0.00605660,0.01649418,0.01535979
173,510770800,true,1,Right,0.520978,6,0.21798681,0.76839411,0.09421758,418,829,0.02589264,0.00777234,0.01616323
173,510770800,true,1,Right,0.520978,7,0.23571536,0.79451305,0.09282164,452,858,0.03899864,0.01757739,0.01370039
173,510770800,true,1,Right,0.520978,8,0.24486308,0.82818741,0.09466947,470,894,0.04304868,0.02933621,-0.01099803
173,510770800,true,1,Right,0.520978,9,0.17954981,0.75007421,0.06590743,344,810,-0.00413811,0.00124921,0.00666901
173,510770800,true,1,Right,0.520978,10,0.22375049,0.73927712,0.07487094,429,798,0.02971664,-0.01210109,0.00807143
173,510770800,true,1,Right,0.520978,11,0.24039501,0.78239524,0.06620970,461,844,0.04302637,0.00556126,-0.00062509
173,510770800,true,1,Right,0.520978,12,0.24745780,0.82440817,0.06287779,475,890,0.04587288,0.02074784,-0.01832046
173,510770800,true,1,Right,0.520978,13,0.17478837,0.72494370,0.04838763,335,782,-0.00462749,-0.01251448,-0.01006644
173,510770800,true,1,Right,0.520978,14,0.22101147,0.70998663,0.05472335,424,766,0.02691718,-0.01774732,-0.00961779
173,510770800,true,1,Right,0.520978,15,0.23833436,0.75453204,0.04605345,457,814,0.04141771,-0.00526478,-0.01845643
173,510770800,true,1,Right,0.520978,16,0.24381390,0.79825276,0.04274555,468,862,0.05049773,0.01273679,-0.03106225
173,510770800,true,1,Right,0.520978,17,0.16776054,0.70023781,0.03359031,322,756,-0.00533749,-0.01322179,-0.02348472
173,510770800,true,1,Right,0.520978,18,0.19360358,0.67314827,0.04353976,371,727,0.00511376,-0.02973532,-0.01826745
173,510770800,true,1,Right,0.520978,19,0.20810068,0.67407185,0.04484588,399,727,0.01782406,-0.03766149,-0.02257699
173,510770800,true,1,Right,0.520978,20,0.21765289,0.68441135,0.04608250,417,739,0.02610146,-0.04030475,-0.03463044
174,510770860,true,0,Left,0.971777,0,0.85400346,0.93976308,0.00000092,1639,1014,0.02711567,0.07023789,0.01592547
174,510770860,true,0,Left,0.971777,1,0.71953557,0.93846840,-0.09792954,1381,1013,-0.00563617,0.05981720,0.00583211
174,510770860,true,0,Left,0.971777,2,0.57547875,0.85632720,-0.16332641,1104,924,-0.03270997,0.05209542,0.00329493
174,510770860,true,0,Left,0.971777,3,0.44723083,0.78448255,-0.21809097,858,847,-0.06042432,0.04063281,0.00220890
174,510770860,true,0,Left,0.971777,4,0.33175390,0.71227149,-0.27449919,636,769,-0.08655302,0.02704193,0.00484065
174,510770860,true,0,Left,0.971777,5,0.64066884,0.44538929,-0.12164064,1230,481,-0.02753541,0.00669015,0.00515785
174,510770860,true,0,Left,0.971777,6,0.55234942,0.21589854,-0.19372685,1060,233,-0.03991321,-0.01928300,-0.00055480
174,510770860,true,0,Left,0.971777,7,0.49164388,0.07312771,-0.24984139,943,78,-0.05074460,-0.03540582,-0.01041620
174,510770860,true,0,Left,0.971777,8,0.44072880,-0.05670308,-0.29128267,846,-61,-0.06480190,-0.04233955,-0.03933246
174,510770860,true,0,Left,0.971777,9,0.73735909,0.37168149,-0.12058056,1415,401,-0.00477808,-0.00268156,0.00601745
174,510770860,true,0,Left,0.971777,10,0.68482860,0.09783632,-0.18381586,1314,105,-0.01500388,-0.03439624,-0.00566896
174,510770860,true,0,Left,0.971777,11,0.65001882,-0.07406484,-0.23324823,1248,-79,-0.02675366,-0.04965313,-0.02845460
174,510770860,true,0,Left,0.971777,12,0.62247908,-0.22822972,-0.27235949,1195,-246,-0.03616931,-0.06469285,-0.04966314
174,510770860,true,0,Left,0.971777,13,0.83617614,0.36611638,-0.12957794,1605,395,0.01679159,-0.00559601,-0.00348710
174,510770860,true,0,Left,0.971777,14,0.80846906,0.10089106,-0.19249098,1552,108,0.00892791,-0.03015439,-0.01285725
174,510770860,true,0,Left,0.971777,15,0.79182318,-0.07771894,-0.22971294,1520,-83,0.00227829,-0.04767089,-0.03378877
174,510770860,true,0,Left,0.971777,16,0.77501578,-0.24164599,-0.25735870,1488,-260,-0.00462922,-0.06419497,-0.05448077
174,510770860,true,0,Left,0.971777,17,0.93754477,0.41066989,-0.14654150,1800,443,0.03216774,0.00511783,-0.01092998
174,510770860,true,0,Left,0.971777,18,0.94009704,0.18843390,-0.20134563,1804,203,0.03444209,-0.01653449,-0.01358030
174,510770860,true,0,Left,0.971777,19,0.93623651,0.02863431,-0.22627031,1797,30,0.03156316,-0.03399396,-0.02510248
174,510770860,true,0,Left,0.971777,20,0.92891197,-0.12690771,-0.24526314,1783,-137,0.02627510,-0.04856253,-0.03885294
174,510770860,true,1,Right,0.780983,0,0.15703306,0.87097178,-0.00000013,301,940,-0.01382826,0.04793433,-0.06073127
174,510770860,true,1,Right,0.780983,1,0.18806700,0.86007439,0.03051087,361,928,0.00377734,0.05402744,-0.03188299
174,510770860,true,1,Right,0.780983,2,0.20465819,0.83594076,0.04943841,392,902,0.02201744,0.04206299,-0.01420046
174,510770860,true,1,Right,0.780983,3,0.21568577,0.81178152,0.05761593,414,876,0.03225138,0.02709520,0.00263582
174,510770860,true,1,Right,0.780983,4,0.22485857,0.78806363,0.06406364,431,851,0.03799727,0.01098526,0.02141090
174,510770860,true,1,Right,0.780983,5,0.18493208,0.77903129,0.07549769,355,841,0.00661085,0.01680217,0.01476713
174,510770860,true,1,Right,0.780983,6,0.21441549,0.77132638,0.08383438,411,833,0.02605611,0.00813009,0.01569216
174,510770860,true,1,Right,0.780983,7,0.23054144,0.79676195,0.08062914,442,860,0.03895603,0.01813187,0.01260778
174,510770860,true,1,Right,0.780983,8,0.23815283,0.82959057,0.08107388,457,895,0.04247023,0.02965992,-0.01181120
174,510770860,true,1,Right,0.780983,9,0.17883571,0.75702966,0.06160493,343,817,-0.00415251,0.00144393,0.00727495
174,510770860,true,1,Right,0.780983,10,0.21807342,0.74737707,0.06764430,418,807,0.02919929,-0.01115664,0.00751764
174,510770860,true,1,Right,0.780983,11,0.23348492,0.78641473,0.05774536,448,849,0.04152713,0.00617778,-0.00287005
174,510770860,true,1,Right,0.780983,12,0.24078134,0.82547176,0.05370882,462,891,0.04492559,0.02121850,-0.02136594
174,510770860,true,1,Right,0.780983,13,0.17334280,0.73162265,0.04586670,332,790,-0.00510482,-0.01312305,-0.00988765
174,510770860,true,1,Right,0.780983,14,0.21470116,0.72015675,0.05009094,412,777,0.02506349,-0.01685182,-0.00971945
174,510770860,true,1,Right,0.780983,15,0.23090399,0.76018888,0.04085412,443,821,0.03818649,-0.00544130,-0.01927405
174,510770860,true,1,Right,0.780983,16,0.23658892,0.80054397,0.03745581,454,864,0.04738892,0.01266345,-0.03295486
174,510770860,true,1,Right,0.780983,17,0.16564353,0.70527562,0.03200904,318,761,-0.00658986,-0.01469830,-0.02382350
174,510770860,true,1,Right,0.780983,18,0.19052578,0.68197768,0.04052524,365,736,0.00507461,-0.03005693,-0.01915141
174,510770860,true,1,Right,0.780983,19,0.20460457,0.68508259,0.04151509,392,739,0.01698826,-0.03773588,-0.02318933
174,510770860,true,1,Right,0.780983,20,0.21398228,0.69698888,0.04282534,410,752,0.02524269,-0.03863775,-0.03528312
175,510770933,true,0,Left,0.975548,0,0.83497833,1.00119598,0.00000085,1603,1081,0.02647823,0.07357934,0.00762373
175,510770933,true,0,Left,0.975548,1,0.69241039,0.95865006,-0.08963490,1329,1035,-0.00627888,0.06197297,0.00001728
175,510770933,true,0,Left,0.975548,2,0.55390636,0.85689414,-0.14892877,1063,925,-0.03304337,0.05328663,0.00001290
175,510770933,true,0,Left,0.975548,3,0.42784692,0.78005845,-0.19986630,821,842,-0.06105516,0.04084264,0.00251220
175,510770933,true,0,Left,0.975548,4,0.31654047,0.70861864,-0.25149855,607,765,-0.08700713,0.02720122,0.00812232
175,510770933,true,0,Left,0.975548,5,0.62598082,0.44353622,-0.09696914,1201,479,-0.02767458,0.00712640,0.00570695
175,510770933,true,0,Left,0.975548,6,0.53741194,0.21426595,-0.16310962,1031,231,-0.04013507,-0.01926635,0.00027258
175,510770933,true,0,Left,0.975548,7,0.47517036,0.07466206,-0.21828710,912,80,-0.05137603,-0.03578960,-0.00993105
175,510770933,true,0,Left,0.975548,8,0.42177450,-0.05258257,-0.25886917,809,-56,-0.06588309,-0.04223192,-0.03916721
175,510770933,true,0,Left,0.975548,9,0.71959759,0.36950238,-0.10115080,1381,399,-0.00495292,-0.00280042,0.00645224
175,510770933,true,0,Left,0.975548,10,0.65956011,0.09731359,-0.15937626,1266,105,-0.01604106,-0.03466419,-0.00526116
175,510770933,true,0,Left,0.975548,11,0.62040310,-0.07325536,-0.20779671,1191,-79,-0.02790218,-0.05018316,-0.02805565
175,510770933,true,0,Left,0.975548,12,0.58940349,-0.22407464,-0.24482887,1131,-242,-0.03767357,-0.06561933,-0.04908535
175,510770933,true,0,Left,0.975548,13,0.81694650,0.36348021,-0.11551578,1568,392,0.01685811,-0.00569247,-0.00384646
175,510770933,true,0,Left,0.975548,14,0.78087115,0.09320288,-0.17426457,1499,100,0.00848676,-0.03074988,-0.01334569
175,510770933,true,0,Left,0.975548,15,0.76277223,-0.08670818,-0.20843648,1464,-93,0.00130024,-0.04860471,-0.03366543
175,510770933,true,0,Left,0.975548,16,0.74553897,-0.25077788,-0.23228132,1431,-270,-0.00543287,-0.06550161,-0.05342980
175,510770933,true,0,Left,0.975548,17,0.91670840,0.40777702,-0.13700167,1760,440,0.03217949,0.00500187,-0.01234735
175,510770933,true,0,Left,0.975548,18,0.91098807,0.17921441,-0.18762406,1749,193,0.03398707,-0.01720069,-0.01471088
175,510770933,true,0,Left,0.975548,19,0.90241120,0.01716810,-0.20838902,1732,18,0.03026671,-0.03549688,-0.02583980
175,510770933,true,0,Left,0.975548,20,0.89211059,-0.14053040,-0.22291924,1712,-151,0.02449847,-0.05157216,-0.03857552
175,510770933,true,1,Right,0.798211,0,0.15247111,0.86712747,-0.00000009,292,936,-0.01494854,0.04386724,-0.06588775
175,510770933,true,1,Right,0.798211,1,0.18333140,0.86610871,0.02385416,351,935,0.00415062,0.05349113,-0.04024019
175,510770933,true,1,Right,0.798211,2,0.20226307,0.85434405,0.03881339,388,922,0.02504320,0.04607017,-0.02026512
175,510770933,true,1,Right,0.798211,3,0.21515452,0.84698228,0.04438577,413,914,0.03817698,0.03970240,0.00118385
175,510770933,true,1,Right,0.798211,4,0.22524628,0.83709224,0.04848139,432,904,0.04617954,0.02838992,0.02673572
175,510770933,true,1,Right,0.798211,5,0.18403325,0.78791400,0.06835032,353,850,0.00777621,0.01919922,0.01301072
175,510770933,true,1,Right,0.798211,6,0.20935115,0.78133203,0.07584768,401,843,0.02726793,0.01083314,0.01411770
175,510770933,true,1,Right,0.798211,7,0.22205597,0.80563157,0.07223297,426,870,0.03875117,0.01972626,0.00874194
175,510770933,true,1,Right,0.798211,8,0.22617585,0.83593207,0.07201098,434,902,0.04160467,0.03168256,-0.01566529
175,510770933,true,1,Right,0.798211,9,0.17681907,0.76601650,0.05733182,339,827,-0.00388535,0.00134532,0.00756870
175,510770933,true,1,Right,0.798211,10,0.20922001,0.75674809,0.06325945,401,817,0.02897147,-0.01028055,0.00565831
175,510770933,true,1,Right,0.798211,11,0.22178070,0.78997290,0.05305487,425,853,0.03966880,0.00645117,-0.00903863
175,510770933,true,1,Right,0.798211,12,0.22760826,0.82554322,0.04822825,437,891,0.04301998,0.02147596,-0.02949575
175,510770933,true,1,Right,0.798211,13,0.16974118,0.73947815,0.04388874,325,798,-0.00544149,-0.01457769,-0.00843903
175,510770933,true,1,Right,0.798211,14,0.20373115,0.72938381,0.04836802,391,787,0.02275423,-0.01752793,-0.01021448
175,510770933,true,1,Right,0.798211,15,0.21722628,0.76343862,0.03928440,417,824,0.03508620,-0.00642834,-0.02142306
175,510770933,true,1,Right,0.798211,16,0.22185007,0.79995609,0.03564330,425,863,0.04262909,0.01086193,-0.03724053
175,510770933,true,1,Right,0.798211,17,0.15997131,0.71173772,0.03144332,307,768,-0.00899612,-0.01821486,-0.02254688
175,510770933,true,1,Right,0.798211,18,0.18274270,0.69021025,0.04024945,350,745,0.00371777,-0.03347487,-0.01867134
175,510770933,true,1,Right,0.798211,19,0.19498216,0.69417794,0.04174517,374,749,0.01429760,-0.04009981,-0.02331685
175,510770933,true,1,Right,0.798211,20,0.20247341,0.70675038,0.04328747,388,763,0.02221520,-0.03985356,-0.03565171
176,510770994,true,0,Left,0.977368,0,0.82340772,1.01171834,0.00000080,1580,1092,0.02657833,0.07622642,-0.00044439
176,510770994,true,0,Left,0.977368,1,0.67638261,0.96421941,-0.08003843,1298,1041,-0.00652721,0.06360172,-0.00544993
176,510770994,true,0,Left,0.977368,2,0.53728813,0.85429492,-0.13182139,1031,922,-0.03335423,0.05367866,-0.00313526
176,510770994,true,0,Left,0.977368,3,0.41372895,0.77002517,-0.17775093,794,831,-0.06186814,0.04057804,0.00181828
176,510770994,true,0,Left,0.977368,4,0.30444777,0.70108187,-0.22430036,584,757,-0.08768391,0.02661574,0.00997594
176,510770994,true,0,Left,0.977368,5,0.61069470,0.44323658,-0.07193173,1172,478,-0.02790912,0.00751669,0.00619048
176,510770994,true,0,Left,0.977368,6,0.52535187,0.21683011,-0.12959265,1008,234,-0.04029951,-0.01923907,0.00072983
176,510770994,true,0,Left,0.977368,7,0.46498206,0.08253313,-0.18052350,892,89,-0.05159797,-0.03558438,-0.00948346
176,510770994,true,0,Left,0.977368,8,0.41313823,-0.03889286,-0.21811663,793,-42,-0.06616326,-0.04173957,-0.03947599
176,510770994,true,0,Left,0.977368,9,0.70137121,0.36882078,-0.07928299,1346,398,-0.00501641,-0.00279740,0.00677546
176,510770994,true,0,Left,0.977368,10,0.64351761,0.09744499,-0.12976729,1235,105,-0.01635911,-0.03529767,-0.00474481
176,510770994,true,0,Left,0.977368,11,0.60552165,-0.07244616,-0.17535313,1162,-78,-0.02831320,-0.05111895,-0.02753386
176,510770994,true,0,Left,0.977368,12,0.57560678,-0.22191428,-0.20954968,1105,-239,-0.03798502,-0.06670777,-0.04887543
176,510770994,true,0,Left,0.977368,13,0.79753507,0.36123789,-0.09697983,1531,390,0.01688913,-0.00584328,-0.00399669
176,510770994,true,0,Left,0.977368,14,0.75733169,0.08669850,-0.14892861,1454,93,0.00835918,-0.03173087,-0.01358973
176,510770994,true,0,Left,0.977368,15,0.73589809,-0.09164187,-0.18194110,1412,-98,0.00057598,-0.04981107,-0.03347689
176,510770994,true,0,Left,0.977368,16,0.71572686,-0.25458648,-0.20463289,1374,-274,-0.00650558,-0.06740464,-0.05174900
176,510770994,true,0,Left,0.977368,17,0.89771917,0.40292944,-0.12110705,1723,435,0.03244789,0.00442100,-0.01364596
176,510770994,true,0,Left,0.977368,18,0.88717176,0.17066207,-0.16601297,1703,184,0.03374998,-0.01816074,-0.01572938
176,510770994,true,0,Left,0.977368,19,0.87556605,0.00652309,-0.18446594,1681,7,0.02980929,-0.03755222,-0.02614601
176,510770994,true,0,Left,0.977368,20,0.86313354,-0.15464397,-0.19698030,1657,-167,0.02328303,-0.05500866,-0.03766353
176,510770994,true,1,Right,0.633668,0,0.14510489,0.85844575,-0.00000004,278,927,-0.01909063,0.04441912,-0.06518823
176,510770994,true,1,Right,0.633668,1,0.17512578,0.86316550,0.01197734,336,932,0.00262306,0.05401771,-0.04447780
176,510770994,true,1,Right,0.633668,2,0.19696501,0.85163226,0.01785924,378,919,0.02507025,0.04965597,-0.02589796
176,510770994,true,1,Right,0.633668,3,0.21249630,0.84563097,0.01758913,407,913,0.04218454,0.04567332,-0.00260438
176,510770994,true,1,Right,0.633668,4,0.22345169,0.83759644,0.01678456,429,904,0.05171993,0.03521650,0.02395667
176,510770994,true,1,Right,0.633668,5,0.18156331,0.78489414,0.04495621,348,847,0.00826651,0.01938743,0.01132951
176,510770994,true,1,Right,0.633668,6,0.20314121,0.77975344,0.04635003,390,842,0.02708822,0.01209547,0.01109409
176,510770994,true,1,Right,0.633668,7,0.21446060,0.80301588,0.04118269,411,867,0.03921802,0.02089721,0.00532200
176,510770994,true,1,Right,0.633668,8,0.21834536,0.83057609,0.03911534,419,897,0.04195245,0.03277329,-0.01816906
176,510770994,true,1,Right,0.633668,9,0.17359301,0.76325170,0.03994853,333,824,-0.00353146,0.00101171,0.00770851
176,510770994,true,1,Right,0.633668,10,0.20067422,0.75607310,0.04087098,385,816,0.02847456,-0.00944389,0.00422849
176,510770994,true,1,Right,0.633668,11,0.21132253,0.78817772,0.03266244,405,851,0.03874860,0.00725017,-0.01447582
176,510770994,true,1,Right,0.633668,12,0.21631099,0.81927367,0.02885623,415,884,0.04310604,0.02209196,-0.03376113
176,510770994,true,1,Right,0.633668,13,0.16543346,0.73790873,0.03206689,317,796,-0.00558829,-0.01514113,-0.00751298
176,510770994,true,1,Right,0.633668,14,0.19334609,0.72818718,0.03313571,371,786,0.02005309,-0.01829823,-0.01116545
176,510770994,true,1,Right,0.633668,15,0.20456528,0.76014981,0.02715878,392,820,0.03187284,-0.00670096,-0.02460093
176,510770994,true,1,Right,0.633668,16,0.20847246,0.78947065,0.02518109,400,852,0.03856067,0.00924423,-0.04136736
176,510770994,true,1,Right,0.633668,17,0.15475866,0.71200986,0.02353288,297,768,-0.01090155,-0.01891762,-0.02080921
176,510770994,true,1,Right,0.633668,18,0.17568618,0.69240422,0.02879695,337,747,0.00217017,-0.03335336,-0.01904065
176,510770994,true,1,Right,0.633668,19,0.18559085,0.69853414,0.03095968,356,754,0.01202422,-0.03844710,-0.02521387
176,510770994,true,1,Right,0.633668,20,0.19080761,0.71133841,0.03328964,366,768,0.01905420,-0.03474104,-0.03676712
177,510771063,true,0,Left,0.977324,0,0.81696609,1.01424135,0.00000076,1568,1095,0.02681913,0.07756235,-0.00213115
177,510771063,true,0,Left,0.977324,1,0.67264980,0.96670459,-0.07778239,1291,1044,-0.00646691,0.06438530,-0.00752510
177,510771063,true,0,Left,0.977324,2,0.53438885,0.85343196,-0.12946685,1026,921,-0.03325920,0.05430907,-0.00512132
177,510771063,true,0,Left,0.977324,3,0.41148686,0.76558442,-0.17563175,790,826,-0.06193946,0.04070667,-0.00025861
177,510771063,true,0,Left,0.977324,4,0.30320520,0.69267920,-0.22261968,582,748,-0.08762062,0.02655343,0.00951064
177,510771063,true,0,Left,0.977324,5,0.60228070,0.44358983,-0.07064203,1156,479,-0.02789660,0.00808719,0.00616934
177,510771063,true,0,Left,0.977324,6,0.51982999,0.22062581,-0.12886489,998,238,-0.04039978,-0.01892873,0.00066343
177,510771063,true,0,Left,0.977324,7,0.46028950,0.08928402,-0.17941402,883,96,-0.05166507,-0.03502408,-0.00970128
177,510771063,true,0,Left,0.977324,8,0.40863622,-0.02966357,-0.21666603,784,-32,-0.06607557,-0.04118074,-0.03999235
177,510771063,true,0,Left,0.977324,9,0.69124509,0.36750963,-0.07700549,1327,396,-0.00503125,-0.00270344,0.00705294
177,510771063,true,0,Left,0.977324,10,0.63327556,0.09724736,-0.12836975,1215,105,-0.01652982,-0.03582305,-0.00458617
177,510771063,true,0,Left,0.977324,11,0.59505138,-0.07112726,-0.17334454,1142,-76,-0.02884271,-0.05170204,-0.02734934
177,510771063,true,0,Left,0.977324,12,0.56413066,-0.21870959,-0.20658988,1083,-236,-0.03847901,-0.06707439,-0.04869213
177,510771063,true,0,Left,0.977324,13,0.78708886,0.35830404,-0.09370420,1511,386,0.01690432,-0.00625673,-0.00397085
177,510771063,true,0,Left,0.977324,14,0.74686836,0.08204104,-0.14616282,1433,88,0.00837787,-0.03244439,-0.01390558
177,510771063,true,0,Left,0.977324,15,0.72495312,-0.09547095,-0.17916124,1391,-103,0.00009003,-0.05080208,-0.03374567
177,510771063,true,0,Left,0.977324,16,0.70331814,-0.25727405,-0.20152910,1350,-277,-0.00737362,-0.06856516,-0.05113631
177,510771063,true,0,Left,0.977324,17,0.88706699,0.39783284,-0.11685275,1703,429,0.03276711,0.00362838,-0.01404098
177,510771063,true,0,Left,0.977324,18,0.87418535,0.16342929,-0.16216293,1678,176,0.03375759,-0.01896777,-0.01634695
177,510771063,true,0,Left,0.977324,19,0.86083073,-0.00203880,-0.18110669,1652,-2,0.02926599,-0.03927763,-0.02643933
177,510771063,true,0,Left,0.977324,20,0.84635119,-0.16403737,-0.19366170,1624,-177,0.02207506,-0.05729890,-0.03725201
177,510771063,true,1,Left,0.818806,0,0.12887602,0.84122413,0.00000023,247,908,-0.02078344,0.04986776,-0.07892209
177,510771063,true,1,Left,0.818806,1,0.15726554,0.85015929,-0.00220750,301,918,-0.00019544,0.05856373,-0.05552949
177,510771063,true,1,Left,0.818806,2,0.17912127,0.84373045,-0.00325723,343,911,0.02479892,0.06107385,-0.03813630
177,510771063,true,1,Left,0.818806,3,0.19628526,0.84457779,-0.00715955,376,912,0.04942485,0.05760634,-0.01479441
177,510771063,true,1,Left,0.818806,4,0.20747699,0.83741081,-0.01077680,398,904,0.05573417,0.04890148,0.01045872
177,510771063,true,1,Left,0.818806,5,0.16723807,0.77410913,0.01859480,321,836,0.00615170,0.01899761,0.00769563
177,510771063,true,1,Left,0.818806,6,0.18510298,0.77355176,0.01842185,355,835,0.02569552,0.01209010,0.02208994
177,510771063,true,1,Left,0.818806,7,0.19899595,0.77279478,0.01528926,382,834,0.04420197,0.00930869,0.03544930
177,510771063,true,1,Left,0.818806,8,0.20636509,0.77196419,0.01357524,396,833,0.05430084,0.00423546,0.03662235
177,510771063,true,1,Left,0.818806,9,0.15874687,0.75109309,0.01625580,304,811,-0.00185523,0.00019081,0.00663576
177,510771063,true,1,Left,0.818806,10,0.17813964,0.74148995,0.01986382,342,800,0.02269013,-0.01557592,0.02193879
177,510771063,true,1,Left,0.818806,11,0.18783329,0.74453276,0.02027115,360,804,0.03578399,-0.01499499,0.02777272
177,510771063,true,1,Left,0.818806,12,0.19540401,0.74454004,0.02071081,375,804,0.04735196,-0.01639373,0.03244703
177,510771063,true,1,Left,0.818806,13,0.15247871,0.73061931,0.01153105,292,789,-0.00479409,-0.01646668,-0.00594635
177,510771063,true,1,Left,0.818806,14,0.17015728,0.71719992,0.01420638,326,774,0.01231282,-0.02663617,0.00231486
177,510771063,true,1,Left,0.818806,15,0.17884791,0.71684992,0.01827498,343,774,0.02223800,-0.02724912,0.01254374
177,510771063,true,1,Left,0.818806,16,0.18407448,0.71645939,0.02144057,353,773,0.03075787,-0.02887429,0.01622916
177,510771063,true,1,Left,0.818806,17,0.14718151,0.71537268,0.00533829,282,772,-0.01091701,-0.01895534,-0.01716159
177,510771063,true,1,Left,0.818806,18,0.16168617,0.69960159,0.00895601,310,755,0.00233653,-0.03320411,-0.01358496
177,510771063,true,1,Left,0.818806,19,0.16818944,0.69598740,0.01520723,322,751,0.00829580,-0.03808368,-0.00624570
177,510771063,true,1,Left,0.818806,20,0.17133856,0.69626427,0.02035950,328,751,0.01379958,-0.03871659,0.00193330
178,510771129,true,0,Left,0.972823,0,0.82041015,1.01076063,0.00000075,1575,1091,0.02650100,0.07797100,-0.00357667
178,510771129,true,0,Left,0.972823,1,0.67375648,0.96272480,-0.07387339,1293,1039,-0.00668232,0.06432836,-0.00916839
178,510771129,true,0,Left,0.972823,2,0.53517229,0.84894764,-0.12281055,1027,916,-0.03335714,0.05404705,-0.00654659
178,510771129,true,0,Left,0.972823,3,0.41361652,0.75895427,-0.16714618,794,819,-0.06242593,0.04035074,-0.00169273
178,510771129,true,0,Left,0.972823,4,0.30744360,0.68289120,-0.21213045,590,737,-0.08784468,0.02624993,0.00872256
178,510771129,true,0,Left,0.972823,5,0.60535290,0.44204010,-0.06350087,1162,477,-0.02771169,0.00841991,0.00608187
178,510771129,true,0,Left,0.972823,6,0.52257266,0.22065083,-0.11904584,1003,238,-0.04037965,-0.01893940,0.00068157
178,510771129,true,0,Left,0.972823,7,0.46518921,0.08984056,-0.16728050,893,97,-0.05169658,-0.03492362,-0.00992308
178,510771129,true,0,Left,0.972823,8,0.41548388,-0.02965606,-0.20286000,797,-32,-0.06563215,-0.04126438,-0.04032875
178,510771129,true,0,Left,0.972823,9,0.69551807,0.36463425,-0.07018973,1335,393,-0.00501999,-0.00266338,0.00714679
178,510771129,true,0,Left,0.972823,10,0.63922135,0.09666682,-0.11962513,1227,104,-0.01639463,-0.03601030,-0.00451061
178,510771129,true,0,Left,0.972823,11,0.60207552,-0.07023637,-0.16330391,1155,-75,-0.02875270,-0.05196457,-0.02711507
178,510771129,true,0,Left,0.972823,12,0.57196644,-0.21628628,-0.19541493,1098,-233,-0.03846201,-0.06699996,-0.04874834
178,510771129,true,0,Left,0.972823,13,0.79139777,0.35384603,-0.08701180,1519,382,0.01679685,-0.00628839,-0.00377448
178,510771129,true,0,Left,0.972823,14,0.75280550,0.07911092,-0.13788966,1445,85,0.00830483,-0.03249341,-0.01388477
178,510771129,true,0,Left,0.972823,15,0.73253210,-0.09627964,-0.16955098,1406,-103,0.00014983,-0.05114516,-0.03339120
178,510771129,true,0,Left,0.972823,16,0.71276033,-0.25576752,-0.19053645,1368,-276,-0.00736988,-0.06893225,-0.05015597
178,510771129,true,0,Left,0.972823,17,0.88947619,0.39147884,-0.11001563,1707,422,0.03285615,0.00321648,-0.01397692
178,510771129,true,0,Left,0.972823,18,0.87779095,0.15828741,-0.15385823,1685,170,0.03351715,-0.01930202,-0.01625253
178,510771129,true,0,Left,0.972823,19,0.86641402,-0.00459060,-0.17147620,1663,-4,0.02894307,-0.03970448,-0.02593991
178,510771129,true,0,Left,0.972823,20,0.85473665,-0.16265824,-0.18257769,1641,-175,0.02183631,-0.05779296,-0.03655632
178,510771129,true,1,Left,0.927989,0,0.12751654,0.83407109,0.00000018,244,900,-0.02633033,0.04843039,-0.04935227
178,510771129,true,1,Left,0.927989,1,0.15332915,0.84761136,-0.00498828,294,915,-0.00813543,0.05667690,-0.03981532
178,510771129,true,1,Left,0.927989,2,0.17455331,0.84598616,-0.01059279,335,913,0.01544019,0.06157531,-0.02699788
178,510771129,true,1,Left,0.927989,3,0.19129987,0.85216068,-0.01869722,367,920,0.03635672,0.06130418,-0.00610935
178,510771129,true,1,Left,0.927989,4,0.20265459,0.85650472,-0.02674113,389,925,0.04274359,0.05616528,0.01857534
178,510771129,true,1,Left,0.927989,5,0.16742895,0.76349408,0.00680762,321,824,0.00459287,0.01663684,0.00625918
178,510771129,true,1,Left,0.927989,6,0.18590439,0.77567329,-0.00084536,356,837,0.02197857,0.01280097,0.01884982
178,510771129,true,1,Left,0.927989,7,0.19821265,0.79257436,-0.00924709,380,855,0.03732325,0.01677756,0.02662476
178,510771129,true,1,Left,0.927989,8,0.20367287,0.80493501,-0.01466654,391,869,0.04151929,0.02144087,0.02180029
178,510771129,true,1,Left,0.927989,9,0.16080256,0.74271154,0.00484171,308,802,-0.00197710,-0.00047639,0.00592969
178,510771129,true,1,Left,0.927989,10,0.18182442,0.74932315,0.00075355,349,809,0.02095923,-0.01187472,0.01851584
178,510771129,true,1,Left,0.927989,11,0.18983334,0.77130975,-0.00255082,364,833,0.03152945,-0.00329716,0.01731353
178,510771129,true,1,Left,0.927989,12,0.19511149,0.78460726,-0.00473992,374,847,0.03942078,0.00092788,0.01724393
178,510771129,true,1,Left,0.927989,13,0.15590214,0.72704248,0.00082437,299,785,-0.00323137,-0.01395013,-0.00487784
178,510771129,true,1,Left,0.927989,14,0.17576847,0.73042528,-0.00309206,337,788,0.01216727,-0.01875828,0.00200417
178,510771129,true,1,Left,0.927989,15,0.18339234,0.75139425,-0.00144841,352,811,0.02222765,-0.00955103,0.00658564
178,510771129,true,1,Left,0.927989,16,0.18687931,0.76547979,0.00041848,358,826,0.02969078,-0.00324519,0.00211644
178,510771129,true,1,Left,0.927989,17,0.15153694,0.71622740,-0.00465123,290,773,-0.00952597,-0.01481254,-0.01355154
178,510771129,true,1,Left,0.927989,18,0.16910528,0.71774709,-0.00536996,324,775,0.00392942,-0.02291001,-0.00934426
178,510771129,true,1,Left,0.927989,19,0.17575935,0.73320762,-0.00099844,337,791,0.01137133,-0.01635995,-0.00528812
178,510771129,true,1,Left,0.927989,20,0.17808157,0.74597779,0.00281761,341,805,0.01628149,-0.00877322,-0.00403690
179,510771195,true,0,Left,0.975819,0,0.82412135,1.00402198,0.00000073,1582,1084,0.02642441,0.07854510,-0.00231539
179,510771195,true,0,Left,0.975819,1,0.67830806,0.95596830,-0.07615154,1302,1032,-0.00683101,0.06486441,-0.00826143
179,510771195,true,0,Left,0.975819,2,0.54033487,0.84338933,-0.12733148,1037,910,-0.03337974,0.05423715,-0.00658454
179,510771195,true,0,Left,0.975819,3,0.41932968,0.74560717,-0.17310598,805,805,-0.06269069,0.04028480,-0.00274294
179,510771195,true,0,Left,0.975819,4,0.31373389,0.66121330,-0.21943547,602,714,-0.08811601,0.02609076,0.00721746
179,510771195,true,0,Left,0.975819,5,0.61083832,0.43080670,-0.06861548,1172,465,-0.02752365,0.00834784,0.00592406
179,510771195,true,0,Left,0.975819,6,0.52775435,0.21368312,-0.12669520,1013,230,-0.04044399,-0.01895304,0.00051929
179,510771195,true,0,Left,0.975819,7,0.47054422,0.08378587,-0.17663406,903,90,-0.05173070,-0.03480375,-0.01053874
179,510771195,true,0,Left,0.975819,8,0.42138587,-0.03593253,-0.21338035,809,-38,-0.06551472,-0.04153459,-0.04076062
179,510771195,true,0,Left,0.975819,9,0.70107863,0.35120341,-0.07343082,1346,379,-0.00498787,-0.00264218,0.00708774
179,510771195,true,0,Left,0.975819,10,0.64534318,0.08924323,-0.12519636,1239,96,-0.01634047,-0.03614400,-0.00477204
179,510771195,true,0,Left,0.975819,11,0.60715107,-0.07191918,-0.16984317,1165,-77,-0.02893106,-0.05180656,-0.02733823
179,510771195,true,0,Left,0.975819,12,0.57590284,-0.21296621,-0.20271586,1105,-230,-0.03947856,-0.06624448,-0.04954600
179,510771195,true,0,Left,0.975819,13,0.79652187,0.34103134,-0.08832525,1529,368,0.01678795,-0.00634307,-0.00364603
179,510771195,true,0,Left,0.975819,14,0.75890596,0.07224512,-0.14096410,1457,78,0.00815782,-0.03227736,-0.01422048
179,510771195,true,0,Left,0.975819,15,0.73796263,-0.09785860,-0.17275567,1416,-105,-0.00013217,-0.05095540,-0.03358342
179,510771195,true,0,Left,0.975819,16,0.71771628,-0.25246934,-0.19388738,1378,-272,-0.00812069,-0.06831783,-0.05020294
179,510771195,true,0,Left,0.975819,17,0.89386178,0.38161226,-0.10959129,1716,412,0.03298972,0.00314905,-0.01362427
179,510771195,true,0,Left,0.975819,18,0.88455910,0.15377403,-0.15508387,1698,166,0.03362463,-0.01931506,-0.01628707
179,510771195,true,0,Left,0.975819,19,0.87501395,-0.00351977,-0.17339035,1680,-3,0.02903114,-0.03952725,-0.02639021
179,510771195,true,0,Left,0.975819,20,0.86480934,-0.15562180,-0.18481718,1660,-168,0.02194055,-0.05680525,-0.03753952
180,510771263,true,0,Left,0.977418,0,0.82838464,0.99720303,0.00000072,1590,1076,0.02609557,0.07983819,-0.00420575
180,510771263,true,0,Left,0.977418,1,0.68182614,0.94462907,-0.07496661,1309,1020,-0.00726405,0.06577417,-0.00935302
180,510771263,true,0,Left,0.977418,2,0.54517169,0.83088363,-0.12413159,1046,897,-0.03354650,0.05462056,-0.00767601
180,510771263,true,0,Left,0.977418,3,0.42751147,0.72720327,-0.16813716,820,785,-0.06287437,0.03994946,-0.00349137
180,510771263,true,0,Left,0.977418,4,0.32622972,0.63787128,-0.21189893,626,688,-0.08836923,0.02567758,0.00618169
180,510771263,true,0,Left,0.977418,5,0.61794116,0.41536320,-0.05762222,1186,448,-0.02732207,0.00823027,0.00605981
180,510771263,true,0,Left,0.977418,6,0.53650088,0.20370560,-0.11151569,1030,220,-0.04039589,-0.01937772,0.00079294
180,510771263,true,0,Left,0.977418,7,0.48116142,0.07589544,-0.15995721,923,81,-0.05158866,-0.03505687,-0.01077467
180,510771263,true,0,Left,0.977418,8,0.43384511,-0.04215341,-0.19595665,832,-45,-0.06530226,-0.04198760,-0.04169397
180,510771263,true,0,Left,0.977418,9,0.70753844,0.33687591,-0.06152394,1358,363,-0.00494466,-0.00272580,0.00723893
180,510771263,true,0,Left,0.977418,10,0.65186871,0.08185341,-0.10899761,1251,88,-0.01626168,-0.03642912,-0.00494218
180,510771263,true,0,Left,0.977418,11,0.61313338,-0.07518272,-0.15215390,1177,-81,-0.02893744,-0.05208903,-0.02744858
180,510771263,true,0,Left,0.977418,12,0.58147774,-0.21281778,-0.18399036,1116,-229,-0.03982765,-0.06606242,-0.05048339
180,510771263,true,0,Left,0.977418,13,0.80204017,0.32813295,-0.07628714,1539,354,0.01677531,-0.00633261,-0.00374144
180,510771263,true,0,Left,0.977418,14,0.76487741,0.06627341,-0.12578060,1468,71,0.00833407,-0.03226794,-0.01459546
180,510771263,true,0,Left,0.977418,15,0.74431677,-0.09852257,-0.15583649,1429,-106,-0.00012962,-0.05090878,-0.03398983
180,510771263,true,0,Left,0.977418,16,0.72381285,-0.25026465,-0.17566670,1389,-270,-0.00820972,-0.06809633,-0.05071601
180,510771263,true,0,Left,0.977418,17,0.89872561,0.37052894,-0.09777470,1725,400,0.03301979,0.00338788,-0.01397756
180,510771263,true,0,Left,0.977418,18,0.89010439,0.14745889,-0.14139582,1709,159,0.03394697,-0.01930576,-0.01663857
180,510771263,true,0,Left,0.977418,19,0.88072410,-0.00532690,-0.15891996,1690,-5,0.02925482,-0.03952870,-0.02678530
180,510771263,true,0,Left,0.977418,20,0.87152914,-0.15465523,-0.16951719,1673,-167,0.02215450,-0.05665308,-0.03791197
181,510771321,true,0,Left,0.978785,0,0.83652291,0.98865427,0.00000070,1606,1067,0.02590340,0.08065176,-0.00451633
181,510771321,true,0,Left,0.978785,1,0.68727410,0.93914159,-0.07448449,1319,1014,-0.00754177,0.06644854,-0.00963279
181,510771321,true,0,Left,0.978785,2,0.55238721,0.82592514,-0.12187195,1060,891,-0.03376211,0.05508110,-0.00781094
181,510771321,true,0,Left,0.978785,3,0.43806969,0.72036766,-0.16389263,841,777,-0.06293371,0.04002974,-0.00376978
181,510771321,true,0,Left,0.978785,4,0.33917538,0.62657420,-0.20504713,651,676,-0.08838720,0.02555910,0.00577058
181,510771321,true,0,Left,0.978785,5,0.62590450,0.41121368,-0.05298913,1201,444,-0.02730872,0.00831199,0.00604685
181,510771321,true,0,Left,0.978785,6,0.54616741,0.20138596,-0.10432829,1048,217,-0.04032495,-0.01949274,0.00073429
181,510771321,true,0,Left,0.978785,7,0.49239686,0.07306902,-0.15105009,945,78,-0.05152021,-0.03515886,-0.01085829
181,510771321,true,0,Left,0.978785,8,0.44688955,-0.04453332,-0.18586069,858,-48,-0.06501080,-0.04221088,-0.04200620
181,510771321,true,0,Left,0.978785,9,0.71527982,0.33199288,-0.05578003,1373,358,-0.00499362,-0.00275823,0.00728396
181,510771321,true,0,Left,0.978785,10,0.66374264,0.07949328,-0.10034190,1274,85,-0.01599522,-0.03652994,-0.00521042
181,510771321,true,0,Left,0.978785,11,0.62735393,-0.07683508,-0.14142444,1204,-82,-0.02831373,-0.05236340,-0.02780072
181,510771321,true,0,Left,0.978785,12,0.59747933,-0.21176650,-0.17175222,1147,-228,-0.03899481,-0.06611810,-0.05129521
181,510771321,true,0,Left,0.978785,13,0.80911926,0.32185634,-0.06977202,1553,347,0.01684539,-0.00641222,-0.00375451
181,510771321,true,0,Left,0.978785,14,0.77542677,0.06346703,-0.11687820,1488,68,0.00875543,-0.03251507,-0.01483561
181,510771321,true,0,Left,0.978785,15,0.75739685,-0.09823230,-0.14582363,1454,-106,0.00050372,-0.05102634,-0.03444872
181,510771321,true,0,Left,0.978785,16,0.73820020,-0.24668725,-0.16485450,1417,-266,-0.00753289,-0.06779957,-0.05143353
181,510771321,true,0,Left,0.978785,17,0.90417370,0.36269889,-0.09069487,1736,391,0.03314448,0.00342945,-0.01403611
181,510771321,true,0,Left,0.978785,18,0.89839232,0.14159173,-0.13292584,1724,152,0.03439771,-0.01953569,-0.01672930
181,510771321,true,0,Left,0.978785,19,0.89065611,-0.00813791,-0.15023927,1710,-8,0.02980884,-0.03980107,-0.02701986
181,510771321,true,0,Left,0.978785,20,0.88187457,-0.15409753,-0.16058644,1693,-166,0.02269030,-0.05673538,-0.03808505
182,510771399,true,0,Left,0.979691,0,0.84303783,0.98673581,0.00000070,1618,1065,0.02559949,0.08131652,-0.00338465
182,510771399,true,0,Left,0.979691,1,0.69520311,0.93957532,-0.07549655,1334,1014,-0.00783974,0.06728630,-0.00870387
182,510771399,true,0,Left,0.979691,2,0.56167355,0.82246357,-0.12355081,1078,888,-0.03393630,0.05555648,-0.00742990
182,510771399,true,0,Left,0.979691,3,0.44735599,0.71558185,-0.16592895,858,772,-0.06294361,0.04007195,-0.00393998
182,510771399,true,0,Left,0.979691,4,0.34625432,0.62339672,-0.20759512,664,673,-0.08847467,0.02552988,0.00480228
182,510771399,true,0,Left,0.979691,5,0.63286235,0.40687175,-0.05634402,1215,439,-0.02739900,0.00827599,0.00608219
182,510771399,true,0,Left,0.979691,6,0.55536614,0.19687760,-0.10843605,1066,212,-0.04024506,-0.01954256,0.00060456
182,510771399,true,0,Left,0.979691,7,0.50283868,0.06901531,-0.15533682,965,74,-0.05132786,-0.03508882,-0.01110499
182,510771399,true,0,Left,0.979691,8,0.45880182,-0.04754694,-0.19034198,880,-51,-0.06467034,-0.04213797,-0.04252346
182,510771399,true,0,Left,0.979691,9,0.72311078,0.32833540,-0.05835149,1388,354,-0.00495907,-0.00276333,0.00725090
182,510771399,true,0,Left,0.979691,10,0.67341711,0.07712057,-0.10337765,1292,83,-0.01584664,-0.03644324,-0.00552294
182,510771399,true,0,Left,0.979691,11,0.63917522,-0.07799130,-0.14459198,1227,-84,-0.02776558,-0.05225903,-0.02811143
182,510771399,true,0,Left,0.979691,12,0.61115304,-0.21062784,-0.17540046,1173,-227,-0.03835422,-0.06565067,-0.05212787
182,510771399,true,0,Left,0.979691,13,0.81712804,0.31847548,-0.07127995,1568,343,0.01692522,-0.00642598,-0.00375821
182,510771399,true,0,Left,0.979691,14,0.78608090,0.06226910,-0.11870981,1509,67,0.00929656,-0.03257517,-0.01503226
182,510771399,true,0,Left,0.979691,15,0.76878643,-0.09793740,-0.14838553,1476,-105,0.00099518,-0.05081119,-0.03502806
182,510771399,true,0,Left,0.979691,16,0.74930154,-0.24283411,-0.16837411,1438,-262,-0.00710053,-0.06700620,-0.05278443
182,510771399,true,0,Left,0.979691,17,0.91165792,0.35958826,-0.09105549,1750,388,0.03331842,0.00364213,-0.01386523
182,510771399,true,0,Left,0.979691,18,0.90800152,0.14057749,-0.13380623,1743,151,0.03481680,-0.01947389,-0.01670752
182,510771399,true,0,Left,0.979691,19,0.90160067,-0.00707135,-0.15192293,1731,-7,0.03035575,-0.03955115,-0.02759177
182,510771399,true,0,Left,0.979691,20,0.89236094,-0.14842278,-0.16309869,1713,-160,0.02307200,-0.05575905,-0.03893376
183,510771460,true,0,Left,0.981802,0,0.84824325,0.98545141,0.00000069,1628,1064,0.02563526,0.08168248,-0.00223425
183,510771460,true,0,Left,0.981802,1,0.70027463,0.93974989,-0.07679012,1344,1014,-0.00780796,0.06777204,-0.00792160
183,510771460,true,0,Left,0.981802,2,0.56636573,0.82273412,-0.12585612,1087,888,-0.03387852,0.05592669,-0.00691614
183,510771460,true,0,Left,0.981802,3,0.45048673,0.71848999,-0.16894084,864,775,-0.06272126,0.04041245,-0.00393857
183,510771460,true,0,Left,0.981802,4,0.34918393,0.62584157,-0.21124060,670,675,-0.08816536,0.02553449,0.00406704
183,510771460,true,0,Left,0.981802,5,0.63589802,0.40463065,-0.05926653,1220,437,-0.02747973,0.00829452,0.00618743
183,510771460,true,0,Left,0.981802,6,0.55808109,0.19349959,-0.11271556,1071,208,-0.04015960,-0.01947831,0.00055153
183,510771460,true,0,Left,0.981802,7,0.50347952,0.06533743,-0.16039989,966,70,-0.05135282,-0.03510824,-0.01114986
183,510771460,true,0,Left,0.981802,8,0.45765321,-0.04996105,-0.19592619,878,-53,-0.06489529,-0.04192390,-0.04243749
183,510771460,true,0,Left,0.981802,9,0.72590455,0.32835043,-0.06111799,1393,354,-0.00499251,-0.00276563,0.00712662
183,510771460,true,0,Left,0.981802,10,0.67601752,0.07701886,-0.10742588,1297,83,-0.01586682,-0.03632057,-0.00555300
183,510771460,true,0,Left,0.981802,11,0.64196103,-0.07737769,-0.14923067,1232,-83,-0.02762124,-0.05194459,-0.02846074
183,510771460,true,0,Left,0.981802,12,0.61473653,-0.20622073,-0.18036483,1180,-222,-0.03809604,-0.06502976,-0.05270039
183,510771460,true,0,Left,0.981802,13,0.81999915,0.31942645,-0.07382584,1574,344,0.01693751,-0.00649083,-0.00382866
183,510771460,true,0,Left,0.981802,14,0.78787840,0.06430522,-0.12196258,1512,69,0.00937913,-0.03247311,-0.01523886
183,510771460,true,0,Left,0.981802,15,0.76916259,-0.09431563,-0.15191156,1476,-101,0.00103719,-0.05031109,-0.03574455
183,510771460,true,0,Left,0.981802,16,0.74909145,-0.23228118,-0.17207585,1438,-250,-0.00719142,-0.06588617,-0.05392598
183,510771460,true,0,Left,0.981802,17,0.91506888,0.36044427,-0.09348694,1756,389,0.03341373,0.00370838,-0.01382308
183,510771460,true,0,Left,0.981802,18,0.91057539,0.14145792,-0.13685166,1748,152,0.03492924,-0.01947260,-0.01669267
183,510771460,true,0,Left,0.981802,19,0.90315137,-0.00538795,-0.15537741,1734,-5,0.03056541,-0.03938426,-0.02792914
183,510771460,true,0,Left,0.981802,20,0.89295023,-0.14212128,-0.16676198,1714,-153,0.02310582,-0.05511076,-0.03985691
184,510771531,true,0,Left,0.981497,0,0.85065753,0.98289976,0.00000069,1633,1061,0.02579338,0.08167276,-0.00077691
184,510771531,true,0,Left,0.981497,1,0.70303641,0.93913066,-0.07777888,1349,1014,-0.00775016,0.06796272,-0.00685171
184,510771531,true,0,Left,0.981497,2,0.56852316,0.82216344,-0.12770083,1091,887,-0.03393252,0.05627104,-0.00651852
184,510771531,true,0,Left,0.981497,3,0.45178349,0.71784873,-0.17132423,867,775,-0.06283980,0.04052837,-0.00416114
184,510771531,true,0,Left,0.981497,4,0.34891457,0.62696393,-0.21435012,669,677,-0.08841371,0.02562920,0.00328552
184,510771531,true,0,Left,0.981497,5,0.63713521,0.40525673,-0.06305256,1223,437,-0.02751609,0.00838134,0.00607022
184,510771531,true,0,Left,0.981497,6,0.55961830,0.19461326,-0.11775605,1074,210,-0.04020680,-0.01941162,0.00023938
184,510771531,true,0,Left,0.981497,7,0.50569397,0.06700341,-0.16608207,970,72,-0.05139343,-0.03489138,-0.01152841
184,510771531,true,0,Left,0.981497,8,0.46037078,-0.04820349,-0.20206689,883,-52,-0.06483079,-0.04158997,-0.04295614
184,510771531,true,0,Left,0.981497,9,0.72757932,0.32789845,-0.06421602,1396,354,-0.00498882,-0.00275794,0.00706745
184,510771531,true,0,Left,0.981497,10,0.67906750,0.07606452,-0.11177949,1303,82,-0.01577544,-0.03635266,-0.00578747
184,510771531,true,0,Left,0.981497,11,0.64493309,-0.07752388,-0.15420653,1238,-83,-0.02731203,-0.05188542,-0.02868309
184,510771531,true,0,Left,0.981497,12,0.61693683,-0.20516187,-0.18592328,1184,-221,-0.03789904,-0.06466873,-0.05301546
184,510771531,true,0,Left,0.981497,13,0.82175246,0.31870992,-0.07626426,1577,344,0.01698507,-0.00657956,-0.00376743
184,510771531,true,0,Left,0.981497,14,0.79163931,0.06418507,-0.12524008,1519,69,0.00979173,-0.03249696,-0.01528882
184,510771531,true,0,Left,0.981497,15,0.77242299,-0.09404412,-0.15609856,1483,-101,0.00126375,-0.05018852,-0.03591584
184,510771531,true,0,Left,0.981497,16,0.75137449,-0.23213036,-0.17714485,1442,-250,-0.00705515,-0.06545315,-0.05460620
184,510771531,true,0,Left,0.981497,17,0.91654629,0.36009075,-0.09577739,1759,388,0.03358390,0.00366820,-0.01358108
184,510771531,true,0,Left,0.981497,18,0.91342189,0.14188916,-0.13976370,1753,153,0.03521082,-0.01949770,-0.01651305
184,510771531,true,0,Left,0.981497,19,0.90682566,-0.00484942,-0.15913961,1741,-5,0.03089803,-0.03930616,-0.02822767
184,510771531,true,0,Left,0.981497,20,0.89683925,-0.14016629,-0.17140192,1721,-151,0.02350665,-0.05452477,-0.04064210
185,510771593,true,0,Left,0.979506,0,0.85109037,0.98170990,0.00000070,1634,1060,0.02572923,0.08143413,0.00057749
185,510771593,true,0,Left,0.979506,1,0.70467795,0.93833286,-0.07885220,1352,1013,-0.00781175,0.06790768,-0.00599307
185,510771593,true,0,Left,0.979506,2,0.57036437,0.82175612,-0.12995827,1095,887,-0.03391723,0.05627761,-0.00637995
185,510771593,true,0,Left,0.979506,3,0.45358237,0.71789479,-0.17447661,870,775,-0.06281352,0.04051499,-0.00458285
185,510771593,true,0,Left,0.979506,4,0.35038730,0.62871117,-0.21874502,672,679,-0.08835366,0.02569437,0.00203353
185,510771593,true,0,Left,0.979506,5,0.63877056,0.40566444,-0.06811475,1226,438,-0.02751218,0.00838683,0.00595463
185,510771593,true,0,Left,0.979506,6,0.56101747,0.19366767,-0.12456203,1077,209,-0.04016621,-0.01943853,0.00000163
185,510771593,true,0,Left,0.979506,7,0.50740401,0.06543181,-0.17390567,974,70,-0.05134686,-0.03487943,-0.01176176
185,510771593,true,0,Left,0.979506,8,0.46236035,-0.05098427,-0.21063067,887,-55,-0.06470275,-0.04164704,-0.04306713
185,510771593,true,0,Left,0.979506,9,0.72947802,0.32797590,-0.06883401,1400,354,-0.00497760,-0.00279307,0.00700056
185,510771593,true,0,Left,0.979506,10,0.68128514,0.07502382,-0.11817691,1308,81,-0.01568366,-0.03633286,-0.00588803
185,510771593,true,0,Left,0.979506,11,0.64688157,-0.07893310,-0.16188325,1242,-85,-0.02704557,-0.05188050,-0.02881627
185,510771593,true,0,Left,0.979506,12,0.61846445,-0.20774268,-0.19485063,1187,-224,-0.03776906,-0.06462615,-0.05310797
185,510771593,true,0,Left,0.979506,13,0.82369223,0.31901772,-0.08020028,1581,344,0.01698427,-0.00659117,-0.00369841
185,510771593,true,0,Left,0.979506,14,0.79467472,0.06368775,-0.13034806,1525,68,0.01001049,-0.03247221,-0.01517754
185,510771593,true,0,Left,0.979506,15,0.77534416,-0.09489222,-0.16219855,1488,-102,0.00150600,-0.05008468,-0.03591282
185,510771593,true,0,Left,0.979506,16,0.75411581,-0.23475181,-0.18423717,1447,-253,-0.00684433,-0.06524525,-0.05471397
185,510771593,true,0,Left,0.979506,17,0.91848371,0.36074597,-0.09889096,1763,389,0.03360867,0.00370735,-0.01319327
185,510771593,true,0,Left,0.979506,18,0.91526426,0.14238041,-0.14369773,1757,153,0.03529124,-0.01940244,-0.01615844
185,510771593,true,0,Left,0.979506,19,0.90846434,-0.00424697,-0.16358643,1744,-4,0.03095000,-0.03912791,-0.02818668
185,510771593,true,0,Left,0.979506,20,0.89815160,-0.13896894,-0.17640176,1724,-150,0.02352453,-0.05398835,-0.04069596
186,510771664,true,0,Left,0.982306,0,0.85063675,0.98368077,0.00000069,1633,1062,0.02549141,0.08185439,0.00078140
186,510771664,true,0,Left,0.982306,1,0.70435233,0.93889060,-0.07766180,1352,1014,-0.00800810,0.06827908,-0.00604503
186,510771664,true,0,Left,0.982306,2,0.57098936,0.81882834,-0.12758029,1096,884,-0.03393814,0.05633475,-0.00667977
186,510771664,true,0,Left,0.982306,3,0.45591819,0.71361092,-0.17094984,875,770,-0.06254207,0.04050674,-0.00515935
186,510771664,true,0,Left,0.982306,4,0.35362103,0.62519237,-0.21390449,678,675,-0.08791562,0.02552141,0.00124295
186,510771664,true,0,Left,0.982306,5,0.63901618,0.40428303,-0.06523031,1226,436,-0.02766808,0.00831899,0.00592624
186,510771664,true,0,Left,0.982306,6,0.56150090,0.19226615,-0.12035374,1078,207,-0.04006751,-0.01946631,-0.00013650
186,510771664,true,0,Left,0.982306,7,0.50798387,0.06408046,-0.16883260,975,69,-0.05131533,-0.03500232,-0.01176940
186,510771664,true,0,Left,0.982306,8,0.46291290,-0.05199812,-0.20493616,888,-56,-0.06465488,-0.04169046,-0.04304163
186,510771664,true,0,Left,0.982306,9,0.72961306,0.32821004,-0.06641392,1400,354,-0.00500327,-0.00281654,0.00694927
186,510771664,true,0,Left,0.982306,10,0.68222886,0.07582638,-0.11444191,1309,81,-0.01553358,-0.03623365,-0.00600785
186,510771664,true,0,Left,0.982306,11,0.64886304,-0.07773593,-0.15724304,1245,-83,-0.02664570,-0.05178788,-0.02914891
186,510771664,true,0,Left,0.982306,12,0.62166107,-0.20487166,-0.18944527,1193,-221,-0.03714813,-0.06437803,-0.05367613
186,510771664,true,0,Left,0.982306,13,0.82375513,0.31989417,-0.07824511,1581,345,0.01702591,-0.00658315,-0.00365633
186,510771664,true,0,Left,0.982306,14,0.79438487,0.06558608,-0.12737983,1525,70,0.01014524,-0.03242756,-0.01524300
186,510771664,true,0,Left,0.982306,15,0.77496628,-0.09017758,-0.15837510,1487,-97,0.00174512,-0.04978186,-0.03634406
186,510771664,true,0,Left,0.982306,16,0.75386973,-0.22677967,-0.17962855,1447,-244,-0.00669010,-0.06456667,-0.05552080
186,510771664,true,0,Left,0.982306,17,0.91875347,0.36117897,-0.09726689,1764,390,0.03371149,0.00379014,-0.01309273
186,510771664,true,0,Left,0.982306,18,0.91502448,0.14284280,-0.14119244,1756,154,0.03542523,-0.01942842,-0.01607671
186,510771664,true,0,Left,0.982306,19,0.90754780,-0.00294393,-0.16045709,1742,-3,0.03113084,-0.03915087,-0.02823638
186,510771664,true,0,Left,0.982306,20,0.89663361,-0.13638386,-0.17269317,1721,-147,0.02355491,-0.05385428,-0.04102272
187,510771725,true,0,Left,0.981954,0,0.85135295,0.98113294,0.00000068,1634,1059,0.02587665,0.08213717,0.00075539
187,510771725,true,0,Left,0.981954,1,0.70586087,0.93713396,-0.07802812,1355,1012,-0.00771617,0.06849914,-0.00597288
187,510771725,true,0,Left,0.981954,2,0.57197113,0.81663687,-0.12823600,1098,881,-0.03375245,0.05642086,-0.00636300
187,510771725,true,0,Left,0.981954,3,0.45684525,0.71159913,-0.17177259,877,768,-0.06224555,0.04059217,-0.00469669
187,510771725,true,0,Left,0.981954,4,0.35424759,0.62455402,-0.21489909,680,674,-0.08773192,0.02562348,0.00215194
187,510771725,true,0,Left,0.981954,5,0.63880411,0.40374844,-0.06690220,1226,436,-0.02771671,0.00831235,0.00606950
187,510771725,true,0,Left,0.981954,6,0.56156541,0.19210666,-0.12277110,1078,207,-0.04006152,-0.01934938,-0.00008084
187,510771725,true,0,Left,0.981954,7,0.50744933,0.06434870,-0.17156693,974,69,-0.05125656,-0.03491866,-0.01169185
187,510771725,true,0,Left,0.981954,8,0.46181325,-0.05100106,-0.20766165,886,-55,-0.06477085,-0.04161817,-0.04275711
187,510771725,true,0,Left,0.981954,9,0.72867969,0.32846213,-0.06777729,1399,354,-0.00500754,-0.00279083,0.00692310
187,510771725,true,0,Left,0.981954,10,0.68058180,0.07646081,-0.11624200,1306,82,-0.01569609,-0.03617250,-0.00594693
187,510771725,true,0,Left,0.981954,11,0.64688003,-0.07608760,-0.15879869,1242,-82,-0.02685073,-0.05152769,-0.02912854
187,510771725,true,0,Left,0.981954,12,0.61972278,-0.20055666,-0.19069125,1189,-216,-0.03726792,-0.06397469,-0.05360046
187,510771725,true,0,Left,0.981954,13,0.82247167,0.32055950,-0.07929600,1579,346,0.01704456,-0.00661474,-0.00377367
187,510771725,true,0,Left,0.981954,14,0.79195420,0.06732134,-0.12848589,1520,72,0.00994916,-0.03234867,-0.01535326
187,510771725,true,0,Left,0.981954,15,0.77182024,-0.08576455,-0.15924640,1481,-92,0.00143471,-0.04942603,-0.03648897
187,510771725,true,0,Left,0.981954,16,0.75026261,-0.21784627,-0.18028374,1440,-235,-0.00716189,-0.06394925,-0.05566664
187,510771725,true,0,Left,0.981954,17,0.91761882,0.36141898,-0.09800269,1761,390,0.03382533,0.00375277,-0.01318186
187,510771725,true,0,Left,0.981954,18,0.91287969,0.14337763,-0.14192016,1752,154,0.03535057,-0.01945292,-0.01617401
187,510771725,true,0,Left,0.981954,19,0.90459006,-0.00143646,-0.16124839,1736,-1,0.03091050,-0.03925472,-0.02836593
187,510771725,true,0,Left,0.981954,20,0.89245006,-0.13290002,-0.17346887,1713,-143,0.02313430,-0.05379592,-0.04117844
188,510771800,true,0,Left,0.979228,0,0.85098656,0.97799962,0.00000067,1633,1056,0.02612364,0.08214940,0.00032713
188,510771800,true,0,Left,0.979228,1,0.70441873,0.93249696,-0.07598442,1352,1007,-0.00771186,0.06854055,-0.00591452
188,510771800,true,0,Left,0.979228,2,0.57016763,0.81295527,-0.12405400,1094,877,-0.03387663,0.05644855,-0.00616751
188,510771800,true,0,Left,0.979228,3,0.45532392,0.70916880,-0.16562859,874,765,-0.06256140,0.04042063,-0.00399486
188,510771800,true,0,Left,0.979228,4,0.35414797,0.62123923,-0.20674333,679,670,-0.08785485,0.02555879,0.00267077
188,510771800,true,0,Left,0.979228,5,0.63833439,0.40345091,-0.06418253,1225,435,-0.02777091,0.00823614,0.00627185
188,510771800,true,0,Left,0.979228,6,0.56129314,0.19194155,-0.11814431,1077,207,-0.04006860,-0.01949610,0.00027310
188,510771800,true,0,Left,0.979228,7,0.50799296,0.06486284,-0.16526481,975,70,-0.05130289,-0.03496791,-0.01152476
188,510771800,true,0,Left,0.979228,8,0.46288357,-0.05050738,-0.20024471,888,-54,-0.06476072,-0.04178331,-0.04227772
188,510771800,true,0,Left,0.979228,9,0.72851422,0.32797433,-0.06579865,1398,354,-0.00506055,-0.00276537,0.00699360
188,510771800,true,0,Left,0.979228,10,0.68027003,0.07696510,-0.11332972,1306,83,-0.01576695,-0.03620858,-0.00594884
188,510771800,true,0,Left,0.979228,11,0.64629498,-0.07534211,-0.15543431,1240,-81,-0.02694701,-0.05153657,-0.02897978
188,510771800,true,0,Left,0.979228,12,0.61840639,-0.20049030,-0.18696942,1187,-216,-0.03758163,-0.06396564,-0.05329012
188,510771800,true,0,Left,0.979228,13,0.82220713,0.31986024,-0.07790327,1578,345,0.01711623,-0.00652004,-0.00389873
188,510771800,true,0,Left,0.979228,14,0.79242114,0.06802018,-0.12677577,1521,73,0.01004160,-0.03218667,-0.01558975
188,510771800,true,0,Left,0.979228,15,0.77227700,-0.08553938,-0.15781111,1482,-92,0.00154856,-0.04938799,-0.03647003
188,510771800,true,0,Left,0.979228,16,0.75036966,-0.22021766,-0.17898252,1440,-237,-0.00704353,-0.06393028,-0.05553650
188,510771800,true,0,Left,0.979228,17,0.91659374,0.36032776,-0.09688375,1759,389,0.03394862,0.00391681,-0.01345194
188,510771800,true,0,Left,0.979228,18,0.91214989,0.14267518,-0.14091434,1751,154,0.03539402,-0.01944562,-0.01634301
188,510771800,true,0,Left,0.979228,19,0.90406028,-0.00256558,-0.16056411,1735,-2,0.03077485,-0.03934534,-0.02841303
188,510771800,true,0,Left,0.979228,20,0.89233234,-0.13632791,-0.17297886,1713,-147,0.02305336,-0.05407286,-0.04108060
189,510771883,true,0,Left,0.982569,0,0.85021864,0.97285108,0.00000068,1632,1050,0.02660560,0.08216107,0.00039114
189,510771883,true,0,Left,0.982569,1,0.70413269,0.92708036,-0.07553600,1351,1001,-0.00736747,0.06852507,-0.00557888
189,510771883,true,0,Left,0.982569,2,0.56955345,0.80971607,-0.12379656,1093,874,-0.03371137,0.05643972,-0.00572678
189,510771883,true,0,Left,0.982569,3,0.45438850,0.70834744,-0.16578746,872,765,-0.06246609,0.04046779,-0.00358638
189,510771883,true,0,Left,0.982569,4,0.35412464,0.61985270,-0.20741450,679,669,-0.08779821,0.02572747,0.00336599
189,510771883,true,0,Left,0.982569,5,0.63729021,0.40229347,-0.06393210,1223,434,-0.02773923,0.00820764,0.00645390
189,510771883,true,0,Left,0.982569,6,0.56000513,0.19233864,-0.11809550,1075,207,-0.04008248,-0.01937582,0.00045714
189,510771883,true,0,Left,0.982569,7,0.50642032,0.06526251,-0.16552650,972,70,-0.05128598,-0.03486430,-0.01127277
189,510771883,true,0,Left,0.982569,8,0.46124407,-0.05035451,-0.20075861,885,-54,-0.06484155,-0.04180395,-0.04185438
189,510771883,true,0,Left,0.982569,9,0.72642674,0.32715586,-0.06580544,1394,353,-0.00501292,-0.00272811,0.00698736
189,510771883,true,0,Left,0.982569,10,0.67696231,0.07620437,-0.11313480,1299,82,-0.01599446,-0.03630018,-0.00579942
189,510771883,true,0,Left,0.982569,11,0.64262084,-0.07742627,-0.15499149,1233,-83,-0.02733564,-0.05170989,-0.02834878
189,510771883,true,0,Left,0.982569,12,0.61500825,-0.20407630,-0.18641819,1180,-220,-0.03803693,-0.06441329,-0.05258598
189,510771883,true,0,Left,0.982569,13,0.81944559,0.31937449,-0.07815217,1573,344,0.01709873,-0.00649675,-0.00401882
189,510771883,true,0,Left,0.982569,14,0.78812010,0.06748051,-0.12682690,1513,72,0.00973265,-0.03213929,-0.01556496
189,510771883,true,0,Left,0.982569,15,0.76772421,-0.08802462,-0.15771342,1474,-95,0.00106343,-0.04966264,-0.03613356
189,510771883,true,0,Left,0.982569,16,0.74634812,-0.22449381,-0.17892174,1432,-242,-0.00746735,-0.06455276,-0.05484494
189,510771883,true,0,Left,0.982569,17,0.91372957,0.36014299,-0.09732966,1754,388,0.03392730,0.00389642,-0.01367598
189,510771883,true,0,Left,0.982569,18,0.90889917,0.14385641,-0.14121762,1745,155,0.03529082,-0.01939354,-0.01659617
189,510771883,true,0,Left,0.982569,19,0.90038675,-0.00108619,-0.16071774,1728,-1,0.03055274,-0.03930000,-0.02865194
189,510771883,true,0,Left,0.982569,20,0.88873157,-0.13494354,-0.17311167,1706,-145,0.02285302,-0.05402225,-0.04141806
190,510771941,true,0,Left,0.981660,0,0.84857052,0.97431145,0.00000068,1629,1052,0.02662030,0.08215759,0.00032412
190,510771941,true,0,Left,0.981660,1,0.70236873,0.92876978,-0.07457607,1348,1003,-0.00734603,0.06867066,-0.00535639
190,510771941,true,0,Left,0.981660,2,0.56873718,0.81188102,-0.12247884,1091,876,-0.03369326,0.05663100,-0.00549294
190,510771941,true,0,Left,0.981660,3,0.45342769,0.71037524,-0.16449033,870,767,-0.06247782,0.04058619,-0.00321197
190,510771941,true,0,Left,0.981660,4,0.35273209,0.62214109,-0.20614702,677,671,-0.08781551,0.02591004,0.00340168
190,510771941,true,0,Left,0.981660,5,0.63601990,0.40374992,-0.06098031,1221,436,-0.02783411,0.00834738,0.00656286
190,510771941,true,0,Left,0.981660,6,0.55825317,0.19492879,-0.11313863,1071,210,-0.04025536,-0.01931415,0.00082530
190,510771941,true,0,Left,0.981660,7,0.50440683,0.06887061,-0.15937051,968,74,-0.05148928,-0.03485133,-0.01073651
190,510771941,true,0,Left,0.981660,8,0.45852479,-0.04683653,-0.19409373,880,-50,-0.06524664,-0.04179579,-0.04139726
190,510771941,true,0,Left,0.981660,9,0.72485052,0.32880471,-0.06339781,1391,355,-0.00502763,-0.00271830,0.00703764
190,510771941,true,0,Left,0.981660,10,0.67504708,0.07856724,-0.10854699,1296,84,-0.01602712,-0.03622799,-0.00581898
190,510771941,true,0,Left,0.981660,11,0.64091632,-0.07489693,-0.14910215,1230,-80,-0.02738377,-0.05173576,-0.02815411
190,510771941,true,0,Left,0.981660,12,0.61290795,-0.20350550,-0.17986251,1176,-219,-0.03811061,-0.06474006,-0.05228336
190,510771941,true,0,Left,0.981660,13,0.81773109,0.32082618,-0.07626298,1570,346,0.01718639,-0.00653023,-0.00411593
190,510771941,true,0,Left,0.981660,14,0.78698014,0.06891498,-0.12337742,1511,74,0.00985210,-0.03226842,-0.01550795
190,510771941,true,0,Left,0.981660,15,0.76767363,-0.08807438,-0.15307893,1473,-95,0.00130221,-0.04997917,-0.03589611
190,510771941,true,0,Left,0.981660,16,0.74656397,-0.22737744,-0.17363540,1433,-245,-0.00710441,-0.06528309,-0.05430642
190,510771941,true,0,Left,0.981660,17,0.91171099,0.36102596,-0.09586883,1750,389,0.03389231,0.00387968,-0.01386005
190,510771941,true,0,Left,0.981660,18,0.90661278,0.14442659,-0.13839783,1740,155,0.03527231,-0.01955958,-0.01673047
190,510771941,true,0,Left,0.981660,19,0.89849297,-0.00079371,-0.15658845,1725,0,0.03055229,-0.03940438,-0.02867064
190,510771941,true,0,Left,0.981660,20,0.88712047,-0.13557888,-0.16818868,1703,-146,0.02295163,-0.05441189,-0.04114159
191,510772015,true,0,Left,0.980715,0,0.84704613,0.97388364,0.00000068,1626,1051,0.02692861,0.08197869,0.00027325
191,510772015,true,0,Left,0.980715,1,0.70065944,0.93015848,-0.07471435,1345,1004,-0.00714962,0.06873388,-0.00534072
191,510772015,true,0,Left,0.980715,2,0.56700265,0.81365236,-0.12317742,1088,878,-0.03353844,0.05664208,-0.00541783
191,510772015,true,0,Left,0.980715,3,0.45101419,0.71304481,-0.16577027,865,770,-0.06243303,0.04080493,-0.00294886
191,510772015,true,0,Left,0.980715,4,0.34968454,0.62670998,-0.20798832,671,676,-0.08782943,0.02611356,0.00398901
191,510772015,true,0,Left,0.980715,5,0.63344555,0.40666154,-0.06118183,1216,439,-0.02790019,0.00847167,0.00663198
191,510772015,true,0,Left,0.980715,6,0.55494710,0.19937267,-0.11377667,1065,215,-0.04032830,-0.01903900,0.00102018
191,510772015,true,0,Left,0.980715,7,0.49981440,0.07354283,-0.16041084,959,79,-0.05173050,-0.03469350,-0.01044730
191,510772015,true,0,Left,0.980715,8,0.45248014,-0.04158760,-0.19541397,868,-44,-0.06581077,-0.04160183,-0.04101902
191,510772015,true,0,Left,0.980715,9,0.72145199,0.33241424,-0.06351438,1385,359,-0.00505465,-0.00270089,0.00702149
191,510772015,true,0,Left,0.980715,10,0.67098933,0.08383685,-0.10884783,1288,90,-0.01615975,-0.03610499,-0.00578867
191,510772015,true,0,Left,0.980715,11,0.63670745,-0.06838809,-0.14936139,1222,-73,-0.02765770,-0.05152158,-0.02819848
191,510772015,true,0,Left,0.980715,12,0.60866836,-0.19784781,-0.18003191,1168,-213,-0.03829453,-0.06473255,-0.05222366
191,510772015,true,0,Left,0.980715,13,0.81411426,0.32358748,-0.07635590,1563,349,0.01718399,-0.00659758,-0.00416604
191,510772015,true,0,Left,0.980715,14,0.78154975,0.07170532,-0.12339711,1500,77,0.00960116,-0.03234300,-0.01551480
191,510772015,true,0,Left,0.980715,15,0.76202203,-0.08688776,-0.15289179,1463,-93,0.00105574,-0.05017807,-0.03576278
191,510772015,true,0,Left,0.980715,16,0.74115122,-0.22811829,-0.17335478,1423,-246,-0.00741658,-0.06589019,-0.05397441
191,510772015,true,0,Left,0.980715,17,0.90837430,0.36211715,-0.09599214,1744,391,0.03388727,0.00374368,-0.01396953
191,510772015,true,0,Left,0.980715,18,0.90201319,0.14531039,-0.13842839,1731,156,0.03517577,-0.01977332,-0.01680664
191,510772015,true,0,Left,0.980715,19,0.89375537,-0.00133639,-0.15656821,1716,-1,0.03046347,-0.03981882,-0.02867974
191,510772015,true,0,Left,0.980715,20,0.88280670,-0.13847369,-0.16818541,1694,-149,0.02286937,-0.05525529,-0.04104048
192,510772075,true,0,Left,0.977510,0,0.84474840,0.97426147,0.00000069,1621,1052,0.02703140,0.08160469,-0.00030594
192,510772075,true,0,Left,0.977510,1,0.69914874,0.93038141,-0.07515418,1342,1004,-0.00713873,0.06839458,-0.00561498
192,510772075,true,0,Left,0.977510,2,0.56558583,0.81521960,-0.12401358,1085,880,-0.03366535,0.05654585,-0.00555523
192,510772075,true,0,Left,0.977510,3,0.44947042,0.71534856,-0.16698862,862,772,-0.06263964,0.04076946,-0.00273127
192,510772075,true,0,Left,0.977510,4,0.34811429,0.62860444,-0.20973217,668,678,-0.08805070,0.02619750,0.00441771
192,510772075,true,0,Left,0.977510,5,0.63215961,0.40920450,-0.06279070,1213,441,-0.02785706,0.00857634,0.00657614
192,510772075,true,0,Left,0.977510,6,0.55280082,0.20122476,-0.11575697,1061,217,-0.04050724,-0.01901674,0.00130990
192,510772075,true,0,Left,0.977510,7,0.49766728,0.07553646,-0.16240928,955,81,-0.05194348,-0.03466442,-0.01035993
192,510772075,true,0,Left,0.977510,8,0.45051689,-0.04017586,-0.19743540,864,-43,-0.06592867,-0.04167932,-0.04095160
192,510772075,true,0,Left,0.977510,9,0.72031591,0.33486866,-0.06500538,1383,361,-0.00510252,-0.00267256,0.00715438
192,510772075,true,0,Left,0.977510,10,0.66944319,0.08542299,-0.11115728,1285,92,-0.01612617,-0.03617004,-0.00577918
192,510772075,true,0,Left,0.977510,11,0.63530686,-0.06699538,-0.15206737,1219,-72,-0.02783195,-0.05157560,-0.02815923
192,510772075,true,0,Left,0.977510,12,0.60729644,-0.19798484,-0.18295137,1166,-213,-0.03834261,-0.06496066,-0.05197670
192,510772075,true,0,Left,0.977510,13,0.81299679,0.32588943,-0.07763968,1560,351,0.01731465,-0.00667657,-0.00417641
192,510772075,true,0,Left,0.977510,14,0.78073215,0.07289676,-0.12555722,1499,78,0.00962256,-0.03235617,-0.01557278
192,510772075,true,0,Left,0.977510,15,0.76209532,-0.08618901,-0.15558397,1463,-93,0.00114751,-0.05027655,-0.03555912
192,510772075,true,0,Left,0.977510,16,0.74189088,-0.22879406,-0.17626935,1424,-247,-0.00718688,-0.06620879,-0.05367272
192,510772075,true,0,Left,0.977510,17,0.90704225,0.36375642,-0.09698204,1741,392,0.03391340,0.00366779,-0.01402902
192,510772075,true,0,Left,0.977510,18,0.90065657,0.14575867,-0.13997711,1729,157,0.03516371,-0.01985981,-0.01690539
192,510772075,true,0,Left,0.977510,19,0.89282808,-0.00196037,-0.15851461,1714,-2,0.03032693,-0.04003046,-0.02857944
192,510772075,true,0,Left,0.977510,20,0.88240055,-0.14170742,-0.17042980,1694,-153,0.02277721,-0.05577246,-0.04050243
193,510772149,true,0,Left,0.977536,0,0.84349450,0.97899093,0.00000068,1619,1057,0.02672964,0.08145016,-0.00083245
193,510772149,true,0,Left,0.977536,1,0.69761929,0.93555531,-0.07536617,1339,1010,-0.00732035,0.06838187,-0.00601244
193,510772149,true,0,Left,0.977536,2,0.56451805,0.81884341,-0.12424301,1083,884,-0.03381294,0.05650864,-0.00598342
193,510772149,true,0,Left,0.977536,3,0.44836417,0.71708647,-0.16715268,860,774,-0.06273920,0.04061988,-0.00308921
193,510772149,true,0,Left,0.977536,4,0.34689158,0.62889394,-0.20977439,666,679,-0.08807595,0.02594364,0.00423815
193,510772149,true,0,Left,0.977536,5,0.63157878,0.41199869,-0.06252998,1212,444,-0.02770297,0.00865010,0.00642331
193,510772149,true,0,Left,0.977536,6,0.55229462,0.20370644,-0.11532735,1060,220,-0.04054484,-0.01903134,0.00120926
193,510772149,true,0,Left,0.977536,7,0.49722545,0.07866145,-0.16202807,954,84,-0.05199576,-0.03462499,-0.01054390
193,510772149,true,0,Left,0.977536,8,0.44979856,-0.03699900,-0.19713141,863,-39,-0.06606098,-0.04157884,-0.04136797
193,510772149,true,0,Left,0.977536,9,0.72025345,0.33637421,-0.06459583,1382,363,-0.00510056,-0.00274052,0.00721978
193,510772149,true,0,Left,0.977536,10,0.66937395,0.08685176,-0.11063491,1285,93,-0.01601738,-0.03622695,-0.00575374
193,510772149,true,0,Left,0.977536,11,0.63493406,-0.06584431,-0.15183960,1219,-71,-0.02792782,-0.05171894,-0.02815768
193,510772149,true,0,Left,0.977536,12,0.60612974,-0.19782228,-0.18300081,1163,-213,-0.03835167,-0.06504293,-0.05202658
193,510772149,true,0,Left,0.977536,13,0.81321220,0.32683597,-0.07708983,1561,352,0.01736574,-0.00676516,-0.00409905
193,510772149,true,0,Left,0.977536,14,0.78165847,0.07298235,-0.12498990,1500,78,0.00969577,-0.03253768,-0.01557226
193,510772149,true,0,Left,0.977536,15,0.76340680,-0.08695055,-0.15534027,1465,-93,0.00130467,-0.05043739,-0.03553816
193,510772149,true,0,Left,0.977536,16,0.74318394,-0.23129781,-0.17626316,1426,-249,-0.00699612,-0.06653305,-0.05350976
193,510772149,true,0,Left,0.977536,17,0.90710007,0.36454898,-0.09627906,1741,393,0.03375165,0.00365659,-0.01400739
193,510772149,true,0,Left,0.977536,18,0.90054146,0.14541955,-0.13925273,1729,157,0.03505674,-0.01994745,-0.01680507
193,510772149,true,0,Left,0.977536,19,0.89279702,-0.00346506,-0.15793224,1714,-3,0.03018957,-0.04020364,-0.02852855
193,510772149,true,0,Left,0.977536,20,0.88249500,-0.14494648,-0.16997523,1694,-156,0.02273747,-0.05625940,-0.04014041
194,510772209,true,0,Left,0.982018,0,0.84197670,0.98051411,0.00000068,1616,1058,0.02662060,0.08148781,-0.00055262
194,510772209,true,0,Left,0.982018,1,0.69696208,0.93689538,-0.07630342,1338,1011,-0.00737037,0.06840472,-0.00592146
194,510772209,true,0,Left,0.982018,2,0.56364607,0.82034975,-0.12626233,1082,885,-0.03376910,0.05660106,-0.00584070
194,510772209,true,0,Left,0.982018,3,0.44726912,0.71824081,-0.17008378,858,775,-0.06273503,0.04084880,-0.00306421
194,510772209,true,0,Left,0.982018,4,0.34553633,0.62854801,-0.21360609,663,678,-0.08788134,0.02596613,0.00431801
194,510772209,true,0,Left,0.982018,5,0.63048514,0.41203229,-0.06469325,1210,444,-0.02780761,0.00868830,0.00652116
194,510772209,true,0,Left,0.982018,6,0.55088069,0.20379511,-0.11867729,1057,220,-0.04055332,-0.01889433,0.00120227
194,510772209,true,0,Left,0.982018,7,0.49496377,0.07913997,-0.16622767,950,85,-0.05225235,-0.03453745,-0.01066690
194,510772209,true,0,Left,0.982018,8,0.44634297,-0.03624029,-0.20192599,856,-39,-0.06648399,-0.04131970,-0.04149292
194,510772209,true,0,Left,0.982018,9,0.71907840,0.33730790,-0.06630424,1380,364,-0.00511424,-0.00275912,0.00716401
194,510772209,true,0,Left,0.982018,10,0.66859845,0.08787450,-0.11330273,1283,94,-0.01599697,-0.03610393,-0.00579751
194,510772209,true,0,Left,0.982018,11,0.63472937,-0.06388165,-0.15491739,1218,-68,-0.02789613,-0.05146061,-0.02861189
194,510772209,true,0,Left,0.982018,12,0.60624037,-0.19577376,-0.18640900,1163,-211,-0.03833310,-0.06489030,-0.05263948
194,510772209,true,0,Left,0.982018,13,0.81208576,0.32850585,-0.07839206,1559,354,0.01741316,-0.00673245,-0.00412219
194,510772209,true,0,Left,0.982018,14,0.78077430,0.07511792,-0.12686797,1499,81,0.00962565,-0.03239143,-0.01575342
194,510772209,true,0,Left,0.982018,15,0.76329930,-0.08488513,-0.15726459,1465,-91,0.00156073,-0.05020091,-0.03579494
194,510772209,true,0,Left,0.982018,16,0.74364686,-0.22970261,-0.17823602,1427,-248,-0.00671623,-0.06641872,-0.05393552
194,510772209,true,0,Left,0.982018,17,0.90613386,0.36673210,-0.09727132,1739,396,0.03381875,0.00368500,-0.01406273
194,510772209,true,0,Left,0.982018,18,0.89946388,0.14747900,-0.14055227,1726,159,0.03502799,-0.01987574,-0.01683269
194,510772209,true,0,Left,0.982018,19,0.89198729,-0.00174675,-0.15932019,1712,-1,0.03018597,-0.04013704,-0.02862843
194,510772209,true,0,Left,0.982018,20,0.88201509,-0.14310380,-0.17145551,1693,-154,0.02281863,-0.05631161,-0.04041335
195,510772278,true,0,Left,0.980843,0,0.84035566,0.98145554,0.00000068,1613,1059,0.02635757,0.08136062,-0.00070942
195,510772278,true,0,Left,0.980843,1,0.69574855,0.93872361,-0.07715688,1335,1013,-0.00759252,0.06834151,-0.00627896
195,510772278,true,0,Left,0.980843,2,0.56294829,0.82242370,-0.12757268,1080,888,-0.03384190,0.05659161,-0.00624729
195,510772278,true,0,Left,0.980843,3,0.44718489,0.71884267,-0.17163056,858,776,-0.06285707,0.04093961,-0.00358954
195,510772278,true,0,Left,0.980843,4,0.34543360,0.62845911,-0.21530870,663,678,-0.08789375,0.02585843,0.00372093
195,510772278,true,0,Left,0.980843,5,0.62975620,0.41389355,-0.06602859,1209,447,-0.02783708,0.00881502,0.00637702
195,510772278,true,0,Left,0.980843,6,0.54973049,0.20574147,-0.12043008,1055,222,-0.04073416,-0.01877469,0.00107784
195,510772278,true,0,Left,0.980843,7,0.49333482,0.08075443,-0.16811222,947,87,-0.05257637,-0.03441664,-0.01084740
195,510772278,true,0,Left,0.980843,8,0.44462464,-0.03495315,-0.20384850,853,-37,-0.06680678,-0.04108953,-0.04175766
195,510772278,true,0,Left,0.980843,9,0.71852412,0.33852557,-0.06719883,1379,365,-0.00514243,-0.00278884,0.00717835
195,510772278,true,0,Left,0.980843,10,0.66822656,0.08937663,-0.11464689,1282,96,-0.01591991,-0.03610348,-0.00581346
195,510772278,true,0,Left,0.980843,11,0.63449713,-0.06212715,-0.15649534,1218,-67,-0.02789434,-0.05146096,-0.02896583
195,510772278,true,0,Left,0.980843,12,0.60626230,-0.19416504,-0.18808248,1164,-209,-0.03826163,-0.06484382,-0.05313837
195,510772278,true,0,Left,0.980843,13,0.81166790,0.32939710,-0.07888598,1558,355,0.01747784,-0.00680671,-0.00401792
195,510772278,true,0,Left,0.980843,14,0.78071876,0.07622757,-0.12768226,1498,82,0.00958242,-0.03248527,-0.01575882
195,510772278,true,0,Left,0.980843,15,0.76363202,-0.08341550,-0.15820046,1466,-90,0.00177088,-0.05024046,-0.03603383
195,510772278,true,0,Left,0.980843,16,0.74452199,-0.22811014,-0.17915295,1429,-246,-0.00643011,-0.06635223,-0.05438191
195,510772278,true,0,Left,0.980843,17,0.90566636,0.36740171,-0.09744810,1738,396,0.03381360,0.00352229,-0.01387262
195,510772278,true,0,Left,0.980843,18,0.89918441,0.14826037,-0.14094346,1726,160,0.03505656,-0.02001122,-0.01665527
195,510772278,true,0,Left,0.980843,19,0.89188673,-0.00131026,-0.15986875,1712,-1,0.03023921,-0.04033167,-0.02854598
195,510772278,true,0,Left,0.980843,20,0.88222758,-0.14287242,-0.17204481,1693,-154,0.02297258,-0.05660730,-0.04038584
196,510772345,true,0,Left,0.982480,0,0.83920070,0.98344869,0.00000068,1611,1062,0.02605889,0.08137721,-0.00033489
196,510772345,true,0,Left,0.982480,1,0.69520211,0.93993850,-0.07755189,1334,1015,-0.00781817,0.06836355,-0.00625548
196,510772345,true,0,Left,0.982480,2,0.56252110,0.82310643,-0.12826734,1080,888,-0.03394451,0.05666101,-0.00633777
196,510772345,true,0,Left,0.982480,3,0.44703956,0.72008497,-0.17248545,858,777,-0.06285867,0.04122644,-0.00392871
196,510772345,true,0,Left,0.982480,4,0.34557173,0.62985799,-0.21620502,663,680,-0.08766846,0.02602574,0.00328914
196,510772345,true,0,Left,0.982480,5,0.62923625,0.41322477,-0.06656380,1208,446,-0.02791439,0.00888090,0.00629421
196,510772345,true,0,Left,0.982480,6,0.54928976,0.20524864,-0.12096042,1054,221,-0.04073634,-0.01870442,0.00089474
196,510772345,true,0,Left,0.982480,7,0.49263631,0.08058757,-0.16866260,945,87,-0.05274480,-0.03430424,-0.01110914
196,510772345,true,0,Left,0.982480,8,0.44328412,-0.03422094,-0.20431297,851,-36,-0.06709652,-0.04073372,-0.04217480
196,510772345,true,0,Left,0.982480,9,0.71820340,0.33814343,-0.06745083,1378,365,-0.00516361,-0.00281329,0.00716981
196,510772345,true,0,Left,0.982480,10,0.66846191,0.08949952,-0.11493066,1283,96,-0.01578259,-0.03602027,-0.00595005
196,510772345,true,0,Left,0.982480,11,0.63489099,-0.06126986,-0.15669189,1218,-66,-0.02781845,-0.05125252,-0.02960401
196,510772345,true,0,Left,0.982480,12,0.60671248,-0.19188929,-0.18805765,1164,-207,-0.03808386,-0.06439953,-0.05401243
196,510772345,true,0,Left,0.982480,13,0.81147664,0.32921700,-0.07886283,1558,355,0.01752980,-0.00681899,-0.00393482
196,510772345,true,0,Left,0.982480,14,0.78119400,0.07671563,-0.12743507,1499,82,0.00966665,-0.03244978,-0.01586516
196,510772345,true,0,Left,0.982480,15,0.76431245,-0.08201414,-0.15779930,1467,-88,0.00207145,-0.04998660,-0.03641700
196,510772345,true,0,Left,0.982480,16,0.74555660,-0.22537017,-0.17856346,1431,-243,-0.00611499,-0.06592131,-0.05510520
196,510772345,true,0,Left,0.982480,17,0.90535717,0.36749727,-0.09721698,1738,396,0.03382518,0.00350073,-0.01375005
196,510772345,true,0,Left,0.982480,18,0.89924327,0.14838989,-0.14046257,1726,160,0.03512420,-0.02003054,-0.01651123
196,510772345,true,0,Left,0.982480,19,0.89195498,-0.00125753,-0.15928201,1712,-1,0.03030311,-0.04037074,-0.02848179
196,510772345,true,0,Left,0.982480,20,0.88242834,-0.14277872,-0.17130937,1694,-154,0.02308521,-0.05668884,-0.04046774
197,510772412,true,0,Left,0.982016,0,0.83914417,0.98278540,0.00000068,1611,1061,0.02590206,0.08126762,-0.00009082
197,510772412,true,0,Left,0.982016,1,0.69592864,0.94032866,-0.07840076,1336,1015,-0.00780984,0.06828222,-0.00620019
197,510772412,true,0,Left,0.982016,2,0.56371561,0.82499615,-0.12959590,1082,890,-0.03383232,0.05666230,-0.00649918
197,510772412,true,0,Left,0.982016,3,0.44871035,0.72170512,-0.17416974,861,779,-0.06270621,0.04128042,-0.00439487
197,510772412,true,0,Left,0.982016,4,0.34733474,0.63017025,-0.21827146,666,680,-0.08755624,0.02587025,0.00256597
197,510772412,true,0,Left,0.982016,5,0.62983043,0.41413501,-0.06743889,1209,447,-0.02785934,0.00892635,0.00612543
197,510772412,true,0,Left,0.982016,6,0.54989688,0.20606442,-0.12206896,1055,222,-0.04078802,-0.01870666,0.00065713
197,510772412,true,0,Left,0.982016,7,0.49340336,0.08100515,-0.17006430,947,87,-0.05274237,-0.03428100,-0.01127063
197,510772412,true,0,Left,0.982016,8,0.44444014,-0.03449492,-0.20599690,853,-37,-0.06701789,-0.04077902,-0.04245094
197,510772412,true,0,Left,0.982016,9,0.71864403,0.33821718,-0.06796468,1379,365,-0.00516316,-0.00286935,0.00715863
197,510772412,true,0,Left,0.982016,10,0.66872415,0.08944874,-0.11559155,1283,96,-0.01574739,-0.03616533,-0.00594267
197,510772412,true,0,Left,0.982016,11,0.63529849,-0.06214821,-0.15786377,1219,-67,-0.02782775,-0.05146353,-0.02961454
197,510772412,true,0,Left,0.982016,12,0.60750835,-0.19402259,-0.18976073,1166,-209,-0.03795090,-0.06466563,-0.05402410
197,510772412,true,0,Left,0.982016,13,0.81188006,0.32922823,-0.07904115,1558,355,0.01748065,-0.00686855,-0.00383521
197,510772412,true,0,Left,0.982016,14,0.78154203,0.07608412,-0.12782627,1500,82,0.00959064,-0.03261212,-0.01571406
197,510772412,true,0,Left,0.982016,15,0.76518719,-0.08291808,-0.15872327,1469,-89,0.00207063,-0.05015247,-0.03639203
197,510772412,true,0,Left,0.982016,16,0.74718048,-0.22682210,-0.17993727,1434,-244,-0.00603282,-0.06614082,-0.05496732
197,510772412,true,0,Left,0.982016,17,0.90593878,0.36787861,-0.09711553,1739,397,0.03376314,0.00344444,-0.01350279
197,510772412,true,0,Left,0.982016,18,0.89986128,0.14870597,-0.14057243,1727,160,0.03512746,-0.02002849,-0.01629809
197,510772412,true,0,Left,0.982016,19,0.89264737,-0.00088684,-0.15971929,1713,0,0.03034281,-0.04041668,-0.02829354
197,510772412,true,0,Left,0.982016,20,0.88328195,-0.14251259,-0.17203492,1695,-153,0.02311431,-0.05672381,-0.04021260
198,510772477,true,0,Left,0.982289,0,0.83919747,0.98384093,0.00000068,1611,1062,0.02575283,0.08134823,0.00054963
198,510772477,true,0,Left,0.982289,1,0.69615605,0.94105586,-0.07803515,1336,1016,-0.00789084,0.06836226,-0.00586809
198,510772477,true,0,Left,0.982289,2,0.56432149,0.82429737,-0.12887126,1083,890,-0.03379206,0.05669311,-0.00633719
198,510772477,true,0,Left,0.982289,3,0.44961260,0.72094504,-0.17308977,863,778,-0.06253998,0.04130338,-0.00446262
198,510772477,true,0,Left,0.982289,4,0.34805561,0.63011395,-0.21680274,668,680,-0.08726764,0.02582532,0.00227638
198,510772477,true,0,Left,0.982289,5,0.62986194,0.41312169,-0.06677250,1209,446,-0.02787437,0.00887461,0.00609147
198,510772477,true,0,Left,0.982289,6,0.55054585,0.20474281,-0.12104161,1057,221,-0.04064884,-0.01879788,0.00050885
198,510772477,true,0,Left,0.982289,7,0.49426748,0.07962114,-0.16881760,948,85,-0.05263918,-0.03435936,-0.01140134
198,510772477,true,0,Left,0.982289,8,0.44528929,-0.03554856,-0.20457701,854,-38,-0.06695412,-0.04077713,-0.04261642
198,510772477,true,0,Left,0.982289,9,0.71873038,0.33761981,-0.06746085,1379,364,-0.00516756,-0.00292251,0.00710191
198,510772477,true,0,Left,0.982289,10,0.66950952,0.08853342,-0.11472822,1285,95,-0.01563932,-0.03621717,-0.00591964
198,510772477,true,0,Left,0.982289,11,0.63635727,-0.06344768,-0.15680244,1221,-68,-0.02765635,-0.05152223,-0.02973174
198,510772477,true,0,Left,0.982289,12,0.60860381,-0.19537701,-0.18848918,1168,-211,-0.03776598,-0.06473891,-0.05414640
198,510772477,true,0,Left,0.982289,13,0.81204272,0.32896018,-0.07864422,1559,355,0.01744412,-0.00679505,-0.00380690
198,510772477,true,0,Left,0.982289,14,0.78197136,0.07575571,-0.12711038,1501,81,0.00963001,-0.03259808,-0.01569731
198,510772477,true,0,Left,0.982289,15,0.76583854,-0.08334092,-0.15786011,1470,-90,0.00219090,-0.05009373,-0.03647630
198,510772477,true,0,Left,0.982289,16,0.74794647,-0.22743447,-0.17895718,1436,-245,-0.00588037,-0.06610720,-0.05510573
198,510772477,true,0,Left,0.982289,17,0.90613980,0.36802511,-0.09675638,1739,397,0.03372361,0.00353918,-0.01336862
198,510772477,true,0,Left,0.982289,18,0.90027288,0.14884965,-0.13997139,1728,160,0.03512095,-0.01989125,-0.01616688
198,510772477,true,0,Left,0.982289,19,0.89312326,-0.00102337,-0.15899412,1714,-1,0.03040384,-0.04032971,-0.02821539
198,510772477,true,0,Left,0.982289,20,0.88392040,-0.14308093,-0.17118547,1697,-154,0.02323107,-0.05677311,-0.04025092
199,510772546,true,0,Left,0.982240,0,0.83900670,0.98502859,0.00000068,1610,1063,0.02570498,0.08143847,0.00075872
199,510772546,true,0,Left,0.982240,1,0.69631107,0.94116615,-0.07794065,1336,1016,-0.00793611,0.06841290,-0.00581149
199,510772546,true,0,Left,0.982240,2,0.56453370,0.82374032,-0.12881115,1083,889,-0.03370861,0.05666889,-0.00641492
199,510772546,true,0,Left,0.982240,3,0.44983611,0.72057107,-0.17304183,863,778,-0.06245480,0.04128367,-0.00470201
199,510772546,true,0,Left,0.982240,4,0.34831739,0.63023513,-0.21676644,668,680,-0.08710982,0.02583593,0.00196498
199,510772546,true,0,Left,0.982240,5,0.62988182,0.41280922,-0.06699015,1209,445,-0.02797072,0.00883709,0.00613716
199,510772546,true,0,Left,0.982240,6,0.55063861,0.20453002,-0.12133839,1057,220,-0.04061326,-0.01875636,0.00038535
199,510772546,true,0,Left,0.982240,7,0.49434445,0.07948038,-0.16915482,949,85,-0.05268097,-0.03438279,-0.01153168
199,510772546,true,0,Left,0.982240,8,0.44520963,-0.03560078,-0.20491749,854,-38,-0.06701267,-0.04068335,-0.04279480
199,510772546,true,0,Left,0.982240,9,0.71871742,0.33773295,-0.06773665,1379,364,-0.00517568,-0.00292139,0.00704422
199,510772546,true,0,Left,0.982240,10,0.66974140,0.08856208,-0.11485968,1285,95,-0.01566920,-0.03614201,-0.00588598
199,510772546,true,0,Left,0.982240,11,0.63689950,-0.06340631,-0.15668817,1222,-68,-0.02754605,-0.05151296,-0.02974981
199,510772546,true,0,Left,0.982240,12,0.60933498,-0.19571453,-0.18822962,1169,-211,-0.03769486,-0.06483786,-0.05424520
199,510772546,true,0,Left,0.982240,13,0.81208052,0.32954902,-0.07894216,1559,355,0.01743599,-0.00671811,-0.00380363
199,510772546,true,0,Left,0.982240,14,0.78206735,0.07647649,-0.12719480,1501,82,0.00963379,-0.03253890,-0.01567854
199,510772546,true,0,Left,0.982240,15,0.76612894,-0.08249492,-0.15757733,1470,-89,0.00232743,-0.05000775,-0.03649551
199,510772546,true,0,Left,0.982240,16,0.74831282,-0.22697241,-0.17845661,1436,-245,-0.00576153,-0.06606574,-0.05523439
199,510772546,true,0,Left,0.982240,17,0.90638775,0.36899053,-0.09708242,1740,398,0.03379932,0.00362835,-0.01333650
199,510772546,true,0,Left,0.982240,18,0.90035512,0.14983597,-0.13998518,1728,161,0.03508159,-0.01988810,-0.01610348
199,510772546,true,0,Left,0.982240,19,0.89316186,0.00044985,-0.15858143,1714,0,0.03045496,-0.04023047,-0.02820737
199,510772546,true,0,Left,0.982240,20,0.88383666,-0.14117983,-0.17048709,1696,-152,0.02325051,-0.05659529,-0.04034097
200,510772613,true,0,Left,0.983097,0,0.83890219,0.98497373,0.00000068,1610,1063,0.02565069,0.08158442,0.00098666
200,510772613,true,0,Left,0.983097,1,0.69669776,0.94127704,-0.07854326,1337,1016,-0.00796878,0.06850800,-0.00576187
200,510772613,true,0,Left,0.983097,2,0.56515677,0.82404862,-0.12963438,1085,889,-0.03361696,0.05675123,-0.00644837
200,510772613,true,0,Left,0.983097,3,0.45064474,0.72049290,-0.17391029,865,778,-0.06238574,0.04134662,-0.00486893
200,510772613,true,0,Left,0.983097,4,0.34896288,0.62965793,-0.21762440,670,680,-0.08702249,0.02584870,0.00160672
200,510772613,true,0,Left,0.983097,5,0.63007609,0.41243054,-0.06781042,1209,445,-0.02802737,0.00882527,0.00615133
200,510772613,true,0,Left,0.983097,6,0.55084099,0.20408474,-0.12229970,1057,220,-0.04061120,-0.01876234,0.00029775
200,510772613,true,0,Left,0.983097,7,0.49456910,0.07913501,-0.17016056,949,85,-0.05274348,-0.03442799,-0.01166686
200,510772613,true,0,Left,0.983097,8,0.44537846,-0.03603126,-0.20594780,855,-38,-0.06706834,-0.04065070,-0.04292118
200,510772613,true,0,Left,0.983097,9,0.71880560,0.33755498,-0.06823063,1380,364,-0.00519190,-0.00293666,0.00702530
200,510772613,true,0,Left,0.983097,10,0.67002596,0.08842480,-0.11547537,1286,95,-0.01566567,-0.03610766,-0.00594577
200,510772613,true,0,Left,0.983097,11,0.63734497,-0.06323843,-0.15730934,1223,-68,-0.02747090,-0.05148011,-0.02996725
200,510772613,true,0,Left,0.983097,12,0.60983633,-0.19518441,-0.18886633,1170,-210,-0.03764760,-0.06473329,-0.05461795
200,510772613,true,0,Left,0.983097,13,0.81210476,0.32959506,-0.07915549,1559,355,0.01742750,-0.00668898,-0.00378820
200,510772613,true,0,Left,0.983097,14,0.78253667,0.07699904,-0.12746989,1502,83,0.00968491,-0.03249711,-0.01580632
200,510772613,true,0,Left,0.983097,15,0.76674027,-0.08124880,-0.15784331,1472,-87,0.00251521,-0.04988694,-0.03675464
200,510772613,true,0,Left,0.983097,16,0.74898462,-0.22517451,-0.17870380,1438,-243,-0.00558513,-0.06586465,-0.05568846
200,510772613,true,0,Left,0.983097,17,0.90640700,0.36910906,-0.09708549,1740,398,0.03383005,0.00369464,-0.01330840
200,510772613,true,0,Left,0.983097,18,0.90038664,0.15022655,-0.14003279,1728,162,0.03511568,-0.01988584,-0.01608386
200,510772613,true,0,Left,0.983097,19,0.89321729,0.00113116,-0.15871416,1714,1,0.03048463,-0.04019618,-0.02823332
200,510772613,true,0,Left,0.983097,20,0.88388496,-0.14020038,-0.17067690,1697,-151,0.02330539,-0.05654880,-0.04044983
201,510772675,true,0,Left,0.982748,0,0.83863787,0.98540921,0.00000068,1610,1064,0.02561826,0.08159499,0.00120152
201,510772675,true,0,Left,0.982748,1,0.69648713,0.94183696,-0.07839402,1337,1017,-0.00795902,0.06855699,-0.00569897
201,510772675,true,0,Left,0.982748,2,0.56496717,0.82450477,-0.12942659,1084,890,-0.03354483,0.05677211,-0.00644424
201,510772675,true,0,Left,0.982748,3,0.45063590,0.72118520,-0.17367294,865,778,-0.06226681,0.04144236,-0.00500292
201,510772675,true,0,Left,0.982748,4,0.34928169,0.62975761,-0.21733617,670,680,-0.08684358,0.02585829,0.00138756
201,510772675,true,0,Left,0.982748,5,0.62979492,0.41232321,-0.06749196,1209,445,-0.02809399,0.00881226,0.00616172
201,510772675,true,0,Left,0.982748,6,0.55049391,0.20431058,-0.12190649,1056,220,-0.04059312,-0.01871266,0.00022704
201,510772675,true,0,Left,0.982748,7,0.49421296,0.07936918,-0.16976303,948,85,-0.05273031,-0.03445920,-0.01171915
201,510772675,true,0,Left,0.982748,8,0.44510999,-0.03565980,-0.20553927,854,-38,-0.06703810,-0.04063240,-0.04304474
201,510772675,true,0,Left,0.982748,9,0.71848693,0.33771674,-0.06802552,1379,364,-0.00520545,-0.00294773,0.00698317
201,510772675,true,0,Left,0.982748,10,0.66967591,0.08862878,-0.11502797,1285,95,-0.01571546,-0.03607470,-0.00587273
201,510772675,true,0,Left,0.982748,11,0.63724276,-0.06308058,-0.15664608,1223,-68,-0.02743739,-0.05148784,-0.02991123
201,510772675,true,0,Left,0.982748,12,0.61021458,-0.19494626,-0.18803448,1171,-210,-0.03752377,-0.06484745,-0.05457837
201,510772675,true,0,Left,0.982748,13,0.81184887,0.32990005,-0.07907727,1558,356,0.01741575,-0.00663757,-0.00376756
201,510772675,true,0,Left,0.982748,14,0.78188039,0.07751048,-0.12715220,1501,83,0.00963190,-0.03248368,-0.01574871
201,510772675,true,0,Left,0.982748,15,0.76639012,-0.08078365,-0.15722133,1471,-87,0.00256014,-0.04988326,-0.03671434
201,510772675,true,0,Left,0.982748,16,0.74919466,-0.22493745,-0.17790595,1438,-242,-0.00547052,-0.06596828,-0.05561361
201,510772675,true,0,Left,0.982748,17,0.90636792,0.36956474,-0.09714704,1740,399,0.03386315,0.00375540,-0.01328801
201,510772675,true,0,Left,0.982748,18,0.90008314,0.15086601,-0.13989457,1728,162,0.03508810,-0.01985407,-0.01603832
201,510772675,true,0,Left,0.982748,19,0.89300923,0.00211182,-0.15832786,1714,2,0.03053970,-0.04013481,-0.02819286
201,510772675,true,0,Left,0.982748,20,0.88391186,-0.13890127,-0.17011694,1697,-150,0.02344580,-0.05652263,-0.04043230
202,510772753,true,0,Left,0.982525,0,0.83805501,0.98526179,0.00000068,1609,1064,0.02555247,0.08148673,0.00132575
202,510772753,true,0,Left,0.982525,1,0.69601886,0.94233755,-0.07880749,1336,1017,-0.00795075,0.06844722,-0.00566338
202,510772753,true,0,Left,0.982525,2,0.56424522,0.82529509,-0.13031716,1083,891,-0.03353039,0.05674671,-0.00635816
202,510772753,true,0,Left,0.982525,3,0.44972563,0.72267814,-0.17500693,863,780,-0.06223586,0.04154248,-0.00492310
202,510772753,true,0,Left,0.982525,4,0.34855599,0.63066108,-0.21916705,669,681,-0.08671334,0.02580499,0.00167327
202,510772753,true,0,Left,0.982525,5,0.62922822,0.41260038,-0.06848190,1208,445,-0.02811903,0.00884647,0.00617904
202,510772753,true,0,Left,0.982525,6,0.55004866,0.20443689,-0.12350060,1056,220,-0.04047677,-0.01864966,0.00022840
202,510772753,true,0,Left,0.982525,7,0.49370549,0.07942281,-0.17176265,947,85,-0.05271692,-0.03449676,-0.01178067
202,510772753,true,0,Left,0.982525,8,0.44460212,-0.03558714,-0.20778882,853,-38,-0.06692558,-0.04057081,-0.04316677
202,510772753,true,0,Left,0.982525,9,0.71802166,0.33830211,-0.06900251,1378,365,-0.00522278,-0.00293106,0.00693961
202,510772753,true,0,Left,0.982525,10,0.66923886,0.08885557,-0.11647399,1284,95,-0.01571717,-0.03601920,-0.00576252
202,510772753,true,0,Left,0.982525,11,0.63691451,-0.06300675,-0.15826057,1222,-68,-0.02743520,-0.05143518,-0.02985370
202,510772753,true,0,Left,0.982525,12,0.61012524,-0.19529150,-0.18978521,1171,-210,-0.03743157,-0.06494597,-0.05441191
202,510772753,true,0,Left,0.982525,13,0.81140509,0.33067579,-0.08005928,1557,357,0.01742676,-0.00663298,-0.00376279
202,510772753,true,0,Left,0.982525,14,0.78132619,0.07813159,-0.12846766,1500,84,0.00959254,-0.03244858,-0.01568517
202,510772753,true,0,Left,0.982525,15,0.76607941,-0.08090249,-0.15859583,1470,-87,0.00265427,-0.04985188,-0.03654141
202,510772753,true,0,Left,0.982525,16,0.74929498,-0.22557660,-0.17935897,1438,-243,-0.00534151,-0.06605910,-0.05544127
202,510772753,true,0,Left,0.982525,17,0.90601171,0.37045588,-0.09816438,1739,400,0.03388161,0.00375677,-0.01330988
202,510772753,true,0,Left,0.982525,18,0.89934517,0.15180141,-0.14114173,1726,163,0.03496965,-0.01980930,-0.01598391
202,510772753,true,0,Left,0.982525,19,0.89216767,0.00263872,-0.15962539,1712,2,0.03043910,-0.04007736,-0.02809664
202,510772753,true,0,Left,0.982525,20,0.88319326,-0.13878973,-0.17149031,1695,-149,0.02344392,-0.05652774,-0.04029299
203,510772809,true,0,Left,0.982741,0,0.83765478,0.98485283,0.00000068,1608,1063,0.02558291,0.08140629,0.00140835
203,510772809,true,0,Left,0.982741,1,0.69592328,0.94284403,-0.07956561,1336,1018,-0.00793199,0.06841057,-0.00562918
203,510772809,true,0,Left,0.982741,2,0.56430540,0.82625013,-0.13182218,1083,892,-0.03348721,0.05674463,-0.00635331
203,510772809,true,0,Left,0.982741,3,0.44977946,0.72308618,-0.17710247,863,780,-0.06220894,0.04153972,-0.00495890
203,510772809,true,0,Left,0.982741,4,0.34838180,0.63113286,-0.22195782,668,681,-0.08665839,0.02577525,0.00168613
203,510772809,true,0,Left,0.982741,5,0.62889036,0.41366173,-0.07085783,1207,446,-0.02818101,0.00893536,0.00617052
203,510772809,true,0,Left,0.982741,6,0.54930939,0.20532464,-0.12712832,1054,221,-0.04054379,-0.01858041,0.00026994
203,510772809,true,0,Left,0.982741,7,0.49244879,0.08015723,-0.17609807,945,86,-0.05292673,-0.03451947,-0.01173470
203,510772809,true,0,Left,0.982741,8,0.44285477,-0.03504088,-0.21251978,850,-37,-0.06718061,-0.04058163,-0.04301845
203,510772809,true,0,Left,0.982741,9,0.71755157,0.33932537,-0.07107690,1377,366,-0.00523715,-0.00292186,0.00691963
203,510772809,true,0,Left,0.982741,10,0.66859517,0.08974863,-0.11955416,1283,96,-0.01574104,-0.03596753,-0.00575251
203,510772809,true,0,Left,0.982741,11,0.63606185,-0.06191172,-0.16168441,1221,-66,-0.02753408,-0.05141225,-0.02986523
203,510772809,true,0,Left,0.982741,12,0.60906226,-0.19477366,-0.19342223,1169,-210,-0.03758872,-0.06505700,-0.05434174
203,510772809,true,0,Left,0.982741,13,0.81094132,0.33168531,-0.08178691,1557,358,0.01746941,-0.00667801,-0.00377465
203,510772809,true,0,Left,0.982741,14,0.78084175,0.07882712,-0.13088067,1499,85,0.00956686,-0.03250224,-0.01568001
203,510772809,true,0,Left,0.982741,15,0.76549787,-0.08078613,-0.16102418,1469,-87,0.00268828,-0.04992092,-0.03645491
203,510772809,true,0,Left,0.982741,16,0.74869370,-0.22612033,-0.18177301,1437,-244,-0.00535588,-0.06626396,-0.05529427
203,510772809,true,0,Left,0.982741,17,0.90560793,0.37136208,-0.09959269,1738,401,0.03392806,0.00369639,-0.01332921
203,510772809,true,0,Left,0.982741,18,0.89867219,0.15270166,-0.14289255,1725,164,0.03497214,-0.01986326,-0.01598471
203,510772809,true,0,Left,0.982741,19,0.89122445,0.00321065,-0.16132057,1711,3,0.03039120,-0.04013496,-0.02808824
203,510772809,true,0,Left,0.982741,20,0.88209745,-0.13865631,-0.17313425,1693,-149,0.02338488,-0.05665946,-0.04015817
204,510772880,true,0,Left,0.982176,0,0.83775649,0.98486196,0.00000068,1608,1063,0.02569535,0.08132452,0.00142531
204,510772880,true,0,Left,0.982176,1,0.69563030,0.94338288,-0.07937092,1335,1018,-0.00782846,0.06839324,-0.00548122
204,510772880,true,0,Left,0.982176,2,0.56374686,0.82673437,-0.13163976,1082,892,-0.03347310,0.05676337,-0.00614220
204,510772880,true,0,Left,0.982176,3,0.44888798,0.72386382,-0.17698557,861,781,-0.06214791,0.04157082,-0.00473362
204,510772880,true,0,Left,0.982176,4,0.34764180,0.63142697,-0.22190086,667,681,-0.08652122,0.02569777,0.00199181
204,510772880,true,0,Left,0.982176,5,0.62832102,0.41457695,-0.07055650,1206,447,-0.02816317,0.00902650,0.00624613
204,510772880,true,0,Left,0.982176,6,0.54865593,0.20620335,-0.12664856,1053,222,-0.04052152,-0.01852904,0.00041698
204,510772880,true,0,Left,0.982176,7,0.49164460,0.08119254,-0.17555717,943,87,-0.05290666,-0.03448152,-0.01163706
204,510772880,true,0,Left,0.982176,8,0.44199212,-0.03378526,-0.21198184,848,-36,-0.06717872,-0.04057356,-0.04288211
204,510772880,true,0,Left,0.982176,9,0.71691078,0.34056037,-0.07098744,1376,367,-0.00524245,-0.00291094,0.00690777
204,510772880,true,0,Left,0.982176,10,0.66738181,0.09083587,-0.11933140,1281,98,-0.01578861,-0.03593755,-0.00567895
204,510772880,true,0,Left,0.982176,11,0.63440143,-0.06054915,-0.16142194,1218,-65,-0.02773576,-0.05133620,-0.02983051
204,510772880,true,0,Left,0.982176,12,0.60699555,-0.19335052,-0.19315095,1165,-208,-0.03780771,-0.06502883,-0.05424491
204,510772880,true,0,Left,0.982176,13,0.81035448,0.33266911,-0.08190218,1555,359,0.01747950,-0.00671279,-0.00382848
204,510772880,true,0,Left,0.982176,14,0.77953358,0.07948248,-0.13085712,1496,85,0.00948102,-0.03253991,-0.01569027
204,510772880,true,0,Left,0.982176,15,0.76374711,-0.08093967,-0.16105070,1466,-87,0.00252862,-0.04999198,-0.03635611
204,510772880,true,0,Left,0.982176,16,0.74661178,-0.22710805,-0.18192840,1433,-245,-0.00558311,-0.06655720,-0.05511917
204,510772880,true,0,Left,0.982176,17,0.90507695,0.37192048,-0.09988161,1737,401,0.03391018,0.00363408,-0.01346049
204,510772880,true,0,Left,0.982176,18,0.89770128,0.15314814,-0.14318329,1723,165,0.03491902,-0.01993076,-0.01606342
204,510772880,true,0,Left,0.982176,19,0.88993950,0.00322007,-0.16168787,1708,3,0.03028837,-0.04021007,-0.02813477
204,510772880,true,0,Left,0.982176,20,0.88058284,-0.13933628,-0.17362503,1690,-150,0.02326992,-0.05691727,-0.04013098
205,510772947,true,0,Left,0.981144,0,0.83743500,0.98469132,0.00000067,1607,1063,0.02574068,0.08119790,0.00103456
205,510772947,true,0,Left,0.981144,1,0.69531715,0.94318849,-0.07930367,1335,1018,-0.00787461,0.06830416,-0.00566240
205,510772947,true,0,Left,0.981144,2,0.56340512,0.82736644,-0.13167114,1081,893,-0.03354602,0.05673699,-0.00616297
205,510772947,true,0,Left,0.981144,3,0.44838650,0.72521405,-0.17709860,860,783,-0.06235960,0.04150852,-0.00439089
205,510772947,true,0,Left,0.981144,4,0.34741147,0.63272778,-0.22209946,667,683,-0.08668921,0.02568595,0.00253104
205,510772947,true,0,Left,0.981144,5,0.62829672,0.41593997,-0.07143781,1206,449,-0.02814526,0.00910220,0.00627782
205,510772947,true,0,Left,0.981144,6,0.54817401,0.20746519,-0.12801918,1052,224,-0.04066258,-0.01851027,0.00056946
205,510772947,true,0,Left,0.981144,7,0.49084195,0.08265348,-0.17710467,942,89,-0.05307408,-0.03439678,-0.01145732
205,510772947,true,0,Left,0.981144,8,0.44092614,-0.03217061,-0.21356155,846,-34,-0.06744211,-0.04049722,-0.04251809
205,510772947,true,0,Left,0.981144,9,0.71682863,0.34180310,-0.07202158,1376,369,-0.00523666,-0.00288884,0.00694521
205,510772947,true,0,Left,0.981144,10,0.66711044,0.09207945,-0.12106538,1280,99,-0.01582938,-0.03599718,-0.00564317
205,510772947,true,0,Left,0.981144,11,0.63362288,-0.05949953,-0.16346117,1216,-64,-0.02785672,-0.05131417,-0.02968703
205,510772947,true,0,Left,0.981144,12,0.60546111,-0.19178334,-0.19531230,1162,-207,-0.03809269,-0.06494834,-0.05396899
205,510772947,true,0,Left,0.981144,13,0.81019312,0.33360039,-0.08302578,1555,360,0.01749986,-0.00677496,-0.00386431
205,510772947,true,0,Left,0.981144,14,0.77912128,0.08011978,-0.13261083,1495,86,0.00944592,-0.03257423,-0.01569461
205,510772947,true,0,Left,0.981144,15,0.76296187,-0.08061024,-0.16305621,1464,-87,0.00240394,-0.05005823,-0.03627260
205,510772947,true,0,Left,0.981144,16,0.74532295,-0.22651589,-0.18394618,1431,-244,-0.00569698,-0.06658484,-0.05487824
205,510772947,true,0,Left,0.981144,17,0.90469131,0.37245376,-0.10102987,1737,402,0.03389910,0.00348030,-0.01350835
205,510772947,true,0,Left,0.981144,18,0.89724997,0.15304231,-0.14488860,1722,165,0.03490104,-0.02006644,-0.01609250
205,510772947,true,0,Left,0.981144,19,0.88939476,0.00242285,-0.16370588,1707,2,0.03022231,-0.04042046,-0.02808484
205,510772947,true,0,Left,0.981144,20,0.87989817,-0.14055438,-0.17574522,1689,-151,0.02320894,-0.05717406,-0.03996916
206,510773011,true,0,Left,0.982579,0,0.83718819,0.98402336,0.00000067,1607,1062,0.02591813,0.08114006,0.00151485
206,510773011,true,0,Left,0.982579,1,0.69481467,0.94369349,-0.07952679,1334,1019,-0.00773172,0.06828586,-0.00535650
206,510773011,true,0,Left,0.982579,2,0.56247147,0.82897515,-0.13215795,1079,895,-0.03342107,0.05674729,-0.00585262
206,510773011,true,0,Left,0.982579,3,0.44754211,0.72746522,-0.17775940,859,785,-0.06219030,0.04149375,-0.00438736
206,510773011,true,0,Left,0.982579,4,0.34709299,0.63431176,-0.22288096,666,685,-0.08647132,0.02560028,0.00243451
206,510773011,true,0,Left,0.982579,5,0.62714442,0.41731795,-0.07238941,1204,450,-0.02816392,0.00908882,0.00626000
206,510773011,true,0,Left,0.982579,6,0.54667722,0.20896281,-0.12955735,1049,225,-0.04070676,-0.01846491,0.00048859
206,510773011,true,0,Left,0.982579,7,0.48884064,0.08377032,-0.17894525,938,90,-0.05313243,-0.03441215,-0.01148969
206,510773011,true,0,Left,0.982579,8,0.43882234,-0.03044337,-0.21551327,842,-32,-0.06756755,-0.04039988,-0.04255041
206,510773011,true,0,Left,0.982579,9,0.71533322,0.34341208,-0.07299892,1373,370,-0.00525455,-0.00287248,0.00690195
206,510773011,true,0,Left,0.982579,10,0.66479347,0.09384633,-0.12236474,1276,101,-0.01598043,-0.03602297,-0.00562468
206,510773011,true,0,Left,0.982579,11,0.63126043,-0.05773082,-0.16471915,1212,-62,-0.02806353,-0.05128947,-0.02963448
206,510773011,true,0,Left,0.982579,12,0.60375032,-0.18894989,-0.19648897,1159,-204,-0.03808944,-0.06487624,-0.05376179
206,510773011,true,0,Left,0.982579,13,0.80867663,0.33501600,-0.08408658,1552,361,0.01748577,-0.00677480,-0.00385442
206,510773011,true,0,Left,0.982579,14,0.77610315,0.08178053,-0.13396241,1490,88,0.00926739,-0.03261581,-0.01564214
206,510773011,true,0,Left,0.982579,15,0.75973508,-0.07888731,-0.16458647,1458,-85,0.00219929,-0.05006660,-0.03623612
206,510773011,true,0,Left,0.982579,16,0.74265999,-0.22399254,-0.18561535,1425,-241,-0.00584993,-0.06652629,-0.05475419
206,510773011,true,0,Left,0.982579,17,0.90360153,0.37359100,-0.10219555,1734,403,0.03393539,0.00342662,-0.01345066
206,510773011,true,0,Left,0.982579,18,0.89566281,0.15413055,-0.14651193,1719,166,0.03482309,-0.02014617,-0.01605742
206,510773011,true,0,Left,0.982579,19,0.88771919,0.00353100,-0.16571913,1704,3,0.03025998,-0.04050321,-0.02800033
206,510773011,true,0,Left,0.982579,20,0.87830403,-0.13890562,-0.17800768,1686,-150,0.02326642,-0.05713484,-0.03995509
207,510773079,true,0,Left,0.981553,0,0.83610435,0.98440550,0.00000068,1605,1063,0.02593566,0.08092435,0.00119440
207,510773079,true,0,Left,0.981553,1,0.69350833,0.94450885,-0.07969938,1331,1020,-0.00774717,0.06801106,-0.00554526
207,510773079,true,0,Left,0.981553,2,0.56118301,0.83070895,-0.13269254,1077,897,-0.03355903,0.05663226,-0.00591153
207,510773079,true,0,Left,0.981553,3,0.44594154,0.72889119,-0.17871722,856,787,-0.06233407,0.04128142,-0.00415406
207,510773079,true,0,Left,0.981553,4,0.34562600,0.63549428,-0.22432440,663,686,-0.08668037,0.02541266,0.00292275
207,510773079,true,0,Left,0.981553,5,0.62646928,0.41904920,-0.07279311,1202,452,-0.02808914,0.00902435,0.00624763
207,510773079,true,0,Left,0.981553,6,0.54617698,0.21136197,-0.13015398,1048,228,-0.04067585,-0.01849305,0.00057430
207,510773079,true,0,Left,0.981553,7,0.48812316,0.08654156,-0.17961772,937,93,-0.05321798,-0.03440015,-0.01149780
207,510773079,true,0,Left,0.981553,8,0.43782662,-0.02728984,-0.21625025,840,-29,-0.06770819,-0.04045601,-0.04256593
207,510773079,true,0,Left,0.981553,9,0.71439673,0.34541989,-0.07343399,1371,373,-0.00521492,-0.00288296,0.00693540
207,510773079,true,0,Left,0.981553,10,0.66370086,0.09551933,-0.12297596,1274,103,-0.01605938,-0.03605667,-0.00564772
207,510773079,true,0,Left,0.981553,11,0.62875593,-0.05580179,-0.16534706,1207,-60,-0.02833279,-0.05129889,-0.02964220
207,510773079,true,0,Left,0.981553,12,0.59923046,-0.18686634,-0.19711402,1150,-201,-0.03874153,-0.06489905,-0.05370633
207,510773079,true,0,Left,0.981553,13,0.80750713,0.33695600,-0.08453302,1550,363,0.01746327,-0.00671597,-0.00386960
207,510773079,true,0,Left,0.981553,14,0.77448313,0.08378977,-0.13438157,1487,90,0.00915053,-0.03250959,-0.01574369
207,510773079,true,0,Left,0.981553,15,0.75656175,-0.07688835,-0.16479122,1452,-83,0.00175555,-0.05000259,-0.03626322
207,510773079,true,0,Left,0.981553,16,0.73739748,-0.22162861,-0.18573555,1415,-239,-0.00645591,-0.06648416,-0.05493309
207,510773079,true,0,Left,0.981553,17,0.90226716,0.37574075,-0.10269152,1732,405,0.03380185,0.00348094,-0.01346979
207,510773079,true,0,Left,0.981553,18,0.89503960,0.15645865,-0.14693308,1718,168,0.03475933,-0.02006577,-0.01613485
207,510773079,true,0,Left,0.981553,19,0.88700451,0.00553165,-0.16603038,1703,5,0.03021984,-0.04039687,-0.02816282
207,510773079,true,0,Left,0.981553,20,0.87725960,-0.13682498,-0.17828200,1684,-147,0.02320404,-0.05703624,-0.04016728
208,510773147,true,0,Left,0.982137,0,0.83579097,0.98577826,0.00000067,1604,1064,0.02589136,0.08095650,0.00021911
208,510773147,true,0,Left,0.982137,1,0.69282824,0.94519857,-0.07909145,1330,1020,-0.00776326,0.06788662,-0.00624103
208,510773147,true,0,Left,0.982137,2,0.56094365,0.83035210,-0.13159221,1077,896,-0.03355770,0.05643247,-0.00626106
208,510773147,true,0,Left,0.982137,3,0.44598030,0.72789012,-0.17727533,856,786,-0.06239620,0.04093056,-0.00411010
208,510773147,true,0,Left,0.982137,4,0.34588457,0.63478019,-0.22258865,664,685,-0.08674222,0.02511722,0.00342866
208,510773147,true,0,Left,0.982137,5,0.62664465,0.42050567,-0.07205018,1203,454,-0.02801049,0.00898389,0.00631733
208,510773147,true,0,Left,0.982137,6,0.54614028,0.21227728,-0.12941699,1048,229,-0.04067164,-0.01852012,0.00067242
208,510773147,true,0,Left,0.982137,7,0.48804914,0.08778043,-0.17897465,937,94,-0.05323535,-0.03438072,-0.01137047
208,510773147,true,0,Left,0.982137,8,0.43769849,-0.02656393,-0.21569099,840,-28,-0.06774777,-0.04054343,-0.04229012
208,510773147,true,0,Left,0.982137,9,0.71445049,0.34654635,-0.07297907,1371,374,-0.00519336,-0.00286314,0.00699503
208,510773147,true,0,Left,0.982137,10,0.66313022,0.09639946,-0.12269749,1273,104,-0.01614217,-0.03609507,-0.00558943
208,510773147,true,0,Left,0.982137,11,0.62724544,-0.05481683,-0.16538529,1204,-59,-0.02853308,-0.05131542,-0.02948626
208,510773147,true,0,Left,0.982137,12,0.59663912,-0.18556258,-0.19733097,1145,-200,-0.03917012,-0.06488408,-0.05345998
208,510773147,true,0,Left,0.982137,13,0.80749026,0.33785752,-0.08433078,1550,364,0.01738307,-0.00670844,-0.00393241
208,510773147,true,0,Left,0.982137,14,0.77333257,0.08401240,-0.13438911,1484,90,0.00892206,-0.03249901,-0.01577137
208,510773147,true,0,Left,0.982137,15,0.75395948,-0.07666246,-0.16507261,1447,-82,0.00127270,-0.05007268,-0.03616866
208,510773147,true,0,Left,0.982137,16,0.73316768,-0.22147535,-0.18615225,1407,-239,-0.00714437,-0.06653092,-0.05464215
208,510773147,true,0,Left,0.982137,17,0.90226074,0.37647359,-0.10266893,1732,406,0.03370810,0.00341508,-0.01367692
208,510773147,true,0,Left,0.982137,18,0.89468125,0.15695498,-0.14708007,1717,169,0.03467610,-0.02002501,-0.01634834
208,510773147,true,0,Left,0.982137,19,0.88608111,0.00595278,-0.16630021,1701,6,0.03004793,-0.04043707,-0.02827441
208,510773147,true,0,Left,0.982137,20,0.87560830,-0.13670056,-0.17860496,1681,-147,0.02289407,-0.05710315,-0.04019290
209,510773212,true,0,Left,0.981766,0,0.83578362,0.98414288,0.00000066,1604,1062,0.02590398,0.08092670,0.00044895
209,510773212,true,0,Left,0.981766,1,0.69289782,0.94407323,-0.07911583,1330,1019,-0.00773397,0.06776906,-0.00622479
209,510773212,true,0,Left,0.981766,2,0.56125686,0.82954361,-0.13136395,1077,895,-0.03351968,0.05633296,-0.00631260
209,510773212,true,0,Left,0.981766,3,0.44667765,0.72713215,-0.17672858,857,785,-0.06241708,0.04080101,-0.00442139
209,510773212,true,0,Left,0.981766,4,0.34698355,0.63386637,-0.22175685,666,684,-0.08678481,0.02502114,0.00295157
209,510773212,true,0,Left,0.981766,5,0.62703160,0.42044578,-0.07219787,1203,454,-0.02803806,0.00892423,0.00624101
209,510773212,true,0,Left,0.981766,6,0.54662462,0.21199884,-0.12939198,1049,228,-0.04071615,-0.01858196,0.00054239
209,510773212,true,0,Left,0.981766,7,0.48871553,0.08754122,-0.17887250,938,94,-0.05326964,-0.03438000,-0.01149593
209,510773212,true,0,Left,0.981766,8,0.43849748,-0.02690381,-0.21554987,841,-29,-0.06773933,-0.04056851,-0.04235290
209,510773212,true,0,Left,0.981766,9,0.71485140,0.34619794,-0.07301941,1372,373,-0.00518926,-0.00286567,0.00695526
209,510773212,true,0,Left,0.981766,10,0.66358533,0.09594393,-0.12264457,1274,103,-0.01615623,-0.03618246,-0.00565781
209,510773212,true,0,Left,0.981766,11,0.62793466,-0.05512223,-0.16550028,1205,-59,-0.02854494,-0.05138748,-0.02957904
209,510773212,true,0,Left,0.981766,12,0.59783757,-0.18544566,-0.19760082,1147,-200,-0.03914182,-0.06490937,-0.05361639
209,510773212,true,0,Left,0.981766,13,0.80780491,0.33767772,-0.08420932,1550,364,0.01736031,-0.00671116,-0.00387136
209,510773212,true,0,Left,0.981766,14,0.77360877,0.08337589,-0.13422193,1485,90,0.00886368,-0.03257383,-0.01570292
209,510773212,true,0,Left,0.981766,15,0.75435819,-0.07727155,-0.16525313,1448,-83,0.00115069,-0.05022126,-0.03617320
209,510773212,true,0,Left,0.981766,16,0.73406166,-0.22197488,-0.18662038,1409,-239,-0.00719119,-0.06665662,-0.05468952
209,510773212,true,0,Left,0.981766,17,0.90250049,0.37674679,-0.10234987,1732,406,0.03376124,0.00342039,-0.01358316
209,510773212,true,0,Left,0.981766,18,0.89504934,0.15724628,-0.14677846,1718,169,0.03471866,-0.01996492,-0.01625800
209,510773212,true,0,Left,0.981766,19,0.88629447,0.00654680,-0.16621562,1701,7,0.03005158,-0.04044822,-0.02814373
209,510773212,true,0,Left,0.981766,20,0.87577703,-0.13577480,-0.17871285,1681,-146,0.02289843,-0.05700050,-0.04011743
210,510773277,true,0,Left,0.982121,0,0.83666841,0.98414796,0.00000066,1606,1062,0.02592301,0.08104466,0.00032408
210,510773277,true,0,Left,0.982121,1,0.69317708,0.94379759,-0.07786229,1330,1019,-0.00772186,0.06797852,-0.00624235
210,510773277,true,0,Left,0.982121,2,0.56169262,0.82845737,-0.12922914,1078,894,-0.03349004,0.05637308,-0.00630909
210,510773277,true,0,Left,0.982121,3,0.44743961,0.72594238,-0.17395219,859,784,-0.06242410,0.04084800,-0.00438909
210,510773277,true,0,Left,0.982121,4,0.34776373,0.63339816,-0.21833891,667,684,-0.08677380,0.02498746,0.00291412
210,510773277,true,0,Left,0.982121,5,0.62733102,0.41963521,-0.06985649,1204,453,-0.02808644,0.00898033,0.00628526
210,510773277,true,0,Left,0.982121,6,0.54718699,0.21145058,-0.12580173,1050,228,-0.04074337,-0.01859544,0.00061584
210,510773277,true,0,Left,0.982121,7,0.48932484,0.08729191,-0.17449213,939,94,-0.05332892,-0.03426273,-0.01132007
210,510773277,true,0,Left,0.982121,8,0.43897387,-0.02639056,-0.21062725,842,-28,-0.06787604,-0.04043651,-0.04227632
210,510773277,true,0,Left,0.982121,9,0.71520387,0.34545203,-0.07126493,1373,373,-0.00515595,-0.00284675,0.00693086
210,510773277,true,0,Left,0.982121,10,0.66405525,0.09542674,-0.11998061,1274,103,-0.01613634,-0.03620619,-0.00563748
210,510773277,true,0,Left,0.982121,11,0.62847664,-0.05580569,-0.16248232,1206,-60,-0.02854411,-0.05147303,-0.02951879
210,510773277,true,0,Left,0.982121,12,0.59849849,-0.18605732,-0.19427022,1149,-200,-0.03915399,-0.06493370,-0.05367197
210,510773277,true,0,Left,0.982121,13,0.80814177,0.33686374,-0.08293855,1551,363,0.01734649,-0.00674212,-0.00386881
210,510773277,true,0,Left,0.982121,14,0.77399698,0.08214559,-0.13226006,1486,88,0.00895281,-0.03274849,-0.01562165
210,510773277,true,0,Left,0.982121,15,0.75493757,-0.07885500,-0.16317978,1449,-85,0.00114197,-0.05040999,-0.03617490
210,510773277,true,0,Left,0.982121,16,0.73483785,-0.22389900,-0.18447006,1410,-241,-0.00715005,-0.06691479,-0.05461126
210,510773277,true,0,Left,0.982121,17,0.90263069,0.37576011,-0.10143171,1733,405,0.03376709,0.00333453,-0.01361800
210,510773277,true,0,Left,0.982121,18,0.89502071,0.15592377,-0.14540733,1718,168,0.03472116,-0.02004474,-0.01625561
210,510773277,true,0,Left,0.982121,19,0.88616974,0.00457244,-0.16469719,1701,4,0.03005100,-0.04059349,-0.02808430
210,510773277,true,0,Left,0.982121,20,0.87567592,-0.13876805,-0.17708604,1681,-149,0.02289029,-0.05728088,-0.03997912
211,510773343,true,0,Left,0.982508,0,0.83628761,0.98445178,0.00000066,1605,1063,0.02607657,0.08119435,0.00013461
211,510773343,true,0,Left,0.982508,1,0.69337639,0.94294344,-0.07803033,1331,1018,-0.00759593,0.06812768,-0.00610428
211,510773343,true,0,Left,0.982508,2,0.56157172,0.82804290,-0.12971157,1078,894,-0.03349566,0.05650839,-0.00605470
211,510773343,true,0,Left,0.982508,3,0.44682332,0.72649113,-0.17471897,857,784,-0.06244316,0.04099465,-0.00387440
211,510773343,true,0,Left,0.982508,4,0.34742635,0.63303433,-0.21936010,667,683,-0.08674442,0.02506502,0.00360480
211,510773343,true,0,Left,0.982508,5,0.62705491,0.41929448,-0.07018628,1203,452,-0.02810615,0.00900221,0.00649425
211,510773343,true,0,Left,0.982508,6,0.54658816,0.21123016,-0.12659120,1049,228,-0.04078030,-0.01856095,0.00091097
211,510773343,true,0,Left,0.982508,7,0.48851646,0.08716448,-0.17557251,937,94,-0.05337386,-0.03428908,-0.01105250
211,510773343,true,0,Left,0.982508,8,0.43804083,-0.02660000,-0.21190040,841,-28,-0.06795945,-0.04052353,-0.04187723
211,510773343,true,0,Left,0.982508,9,0.71475577,0.34546199,-0.07152799,1372,373,-0.00516444,-0.00283964,0.00696424
211,510773343,true,0,Left,0.982508,10,0.66362686,0.09538947,-0.12054434,1274,103,-0.01615441,-0.03621933,-0.00554471
211,510773343,true,0,Left,0.982508,11,0.62861204,-0.05610262,-0.16306465,1206,-60,-0.02849114,-0.05148534,-0.02925556
211,510773343,true,0,Left,0.982508,12,0.59914738,-0.18724467,-0.19489437,1150,-202,-0.03905112,-0.06513868,-0.05326763
211,510773343,true,0,Left,0.982508,13,0.80756467,0.33713063,-0.08321232,1550,364,0.01744160,-0.00675064,-0.00399686
211,510773343,true,0,Left,0.982508,14,0.77363927,0.08218417,-0.13288351,1485,88,0.00897290,-0.03273261,-0.01564412
211,510773343,true,0,Left,0.982508,15,0.75526280,-0.07921911,-0.16375511,1450,-85,0.00127241,-0.05047231,-0.03593098
211,510773343,true,0,Left,0.982508,16,0.73567280,-0.22535637,-0.18498979,1412,-243,-0.00702477,-0.06719661,-0.05411830
211,510773343,true,0,Left,0.982508,17,0.90208933,0.37605721,-0.10173069,1732,406,0.03385997,0.00335568,-0.01387209
211,510773343,true,0,Left,0.982508,18,0.89426749,0.15597810,-0.14595877,1716,168,0.03470732,-0.02004225,-0.01643933
211,510773343,true,0,Left,0.982508,19,0.88560567,0.00472245,-0.16522511,1700,5,0.03005000,-0.04058539,-0.02813321
211,510773343,true,0,Left,0.982508,20,0.87517342,-0.13871276,-0.17759150,1680,-149,0.02284043,-0.05729840,-0.03991644
212,510773415,true,0,Left,0.981654,0,0.83616918,0.98482747,0.00000066,1605,1063,0.02597470,0.08116108,-0.00055249
212,510773415,true,0,Left,0.981654,1,0.69307949,0.94326095,-0.07827939,1330,1018,-0.00768584,0.06805255,-0.00657279
212,510773415,true,0,Left,0.981654,2,0.56099323,0.82851456,-0.13000277,1077,894,-0.03357599,0.05641246,-0.00642427
212,510773415,true,0,Left,0.981654,3,0.44627632,0.72653475,-0.17500395,856,784,-0.06253419,0.04085441,-0.00395612
212,510773415,true,0,Left,0.981654,4,0.34725641,0.63167404,-0.21961725,666,682,-0.08673482,0.02498748,0.00377388
212,510773415,true,0,Left,0.981654,5,0.62700329,0.41987808,-0.07028913,1203,453,-0.02799730,0.00902292,0.00651915
212,510773415,true,0,Left,0.981654,6,0.54674520,0.21227001,-0.12681723,1049,229,-0.04069872,-0.01850347,0.00097736
212,510773415,true,0,Left,0.981654,7,0.48888297,0.08879675,-0.17589768,938,95,-0.05325668,-0.03429075,-0.01104278
212,510773415,true,0,Left,0.981654,8,0.43839176,-0.02525551,-0.21234162,841,-27,-0.06793101,-0.04049006,-0.04187410
212,510773415,true,0,Left,0.981654,9,0.71478652,0.34574501,-0.07152675,1372,373,-0.00515046,-0.00278314,0.00702700
212,510773415,true,0,Left,0.981654,10,0.66374373,0.09651543,-0.12074973,1274,104,-0.01617013,-0.03611794,-0.00551375
212,510773415,true,0,Left,0.981654,11,0.62846301,-0.05443090,-0.16343726,1206,-58,-0.02851214,-0.05136906,-0.02918299
212,510773415,true,0,Left,0.981654,12,0.59838823,-0.18573593,-0.19544579,1148,-200,-0.03914605,-0.06505235,-0.05318773
212,510773415,true,0,Left,0.981654,13,0.80749061,0.33706136,-0.08315596,1550,364,0.01740865,-0.00676568,-0.00402886
212,510773415,true,0,Left,0.981654,14,0.77375621,0.08308310,-0.13299819,1485,89,0.00897553,-0.03261194,-0.01569318
212,510773415,true,0,Left,0.981654,15,0.75478713,-0.07749446,-0.16392643,1449,-83,0.00117487,-0.05033477,-0.03590591
212,510773415,true,0,Left,0.981654,16,0.73417225,-0.22308156,-0.18518920,1409,-240,-0.00730633,-0.06699517,-0.05403413
212,510773415,true,0,Left,0.981654,17,0.90185829,0.37542884,-0.10165456,1731,405,0.03376491,0.00330565,-0.01403697
212,510773415,true,0,Left,0.981654,18,0.89332079,0.15558542,-0.14604482,1715,168,0.03458405,-0.02011780,-0.01660897
212,510773415,true,0,Left,0.981654,19,0.88419583,0.00450969,-0.16543472,1697,4,0.02983108,-0.04060314,-0.02826490
212,510773415,true,0,Left,0.981654,20,0.87306253,-0.13863866,-0.17788556,1676,-149,0.02249701,-0.05734838,-0.03994355
213,510773476,true,0,Left,0.981582,0,0.83579229,0.98372686,0.00000066,1604,1062,0.02599544,0.08104201,-0.00083069
213,510773476,true,0,Left,0.981582,1,0.69256898,0.94299589,-0.07879530,1329,1018,-0.00764237,0.06789859,-0.00698118
213,510773476,true,0,Left,0.981582,2,0.56087410,0.82857030,-0.13069968,1076,894,-0.03349272,0.05625455,-0.00671318
213,510773476,true,0,Left,0.981582,3,0.44667617,0.72617045,-0.17579128,857,784,-0.06251183,0.04076954,-0.00407379
213,510773476,true,0,Left,0.981582,4,0.34752750,0.63141318,-0.22053873,667,681,-0.08675598,0.02486647,0.00376198
213,510773476,true,0,Left,0.981582,5,0.62681405,0.42021606,-0.07089415,1203,453,-0.02789445,0.00900727,0.00642888
213,510773476,true,0,Left,0.981582,6,0.54674479,0.21276340,-0.12760835,1049,229,-0.04064503,-0.01848492,0.00087852
213,510773476,true,0,Left,0.981582,7,0.48910994,0.08954111,-0.17681919,939,96,-0.05318027,-0.03426850,-0.01116889
213,510773476,true,0,Left,0.981582,8,0.43887511,-0.02478514,-0.21339284,842,-26,-0.06783283,-0.04049970,-0.04211016
213,510773476,true,0,Left,0.981582,9,0.71464251,0.34601188,-0.07188092,1372,373,-0.00514610,-0.00281787,0.00706107
213,510773476,true,0,Left,0.981582,10,0.66336882,0.09724238,-0.12147629,1273,105,-0.01615175,-0.03607397,-0.00546100
213,510773476,true,0,Left,0.981582,11,0.62797873,-0.05330722,-0.16454406,1205,-57,-0.02860519,-0.05128811,-0.02926069
213,510773476,true,0,Left,0.981582,12,0.59790324,-0.18475679,-0.19685921,1147,-199,-0.03924948,-0.06499666,-0.05317134
213,510773476,true,0,Left,0.981582,13,0.80725921,0.33726551,-0.08327998,1549,364,0.01737833,-0.00680576,-0.00396061
213,510773476,true,0,Left,0.981582,14,0.77328002,0.08348785,-0.13350598,1484,90,0.00889165,-0.03256826,-0.01574106
213,510773476,true,0,Left,0.981582,15,0.75378173,-0.07674120,-0.16486105,1447,-82,0.00095964,-0.05027440,-0.03602179
213,510773476,true,0,Left,0.981582,16,0.73275277,-0.22202779,-0.18643245,1406,-239,-0.00766787,-0.06697044,-0.05405072
213,510773476,true,0,Left,0.981582,17,0.90153439,0.37520854,-0.10155956,1730,405,0.03365481,0.00325472,-0.01403774
213,510773476,true,0,Left,0.981582,18,0.89290186,0.15529244,-0.14631444,1714,167,0.03453806,-0.02004146,-0.01656231
213,510773476,true,0,Left,0.981582,19,0.88378651,0.00403536,-0.16610300,1696,4,0.02980091,-0.04057862,-0.02824972
213,510773476,true,0,Left,0.981582,20,0.87268588,-0.13984205,-0.17887838,1675,-151,0.02246204,-0.05749329,-0.03996327
214,510773549,true,0,Left,0.978251,0,0.83571323,0.98430387,0.00000065,1604,1063,0.02573957,0.08095753,-0.00132651
214,510773549,true,0,Left,0.978251,1,0.69234745,0.94321140,-0.07826935,1329,1018,-0.00780227,0.06781662,-0.00744731
214,510773549,true,0,Left,0.978251,2,0.56138782,0.82761828,-0.12947502,1077,893,-0.03349715,0.05603631,-0.00702365
214,510773549,true,0,Left,0.978251,3,0.44802678,0.72400817,-0.17389323,860,781,-0.06244710,0.04056392,-0.00420033
214,510773549,true,0,Left,0.978251,4,0.34869413,0.63003869,-0.21792520,669,680,-0.08659743,0.02463136,0.00360891
214,510773549,true,0,Left,0.978251,5,0.62735337,0.42064366,-0.06992684,1204,454,-0.02782159,0.00906157,0.00635113
214,510773549,true,0,Left,0.978251,6,0.54767242,0.21289053,-0.12607759,1051,229,-0.04056146,-0.01853636,0.00084487
214,510773549,true,0,Left,0.978251,7,0.49048207,0.08966326,-0.17482328,941,96,-0.05310568,-0.03423508,-0.01123449
214,510773549,true,0,Left,0.978251,8,0.44043431,-0.02473410,-0.21108425,845,-26,-0.06764930,-0.04049479,-0.04215505
214,510773549,true,0,Left,0.978251,9,0.71529941,0.34587880,-0.07098495,1373,373,-0.00515676,-0.00281270,0.00708255
214,510773549,true,0,Left,0.978251,10,0.66408693,0.09763657,-0.12031357,1275,105,-0.01604532,-0.03607365,-0.00542427
214,510773549,true,0,Left,0.978251,11,0.62875476,-0.05287086,-0.16335041,1207,-57,-0.02851483,-0.05135774,-0.02931915
214,510773549,true,0,Left,0.978251,12,0.59862688,-0.18461029,-0.19555286,1149,-199,-0.03930286,-0.06500874,-0.05328068
214,510773549,true,0,Left,0.978251,13,0.80795891,0.33693709,-0.08236507,1551,363,0.01729611,-0.00678996,-0.00388671
214,510773549,true,0,Left,0.978251,14,0.77444793,0.08332256,-0.13258546,1486,89,0.00894567,-0.03260189,-0.01575993
214,510773549,true,0,Left,0.978251,15,0.75540883,-0.07700225,-0.16401077,1450,-83,0.00114696,-0.05036311,-0.03609373
214,510773549,true,0,Left,0.978251,16,0.73473749,-0.22270280,-0.18545867,1410,-240,-0.00741417,-0.06700792,-0.05403480
214,510773549,true,0,Left,0.978251,17,0.90210167,0.37475901,-0.10053303,1732,404,0.03355212,0.00314981,-0.01399101
214,510773549,true,0,Left,0.978251,18,0.89389840,0.15452099,-0.14532229,1716,166,0.03453522,-0.02008687,-0.01646902
214,510773549,true,0,Left,0.978251,19,0.88506299,0.00261557,-0.16509624,1699,2,0.02981514,-0.04060799,-0.02801572
214,510773549,true,0,Left,0.978251,20,0.87424751,-0.14248330,-0.17773435,1678,-153,0.02255077,-0.05771524,-0.03966472
215,510773610,true,0,Left,0.981205,0,0.83605797,0.98515559,0.00000065,1605,1063,0.02576685,0.08106051,-0.00098556
215,510773610,true,0,Left,0.981205,1,0.69253890,0.94335537,-0.07774966,1329,1018,-0.00783101,0.06790351,-0.00712075
215,510773610,true,0,Left,0.981205,2,0.56165598,0.82661531,-0.12870851,1078,892,-0.03348511,0.05603016,-0.00678840
215,510773610,true,0,Left,0.981205,3,0.44834191,0.72317964,-0.17298306,860,781,-0.06232794,0.04043213,-0.00406537
215,510773610,true,0,Left,0.981205,4,0.34891824,0.62957265,-0.21691593,669,679,-0.08637763,0.02444278,0.00391326
215,510773610,true,0,Left,0.981205,5,0.62745796,0.42048176,-0.06949256,1204,454,-0.02788141,0.00902899,0.00644441
215,510773610,true,0,Left,0.981205,6,0.54805488,0.21246953,-0.12588444,1052,229,-0.04050961,-0.01864935,0.00086178
215,510773610,true,0,Left,0.981205,7,0.49087255,0.08901944,-0.17488374,942,96,-0.05305983,-0.03440078,-0.01124558
215,510773610,true,0,Left,0.981205,8,0.44078989,-0.02506759,-0.21127807,846,-27,-0.06758337,-0.04054913,-0.04221405
215,510773610,true,0,Left,0.981205,9,0.71540378,0.34629315,-0.07090184,1373,373,-0.00515726,-0.00282403,0.00704354
215,510773610,true,0,Left,0.981205,10,0.66451784,0.09764951,-0.12049876,1275,105,-0.01603788,-0.03612153,-0.00540951
215,510773610,true,0,Left,0.981205,11,0.62957876,-0.05348545,-0.16372517,1208,-57,-0.02844269,-0.05139833,-0.02930488
215,510773610,true,0,Left,0.981205,12,0.60009782,-0.18464977,-0.19602275,1152,-199,-0.03907595,-0.06498773,-0.05334849
215,510773610,true,0,Left,0.981205,13,0.80800860,0.33792083,-0.08261676,1551,364,0.01735089,-0.00675324,-0.00395534
215,510773610,true,0,Left,0.981205,14,0.77452984,0.08384740,-0.13299178,1487,90,0.00902883,-0.03265259,-0.01564935
215,510773610,true,0,Left,0.981205,15,0.75597495,-0.07734606,-0.16470832,1451,-83,0.00126058,-0.05041424,-0.03596827
215,510773610,true,0,Left,0.981205,16,0.73616190,-0.22315765,-0.18634240,1413,-241,-0.00719598,-0.06707275,-0.05391958
215,510773610,true,0,Left,0.981205,17,0.90224556,0.37628211,-0.10106319,1732,406,0.03366686,0.00328495,-0.01403934
215,510773610,true,0,Left,0.981205,18,0.89408299,0.15550012,-0.14597250,1716,167,0.03457134,-0.01999936,-0.01640864
215,510773610,true,0,Left,0.981205,19,0.88505764,0.00322966,-0.16595145,1699,3,0.02980684,-0.04054973,-0.02796002
215,510773610,true,0,Left,0.981205,20,0.87404780,-0.14186921,-0.17875152,1678,-153,0.02249675,-0.05772231,-0.03961183
216,510773679,true,0,Left,0.984056,0,0.83677533,0.98157907,0.00000066,1606,1060,0.02590154,0.08098004,-0.00086284
216,510773679,true,0,Left,0.984056,1,0.69383832,0.93981798,-0.07873585,1332,1015,-0.00781780,0.06773845,-0.00702761
216,510773679,true,0,Left,0.984056,2,0.56279565,0.82500560,-0.13054945,1080,891,-0.03343706,0.05595341,-0.00677747
216,510773679,true,0,Left,0.984056,3,0.44931896,0.72282338,-0.17559662,862,780,-0.06236745,0.04030973,-0.00419644
216,510773679,true,0,Left,0.984056,4,0.34935471,0.62984256,-0.22045711,670,680,-0.08652877,0.02455669,0.00379038
216,510773679,true,0,Left,0.984056,5,0.62815406,0.41934109,-0.07145887,1206,452,-0.02783006,0.00902409,0.00638080
216,510773679,true,0,Left,0.984056,6,0.54857424,0.21207536,-0.12872902,1053,229,-0.04054685,-0.01865765,0.00085926
216,510773679,true,0,Left,0.984056,7,0.49156881,0.08896901,-0.17830967,943,96,-0.05308486,-0.03443348,-0.01137775
216,510773679,true,0,Left,0.984056,8,0.44164535,-0.02494027,-0.21506949,847,-26,-0.06750967,-0.04059721,-0.04232876
216,510773679,true,0,Left,0.984056,9,0.71577496,0.34573746,-0.07253343,1374,373,-0.00514509,-0.00277692,0.00705261
216,510773679,true,0,Left,0.984056,10,0.66516866,0.09732430,-0.12308924,1277,105,-0.01602730,-0.03611422,-0.00552274
216,510773679,true,0,Left,0.984056,11,0.63016387,-0.05351186,-0.16704616,1209,-57,-0.02840662,-0.05138594,-0.02936148
216,510773679,true,0,Left,0.984056,12,0.60041673,-0.18474423,-0.19992655,1152,-199,-0.03915618,-0.06491315,-0.05351718
216,510773679,true,0,Left,0.984056,13,0.80804627,0.33797896,-0.08394391,1551,365,0.01738700,-0.00675777,-0.00393116
216,510773679,true,0,Left,0.984056,14,0.77562473,0.08448115,-0.13502911,1489,91,0.00916491,-0.03258126,-0.01569416
216,510773679,true,0,Left,0.984056,15,0.75687509,-0.07612137,-0.16737314,1453,-82,0.00132422,-0.05031082,-0.03596954
216,510773679,true,0,Left,0.984056,16,0.73669360,-0.22123268,-0.18947157,1414,-238,-0.00724239,-0.06682748,-0.05418454
216,510773679,true,0,Left,0.984056,17,0.90200584,0.37712156,-0.10215408,1731,407,0.03370224,0.00336895,-0.01393012
216,510773679,true,0,Left,0.984056,18,0.89456505,0.15671922,-0.14743267,1717,169,0.03469112,-0.01991922,-0.01632383
216,510773679,true,0,Left,0.984056,19,0.88550179,0.00489942,-0.16786588,1700,5,0.02984077,-0.04041511,-0.02795401
216,510773679,true,0,Left,0.984056,20,0.87411831,-0.13949913,-0.18110976,1678,-150,0.02234746,-0.05745657,-0.03965583
217,510773747,true,0,Left,0.980708,0,0.83758563,0.98158225,0.00000066,1608,1060,0.02594469,0.08101670,-0.00102415
217,510773747,true,0,Left,0.980708,1,0.69376049,0.93937581,-0.07697211,1332,1014,-0.00783253,0.06776116,-0.00691054
217,510773747,true,0,Left,0.980708,2,0.56313669,0.82316457,-0.12735586,1081,889,-0.03356716,0.05597499,-0.00664201
217,510773747,true,0,Left,0.980708,3,0.45025593,0.72037160,-0.17128220,864,778,-0.06232476,0.04008000,-0.00394241
217,510773747,true,0,Left,0.980708,4,0.35042901,0.62824349,-0.21502911,672,678,-0.08650784,0.02446650,0.00404892
217,510773747,true,0,Left,0.980708,5,0.62880724,0.41918735,-0.06888506,1207,452,-0.02774388,0.00897639,0.00641002
217,510773747,true,0,Left,0.980708,6,0.54929014,0.21197289,-0.12487376,1054,228,-0.04055406,-0.01873928,0.00105115
217,510773747,true,0,Left,0.980708,7,0.49246736,0.08905177,-0.17354180,945,96,-0.05306012,-0.03449419,-0.01113151
217,510773747,true,0,Left,0.980708,8,0.44253283,-0.02472076,-0.20973347,849,-26,-0.06748464,-0.04072016,-0.04192386
217,510773747,true,0,Left,0.980708,9,0.71634306,0.34548555,-0.07071452,1375,373,-0.00515159,-0.00280444,0.00713397
217,510773747,true,0,Left,0.980708,10,0.66567810,0.09743538,-0.12054383,1278,105,-0.01595727,-0.03615155,-0.00560508
217,510773747,true,0,Left,0.980708,11,0.63032456,-0.05327947,-0.16424934,1210,-57,-0.02850173,-0.05138460,-0.02928175
217,510773747,true,0,Left,0.980708,12,0.60003234,-0.18407342,-0.19689411,1152,-198,-0.03926013,-0.06482643,-0.05347384
217,510773747,true,0,Left,0.980708,13,0.80827125,0.33790979,-0.08269899,1551,364,0.01741916,-0.00676052,-0.00402656
217,510773747,true,0,Left,0.980708,14,0.77650848,0.08487129,-0.13333900,1490,91,0.00930675,-0.03255134,-0.01579866
217,510773747,true,0,Left,0.980708,15,0.75770554,-0.07559179,-0.16569699,1454,-81,0.00139332,-0.05028258,-0.03604520
217,510773747,true,0,Left,0.980708,16,0.73713830,-0.22052299,-0.18771589,1415,-238,-0.00717023,-0.06673899,-0.05436829
217,510773747,true,0,Left,0.980708,17,0.90150863,0.37754940,-0.10128998,1730,407,0.03362059,0.00351194,-0.01404963
217,510773747,true,0,Left,0.980708,18,0.89496340,0.15741563,-0.14628990,1718,170,0.03483032,-0.01978936,-0.01646979
217,510773747,true,0,Left,0.980708,19,0.88603736,0.00552079,-0.16666503,1701,5,0.02997227,-0.04035234,-0.02809672
217,510773747,true,0,Left,0.980708,20,0.87455078,-0.13917931,-0.17984239,1679,-150,0.02232524,-0.05745030,-0.03968415
218,510773812,true,0,Left,0.984051,0,0.83549281,0.98406400,0.00000063,1604,1062,0.02661390,0.08151303,-0.00229652
218,510773812,true,0,Left,0.984051,1,0.69289751,0.94049236,-0.07303493,1330,1015,-0.00719272,0.06784073,-0.00785369
218,510773812,true,0,Left,0.984051,2,0.56300029,0.82333353,-0.12020363,1080,889,-0.03325363,0.05616313,-0.00706138
218,510773812,true,0,Left,0.984051,3,0.45137972,0.72035712,-0.16162018,866,777,-0.06187447,0.03986593,-0.00328223
218,510773812,true,0,Left,0.984051,4,0.35253352,0.62878857,-0.20308569,676,679,-0.08640761,0.02390414,0.00545485
218,510773812,true,0,Left,0.984051,5,0.62772060,0.43162596,-0.06506993,1205,466,-0.02779949,0.00890670,0.00665835
218,510773812,true,0,Left,0.984051,6,0.54704668,0.22550935,-0.12040815,1050,243,-0.04073847,-0.01870180,0.00158757
218,510773812,true,0,Left,0.984051,7,0.48911745,0.10392620,-0.16828846,939,112,-0.05340006,-0.03484109,-0.01020048
218,510773812,true,0,Left,0.984051,8,0.43790285,-0.00904710,-0.20377580,840,-9,-0.06812252,-0.04098947,-0.04058175
218,510773812,true,0,Left,0.984051,9,0.71339442,0.36136075,-0.06871582,1369,390,-0.00524999,-0.00285278,0.00730442
218,510773812,true,0,Left,0.984051,10,0.66119760,0.11506933,-0.11779348,1269,124,-0.01622669,-0.03611031,-0.00536511
218,510773812,true,0,Left,0.984051,11,0.62506985,-0.03610743,-0.16047171,1200,-38,-0.02870575,-0.05160274,-0.02848248
218,510773812,true,0,Left,0.984051,12,0.59416262,-0.16917689,-0.19237194,1140,-182,-0.03960869,-0.06580708,-0.05185339
218,510773812,true,0,Left,0.984051,13,0.80313087,0.35511288,-0.08205555,1542,383,0.01744402,-0.00671704,-0.00425838
218,510773812,true,0,Left,0.984051,14,0.76934572,0.10588372,-0.13190598,1477,114,0.00887930,-0.03253356,-0.01536589
218,510773812,true,0,Left,0.984051,15,0.74773766,-0.05155609,-0.16293753,1435,-55,0.00067380,-0.05060468,-0.03509635
218,510773812,true,0,Left,0.984051,16,0.72506206,-0.19667589,-0.18411414,1392,-212,-0.00804811,-0.06731005,-0.05344982
218,510773812,true,0,Left,0.984051,17,0.89480283,0.39418792,-0.10163267,1718,425,0.03352985,0.00367694,-0.01464022
218,510773812,true,0,Left,0.984051,18,0.88738252,0.17821597,-0.14566905,1703,192,0.03450911,-0.01979269,-0.01713576
218,510773812,true,0,Left,0.984051,19,0.87781808,0.02862595,-0.16497036,1685,30,0.02991813,-0.04030201,-0.02816951
218,510773812,true,0,Left,0.984051,20,0.86582354,-0.11611797,-0.17751120,1662,-125,0.02227577,-0.05758285,-0.03933062
219,510773879,true,0,Left,0.981809,0,0.80623676,1.08065961,0.00000051,1547,1167,0.02741996,0.08116355,0.00516427
219,510773879,true,0,Left,0.981809,1,0.67432963,1.02601382,-0.05879542,1294,1108,-0.00610268,0.06711210,-0.00022499
219,510773879,true,0,Left,0.981809,2,0.55256052,0.90575613,-0.10162036,1060,978,-0.03119314,0.05489093,0.00042181
219,510773879,true,0,Left,0.981809,3,0.44907822,0.81414621,-0.14259199,862,879,-0.05937323,0.03841488,0.00170421
219,510773879,true,0,Left,0.981809,4,0.35284500,0.74654709,-0.18575496,677,806,-0.08402160,0.02383774,0.00875866
219,510773879,true,0,Left,0.981809,5,0.61245786,0.57252219,-0.06251526,1175,618,-0.02693181,0.00722528,0.00798203
219,510773879,true,0,Left,0.981809,6,0.53346677,0.37839379,-0.12056623,1024,408,-0.04002998,-0.01866623,0.00197363
219,510773879,true,0,Left,0.981809,7,0.47091490,0.29516739,-0.17016116,904,318,-0.05320478,-0.03349699,-0.00892088
219,510773879,true,0,Left,0.981809,8,0.40850291,0.22983170,-0.20579341,784,248,-0.06998184,-0.03775379,-0.03849736
219,510773879,true,0,Left,0.981809,9,0.68799436,0.52229910,-0.07098303,1320,564,-0.00496104,-0.00289001,0.00696363
219,510773879,true,0,Left,0.981809,10,0.63727656,0.27262409,-0.12163306,1223,294,-0.01600978,-0.03636191,-0.00553868
219,510773879,true,0,Left,0.981809,11,0.58434022,0.14261040,-0.16540173,1121,154,-0.02997370,-0.05127434,-0.02778365
219,510773879,true,0,Left,0.981809,12,0.52497789,0.02650006,-0.19800994,1007,28,-0.04422283,-0.06535299,-0.04965439
219,510773879,true,0,Left,0.981809,13,0.76788911,0.53113263,-0.08947236,1474,573,0.01694767,-0.00647596,-0.00519954
219,510773879,true,0,Left,0.981809,14,0.73042859,0.28539625,-0.13888749,1402,308,0.00795485,-0.03199774,-0.01577126
219,510773879,true,0,Left,0.981809,15,0.68148949,0.14571999,-0.16953931,1308,157,-0.00296593,-0.04979106,-0.03458937
219,510773879,true,0,Left,0.981809,16,0.62475703,0.01849449,-0.19088560,1199,19,-0.01547123,-0.06627442,-0.05278498
219,510773879,true,0,Left,0.981809,17,0.84931765,0.58167112,-0.11422814,1630,628,0.03247004,0.00476512,-0.01561694
219,510773879,true,0,Left,0.981809,18,0.83787049,0.37236072,-0.15540554,1608,402,0.03251910,-0.01861769,-0.01833510
219,510773879,true,0,Left,0.981809,19,0.81256000,0.23758938,-0.17265228,1560,256,0.02651692,-0.03964282,-0.02920642
219,510773879,true,0,Left,0.981809,20,0.77791836,0.11108395,-0.18464713,1493,119,0.01656010,-0.05520420,-0.04179052
220,510773946,false,-1,,,,,,,,,,,
221,510774016,true,0,Right,0.958451,0,0.11135946,0.79246479,0.00000008,213,855,-0.00253559,0.00756484,0.03756687
221,510774016,true,0,Right,0.958451,1,0.09047568,0.71835625,0.00186677,173,775,-0.00338036,-0.00956239,0.01896090
221,510774016,true,0,Right,0.958451,2,0.09223728,0.66300839,0.00688186,177,716,0.00464844,-0.02192518,0.01691306
221,510774016,true,0,Right,0.958451,3,0.10689636,0.63617450,0.01066427,205,687,0.00253483,-0.02836965,0.00720415
221,510774016,true,0,Right,0.958451,4,0.12680064,0.63682979,0.01361532,243,687,0.00926989,-0.02897503,0.00333540
221,510774016,true,0,Right,0.958451,5,0.10933825,0.69499528,0.02580528,209,750,-0.00367680,-0.00561246,-0.00793344
221,510774016,true,0,Right,0.958451,6,0.13388792,0.67198330,0.04174460,257,725,0.00024991,-0.00759327,-0.00658059
221,510774016,true,0,Right,0.958451,7,0.14829330,0.66301888,0.04754378,284,716,0.01194075,-0.02042063,0.00639779
221,510774016,true,0,Right,0.958451,8,0.15943296,0.65221256,0.04911812,306,704,0.02186421,-0.02801714,0.02475175
221,510774016,true,0,Right,0.958451,9,0.12668292,0.73639655,0.02616772,243,795,-0.00433346,-0.00099395,-0.00128150
221,510774016,true,0,Right,0.958451,10,0.15007368,0.71177226,0.04410830,288,768,0.00634613,-0.00591609,-0.00262900
221,510774016,true,0,Right,0.958451,11,0.16432172,0.69288528,0.04511473,315,748,0.01917374,-0.01723707,0.00196065
221,510774016,true,0,Right,0.958451,12,0.17425628,0.68072242,0.04147698,334,735,0.03506589,-0.02886226,0.01652424
221,510774016,true,0,Right,0.958451,13,0.14068680,0.77510822,0.02583629,270,837,0.00379077,0.00180227,0.00567530
221,510774016,true,0,Right,0.958451,14,0.16465847,0.75151193,0.04001075,316,811,0.01150556,-0.00290857,0.00598941
221,510774016,true,0,Right,0.958451,15,0.17871813,0.73008490,0.03898947,343,788,0.03366796,-0.01056396,0.00872040
221,510774016,true,0,Right,0.958451,16,0.18760471,0.71733379,0.03415179,360,774,0.03945682,-0.02076259,0.01471069
221,510774016,true,0,Right,0.958451,17,0.15358333,0.81648707,0.02542922,294,881,0.00634151,0.00597979,0.01724099
221,510774016,true,0,Right,0.958451,18,0.17629267,0.80741692,0.03841544,338,872,0.01662107,0.01431619,0.01669818
221,510774016,true,0,Right,0.958451,19,0.18943256,0.79589283,0.04388971,363,859,0.03521014,0.01213015,0.02366991
221,510774016,true,0,Right,0.958451,20,0.19595623,0.78514141,0.04472783,376,847,0.04124101,0.00708429,0.02512386
222,510774077,true,0,Left,0.821140,0,0.10003808,0.80346501,0.00000027,192,867,-0.00144336,0.05626109,-0.04289959
222,510774077,true,0,Left,0.821140,1,0.13129380,0.79226816,0.00622389,252,855,0.02287319,0.06023406,-0.02616068
222,510774077,true,0,Left,0.821140,2,0.14956106,0.77152771,0.01382295,287,833,0.04561615,0.04802571,-0.01242295
222,510774077,true,0,Left,0.821140,3,0.16230032,0.75297606,0.01849292,311,813,0.06350882,0.03219026,0.01015127
222,510774077,true,0,Left,0.821140,4,0.17442264,0.73447943,0.02285643,334,793,0.07298823,0.01713398,0.03716922
222,510774077,true,0,Left,0.821140,5,0.12496793,0.72034234,0.03382596,239,777,0.01819957,0.01436302,0.00410001
222,510774077,true,0,Left,0.821140,6,0.13539696,0.69307494,0.04180833,259,748,0.03439682,-0.00004931,0.00800529
222,510774077,true,0,Left,0.821140,7,0.14654011,0.67890257,0.04195331,281,733,0.04276798,-0.01136992,0.01652066
222,510774077,true,0,Left,0.821140,8,0.15590414,0.66807997,0.04134915,299,721,0.05433230,-0.01907326,0.01022490
222,510774077,true,0,Left,0.821140,9,0.10937975,0.69978356,0.03007879,210,755,-0.00194779,-0.00057854,0.00482341
222,510774077,true,0,Left,0.821140,10,0.12245491,0.66850328,0.03783394,235,721,0.02044228,-0.02525367,0.00660377
222,510774077,true,0,Left,0.821140,11,0.13628358,0.65387809,0.03384841,261,706,0.03359144,-0.03436836,0.00753123
222,510774077,true,0,Left,0.821140,12,0.15046544,0.64368570,0.03030931,288,695,0.05065496,-0.04159392,0.00729193
222,510774077,true,0,Left,0.821140,13,0.09346182,0.68428373,0.02473756,179,739,-0.01277686,-0.01268160,-0.00176969
222,510774077,true,0,Left,0.821140,14,0.10470703,0.65032661,0.02916151,201,702,0.00424243,-0.03235600,0.00424358
222,510774077,true,0,Left,0.821140,15,0.11819630,0.63453382,0.02477040,226,685,0.01785685,-0.04406717,0.00663069
222,510774077,true,0,Left,0.821140,16,0.13193204,0.62559354,0.02103480,253,675,0.03483408,-0.05034409,0.00652820
222,510774077,true,0,Left,0.821140,17,0.07711411,0.67645317,0.01945150,148,730,-0.02495767,-0.01320243,-0.00693753
222,510774077,true,0,Left,0.821140,18,0.07758880,0.64909703,0.02312916,148,701,-0.02448092,-0.02869638,-0.00314059
222,510774077,true,0,Left,0.821140,19,0.08284633,0.63540113,0.02385185,159,686,-0.01959091,-0.04452993,0.00360143
222,510774077,true,0,Left,0.821140,20,0.09082858,0.62990046,0.02418705,174,680,-0.00898487,-0.04793027,0.00674432
223,510774148,true,0,Right,0.517771,0,0.11786773,0.76850086,0.00000024,226,829,0.01507850,0.03244888,-0.08156206
223,510774148,true,0,Right,0.517771,1,0.14792225,0.77468848,0.02448175,284,836,0.03237769,0.05150240,-0.04973364
223,510774148,true,0,Right,0.517771,2,0.15942939,0.76507616,0.04227239,306,826,0.04752443,0.04718383,-0.02151313
223,510774148,true,0,Right,0.517771,3,0.16501382,0.76643008,0.05204841,316,827,0.05131228,0.04795784,0.00492647
223,510774148,true,0,Right,0.517771,4,0.16920690,0.75429815,0.06076466,324,814,0.05329144,0.04134599,0.03885065
223,510774148,true,0,Right,0.517771,5,0.13143529,0.68976873,0.06911540,252,744,0.01414952,0.02050970,0.00882848
223,510774148,true,0,Right,0.517771,6,0.13767101,0.66929644,0.08506674,264,722,0.02577501,0.00715464,0.01894344
223,510774148,true,0,Right,0.517771,7,0.15211175,0.65335125,0.08795758,292,705,0.03385528,-0.00463347,0.03137925
223,510774148,true,0,Right,0.517771,8,0.16358748,0.63874137,0.08906897,314,689,0.04460726,-0.01547200,0.03432873
223,510774148,true,0,Right,0.517771,9,0.11560443,0.65874380,0.05649901,221,711,-0.00374047,0.00027325,0.00733721
223,510774148,true,0,Right,0.517771,10,0.12627944,0.62184608,0.07194256,242,671,0.01568858,-0.02708272,0.01368975
223,510774148,true,0,Right,0.517771,11,0.14318089,0.60063308,0.07091048,274,648,0.02672781,-0.03369882,0.01581025
223,510774148,true,0,Right,0.517771,12,0.16184190,0.58735293,0.06933946,310,634,0.04320161,-0.04392516,0.00967629
223,510774148,true,0,Right,0.517771,13,0.09682924,0.63092887,0.04169934,185,681,-0.01071579,-0.01511833,-0.00374812
223,510774148,true,0,Right,0.517771,14,0.10145544,0.58750820,0.05199486,194,634,-0.00258849,-0.03792728,0.00218372
223,510774148,true,0,Right,0.517771,15,0.11836974,0.56674051,0.05002596,227,612,0.01421723,-0.04951147,0.00835776
223,510774148,true,0,Right,0.517771,16,0.13710955,0.55362159,0.04850470,263,597,0.03190734,-0.05629663,0.00983308
223,510774148,true,0,Right,0.517771,17,0.07402609,0.61644804,0.02785517,142,665,-0.02211054,-0.02024390,-0.01683781
223,510774148,true,0,Right,0.517771,18,0.06463090,0.57389903,0.03834088,124,619,-0.03000037,-0.04060341,-0.00972068
223,510774148,true,0,Right,0.517771,19,0.06824125,0.55978781,0.04390868,131,604,-0.03017887,-0.05292916,0.00143942
223,510774148,true,0,Right,0.517771,20,0.07629390,0.55680561,0.04713877,146,601,-0.01913665,-0.05686343,0.00638452
224,510774226,false,-1,,,,,,,,,,,
225,510774288,true,0,Right,0.996145,0,0.07948880,0.66943693,0.00000051,152,722,-0.03099713,0.06449717,0.01800092
225,510774288,true,0,Right,0.996145,1,0.12388301,0.67171943,-0.00886042,237,725,-0.00350646,0.06059394,0.02081779
225,510774288,true,0,Right,0.996145,2,0.15720698,0.64969665,-0.01766209,301,701,0.01949736,0.05428483,0.01996893
225,510774288,true,0,Right,0.996145,3,0.18460807,0.64222348,-0.02805806,354,693,0.04061158,0.04434037,0.01748146
225,510774288,true,0,Right,0.996145,4,0.20945427,0.62270206,-0.03963543,402,672,0.05299705,0.03329811,0.01342036
225,510774288,true,0,Right,0.996145,5,0.13763742,0.53275812,-0.00795549,264,575,0.01273562,0.00768095,0.01292679
225,510774288,true,0,Right,0.996145,6,0.16722086,0.49102676,-0.02529149,321,530,0.03095754,-0.00427163,0.00389485
225,510774288,true,0,Right,0.996145,7,0.19670433,0.47018155,-0.04047614,377,507,0.04579794,-0.01163756,-0.00086408
225,510774288,true,0,Right,0.996145,8,0.22565323,0.46053112,-0.05081609,433,497,0.06196664,-0.01609349,-0.01637214
225,510774288,true,0,Right,0.996145,9,0.12222058,0.50875992,-0.01674214,234,549,-0.00123561,-0.00372618,0.00507137
225,510774288,true,0,Right,0.996145,10,0.15873986,0.44022101,-0.03256362,304,475,0.02871661,-0.02713488,-0.00711770
225,510774288,true,0,Right,0.996145,11,0.19895868,0.42330909,-0.04626030,382,457,0.04419362,-0.03183731,-0.01936359
225,510774288,true,0,Right,0.996145,12,0.23487213,0.42633879,-0.05663113,450,460,0.06901150,-0.03454505,-0.03411537
225,510774288,true,0,Right,0.996145,13,0.10047103,0.49841371,-0.02805789,192,538,-0.00959798,-0.00784885,-0.00974548
225,510774288,true,0,Right,0.996145,14,0.14219820,0.43431681,-0.04942280,273,469,0.01589656,-0.02414155,-0.02006879
225,510774288,true,0,Right,0.996145,15,0.18431322,0.43103173,-0.06375235,353,465,0.03988413,-0.02758068,-0.03096262
225,510774288,true,0,Right,0.996145,16,0.21730992,0.43553591,-0.07295857,417,470,0.06422643,-0.02704068,-0.04531831
225,510774288,true,0,Right,0.996145,17,0.07550417,0.50181293,-0.03946299,144,541,-0.02169050,-0.00030151,-0.01876932
225,510774288,true,0,Right,0.996145,18,0.10947522,0.46680468,-0.06104041,210,504,-0.00233723,-0.01301193,-0.02527047
225,510774288,true,0,Right,0.996145,19,0.14184137,0.49320841,-0.06923118,272,532,0.01795109,-0.01033282,-0.03198433
225,510774288,true,0,Right,0.996145,20,0.16499247,0.52736533,-0.07415423,316,569,0.03413100,0.00698440,-0.03952741
226,510774362,true,0,Left,0.942275,0,0.15280952,0.64317083,0.00000012,293,694,0.00268045,0.00847670,0.06689192
226,510774362,true,0,Left,0.942275,1,0.12278109,0.66113520,-0.03381116,235,714,-0.01537708,0.01823800,0.04548019
226,510774362,true,0,Left,0.942275,2,0.10840844,0.67364597,-0.06348288,208,727,-0.01347344,0.02182236,0.03008151
226,510774362,true,0,Left,0.942275,3,0.11561400,0.71832061,-0.09064626,221,775,-0.01592487,0.03588189,-0.00182621
226,510774362,true,0,Left,0.942275,4,0.13348274,0.76319551,-0.11928967,256,824,-0.01423806,0.04808436,-0.00710230
226,510774362,true,0,Left,0.942275,5,0.11845721,0.60500723,-0.06501405,227,653,-0.01463372,0.00815004,-0.00203484
226,510774362,true,0,Left,0.942275,6,0.13719264,0.60439444,-0.09634391,263,652,-0.00857970,0.00555981,-0.00808907
226,510774362,true,0,Left,0.942275,7,0.15703328,0.63160670,-0.11717155,301,682,-0.00097245,0.00372792,-0.01419400
226,510774362,true,0,Left,0.942275,8,0.17853099,0.66239858,-0.13103852,342,715,0.02081494,0.01273627,-0.01224913
226,510774362,true,0,Left,0.942275,9,0.15540054,0.58521760,-0.06299663,298,632,-0.00607778,0.00113827,-0.00045040
226,510774362,true,0,Left,0.942275,10,0.18069181,0.58206522,-0.09296363,346,628,0.00725139,-0.01053261,-0.01846099
226,510774362,true,0,Left,0.942275,11,0.20272945,0.61889631,-0.10721138,389,668,0.02024148,-0.00079590,-0.02244018
226,510774362,true,0,Left,0.942275,12,0.22174919,0.65842962,-0.11715401,425,711,0.03206541,0.00474969,-0.01560459
226,510774362,true,0,Left,0.942275,13,0.18705064,0.57448024,-0.06256681,359,620,0.00802123,-0.00402941,0.00144164
226,510774362,true,0,Left,0.942275,14,0.21146017,0.57627380,-0.08991516,406,622,0.01746968,-0.00470951,-0.01470829
226,510774362,true,0,Left,0.942275,15,0.23111138,0.61013174,-0.09858168,443,658,0.03325418,-0.00039973,-0.01538706
226,510774362,true,0,Left,0.942275,16,0.24731594,0.64503229,-0.10251882,474,696,0.04239576,0.00519444,-0.01051475
226,510774362,true,0,Left,0.942275,17,0.21230623,0.57254112,-0.06439017,407,618,0.01936786,-0.00384132,0.00661689
226,510774362,true,0,Left,0.942275,18,0.22889471,0.57888150,-0.08229326,439,625,0.02714979,-0.00380675,0.00051190
226,510774362,true,0,Left,0.942275,19,0.24247299,0.60702360,-0.08583044,465,655,0.03794830,0.00038958,0.00256717
226,510774362,true,0,Left,0.942275,20,0.25458431,0.63673472,-0.08787761,488,687,0.04151910,0.00431183,0.00316885
227,510774422,false,-1,,,,,,,,,,,
228,510774496,false,-1,,,,,,,,,,,
229,510774564,false,-1,,,,,,,,,,,
230,510774630,false,-1,,,,,,,,,,,
231,510774680,false,-1,,,,,,,,,,,
232,510774724,false,-1,,,,,,,,,,,
233,510774758,false,-1,,,,,,,,,,,
234,510774789,false,-1,,,,,,,,,,,
